run_id,commit,host_session,ok_count,fail_count,exit_code,elapsed_s,ns_gate,ns_median7_ms,ns_paired_ratio,ns_pair1_after_ms,ns_pair2_after_ms,ns_pair3_after_ms,ns_pair4_after_ms,ns_pair5_after_ms,ns_pair6_after_ms,ns_pair7_after_ms,ns_pair_hashes_distinct,ns200,ns200_hash,ns200_live,ns200_disrupt,ns200_reserve,rules,rules_enabled_ms,rules_disabled_ms,rules_overhead_pct,elements
01,eb96d34,session-1,496,3,1,541,FAILED,11.022475,2.085786,11.022475,11.482038,9.965375,10.614150,11.862050,11.312112,9.662537,1,FAILED,3A398B489488C0F9,5387,1312,855,OK,5.146,5.409,-4.87,FAILED
02,eb96d34,session-1,496,3,1,547,FAILED,12.171613,2.086706,12.718238,12.764212,12.171613,11.217012,16.256087,10.775887,10.793275,1,FAILED,3A398B489488C0F9,5387,1312,855,OK,5.285,5.269,0.31,FAILED
03,eb96d34,session-1,496,3,1,561,FAILED,11.692975,2.258509,11.734587,11.947750,11.692975,11.201775,9.881863,11.694287,11.335525,1,FAILED,3A398B489488C0F9,5387,1312,855,OK,5.387,5.234,2.92,FAILED
04,eb96d34,session-1,496,3,1,555,FAILED,11.183600,2.020756,10.280513,11.623437,11.920988,10.274650,11.633088,10.612412,11.183600,1,FAILED,3A398B489488C0F9,5387,1312,855,OK,5.459,5.271,3.56,FAILED
05,eb96d34,session-1,495,4,1,533,FAILED,12.044950,1.913632,11.610138,11.771450,12.044950,11.854175,12.666050,12.069925,14.827950,1,FAILED,3A398B489488C0F9,5387,1312,855,FAILED,6.156,5.316,15.80,FAILED
06,eb96d34,session-1,495,3,1,528,FAILED,13.688425,2.165579,13.688425,15.467900,13.325387,13.047087,12.853850,15.373962,14.682475,1,FAILED,3A398B489488C0F9,5387,1312,855,OK,5.177,5.346,-3.17,FAILED
07,eb96d34,session-2,496,3,1,397,FAILED,8.458588,2.391443,8.825275,8.426300,8.336675,8.641737,8.458588,8.705988,7.577500,1,FAILED,3A398B489488C0F9,5387,1312,855,OK,3.593,3.568,0.70,FAILED
08,eb96d34,session-2,496,3,1,388,FAILED,8.773125,2.428696,8.773125,8.680025,7.511063,7.324312,8.925550,9.168212,15.667950,1,FAILED,3A398B489488C0F9,5387,1312,855,OK,3.594,3.518,2.16,FAILED
09,eb96d34,session-2,496,3,1,391,FAILED,8.804688,2.462565,8.679725,8.804688,9.063812,9.226675,7.569325,9.856713,8.414500,1,FAILED,3A398B489488C0F9,5387,1312,855,OK,3.493,3.325,5.07,FAILED
10,eb96d34,session-2,497,2,1,390,OK,7.520000,2.069938,6.923788,7.134650,7.171062,8.270812,9.174812,8.757262,7.520000,1,FAILED,3A398B489488C0F9,5387,1312,855,OK,3.530,3.582,-1.46,FAILED
11,eb96d34,session-2,496,3,1,389,FAILED,8.625687,2.462297,8.625687,8.706575,7.767375,7.649563,9.232925,12.393425,7.564987,1,FAILED,3A398B489488C0F9,5387,1312,855,OK,3.593,3.725,-3.54,FAILED
12,eb96d34,session-2,497,2,1,392,OK,7.254613,2.157154,7.120375,10.198575,7.190362,7.065012,7.440350,7.254613,8.022713,1,FAILED,3A398B489488C0F9,5387,1312,855,OK,3.532,3.698,-4.50,FAILED
13,eb96d34,session-2,496,3,1,397,FAILED,8.038450,2.142532,8.038450,7.594112,7.877038,8.583263,8.874063,9.050463,7.407788,1,FAILED,3A398B489488C0F9,5387,1312,855,OK,4.229,4.724,-10.47,FAILED
14,eb96d34,session-2,496,3,1,389,FAILED,8.520925,2.401262,6.971300,8.746163,8.048950,8.520925,9.006462,9.113200,8.195713,1,FAILED,3A398B489488C0F9,5387,1312,855,OK,3.567,3.596,-0.82,FAILED
15,eb96d34,session-2,496,3,1,387,FAILED,8.503588,2.367597,7.829262,7.841387,7.658787,8.503588,8.952538,10.156638,8.723612,1,FAILED,3A398B489488C0F9,5387,1312,855,OK,3.579,3.682,-2.81,FAILED
16,eb96d34,session-2,496,3,1,390,FAILED,8.345800,2.110217,6.992312,7.008100,10.397400,8.368350,13.144588,8.345800,7.119025,1,FAILED,3A398B489488C0F9,5387,1312,855,OK,3.605,3.609,-0.13,FAILED
17,eb96d34,session-2,496,3,1,388,FAILED,8.781488,2.439326,8.783912,8.448800,9.299975,7.638600,8.893862,8.655988,8.781488,1,FAILED,3A398B489488C0F9,5387,1312,855,OK,3.414,3.566,-4.26,FAILED
18,eb96d34,session-2,497,2,1,387,OK,7.613200,2.147869,7.906200,6.970813,6.960488,7.613200,9.313250,6.947100,8.253550,1,FAILED,3A398B489488C0F9,5387,1312,855,OK,3.653,3.459,5.59,FAILED
19,eb96d34,session-2,496,3,1,393,FAILED,8.637063,2.439890,8.738400,8.947962,8.587950,7.523000,8.637063,8.901813,8.287300,1,FAILED,3A398B489488C0F9,5387,1312,855,OK,3.581,3.564,0.48,FAILED
20,eb96d34,session-2,496,3,1,392,FAILED,8.727000,2.469818,8.949362,8.426500,10.912175,7.030837,9.327900,7.451100,8.727000,1,FAILED,3A398B489488C0F9,5387,1312,855,OK,3.618,3.725,-2.88,FAILED
21,eb96d34,session-2,496,3,1,391,FAILED,8.492038,2.411012,7.900263,9.137937,8.966550,8.492038,7.534912,10.511638,7.537337,1,FAILED,3A398B489488C0F9,5387,1312,855,OK,3.584,3.641,-1.56,FAILED
22,eb96d34,session-2,496,3,1,387,FAILED,8.501487,2.283203,11.780962,7.978262,8.912088,8.501487,7.691088,8.222125,8.838925,1,FAILED,3A398B489488C0F9,5387,1312,855,OK,3.648,3.592,1.57,FAILED
23,eb96d34,session-2,496,3,1,393,FAILED,8.838600,2.473820,9.065838,8.838600,9.154563,7.366900,9.906113,8.648875,7.564813,1,FAILED,3A398B489488C0F9,5387,1312,855,OK,3.797,3.658,3.79,FAILED
24,eb96d34,session-2,496,3,1,399,FAILED,8.021187,2.194370,8.412050,8.010450,8.290650,8.021187,8.824513,7.544100,7.526713,1,FAILED,3A398B489488C0F9,5387,1312,855,OK,3.507,3.859,-9.13,FAILED
25,eb96d34,session-2,497,2,1,392,OK,7.744100,2.064294,8.680850,11.946600,7.037550,7.057762,7.744100,8.810037,7.063413,1,FAILED,3A398B489488C0F9,5387,1312,855,OK,3.677,3.592,2.35,FAILED
26,eb96d34,session-2,496,3,1,390,FAILED,11.136700,2.367278,7.969600,11.124913,11.254500,11.136700,11.255150,11.738988,11.106763,1,FAILED,3A398B489488C0F9,5387,1312,855,OK,3.606,3.590,0.45,FAILED
27,eb96d34,session-2,496,3,1,388,FAILED,8.614250,2.591825,9.069413,8.620125,8.614250,8.531837,9.076913,8.500137,8.349125,1,FAILED,3A398B489488C0F9,5387,1312,855,OK,3.567,3.547,0.57,FAILED
28,eb96d34,session-2,496,3,1,391,FAILED,8.135362,2.264393,8.435762,7.648825,9.278937,8.667763,8.135362,7.437425,7.721337,1,FAILED,3A398B489488C0F9,5387,1312,855,OK,3.425,3.524,-2.81,FAILED
29,eb96d34,session-2,496,3,1,389,FAILED,8.514175,2.174166,8.514175,9.051600,7.671075,7.958988,9.041813,7.778700,8.938000,1,FAILED,3A398B489488C0F9,5387,1312,855,OK,3.737,3.665,1.95,FAILED
30,eb96d34,session-2,497,2,1,391,OK,7.981463,2.264790,7.289675,7.133600,8.446037,8.144000,7.981463,7.973250,8.907350,1,FAILED,3A398B489488C0F9,5387,1312,855,OK,3.573,3.622,-1.36,FAILED
31,eb96d34,session-2,496,3,1,389,FAILED,8.115263,2.204972,8.115263,7.443412,7.529525,8.234312,8.903275,7.578825,8.777638,1,FAILED,3A398B489488C0F9,5387,1312,855,OK,3.412,3.386,0.75,FAILED
32,eb96d34,session-2,496,3,1,391,FAILED,8.560600,2.412745,8.477825,8.529675,7.450312,8.560600,8.588237,8.735400,8.646213,1,FAILED,3A398B489488C0F9,5387,1312,855,OK,3.661,3.585,2.10,FAILED
33,eb96d34,session-2,496,3,1,390,FAILED,8.921238,2.523156,9.529512,8.723875,8.073775,8.921238,8.952813,8.573275,9.001150,1,FAILED,3A398B489488C0F9,5387,1312,855,OK,3.616,3.579,1.05,FAILED
34,eb96d34,session-2,496,3,1,387,FAILED,8.696862,2.475488,8.834525,8.824350,8.696862,8.326750,9.418625,7.428500,8.050712,1,FAILED,3A398B489488C0F9,5387,1312,855,OK,3.661,3.658,0.07,FAILED
35,eb96d34,session-2,497,2,1,392,OK,7.995938,2.124758,7.892100,7.591963,7.769425,11.144575,7.995938,8.938825,9.211612,1,FAILED,3A398B489488C0F9,5387,1312,855,OK,3.630,3.573,1.59,FAILED
36,eb96d34,session-2,496,3,1,388,FAILED,8.948600,2.542368,9.037138,8.948600,7.869962,12.049150,9.432150,7.602850,8.426875,1,FAILED,3A398B489488C0F9,5387,1312,855,OK,3.642,3.616,0.73,FAILED
37,eb96d34,session-2,496,3,1,393,FAILED,9.472188,2.524751,8.487900,8.033075,9.116388,9.472188,10.166775,9.543888,10.126838,1,FAILED,3A398B489488C0F9,5387,1312,855,OK,3.602,3.594,0.22,FAILED
38,eb96d34,session-2,496,3,1,389,FAILED,9.107038,2.332792,9.107038,8.008688,8.847962,10.883350,6.987687,12.444350,9.514700,1,FAILED,3A398B489488C0F9,5387,1312,855,OK,3.614,3.630,-0.44,FAILED
39,eb96d34,session-2,496,3,1,390,FAILED,8.794863,2.434736,9.207850,8.794863,8.319450,9.839363,9.006450,7.475288,7.483150,1,FAILED,3A398B489488C0F9,5387,1312,855,OK,3.610,3.579,0.88,FAILED
40,eb96d34,session-2,496,3,1,394,FAILED,8.388825,2.429744,8.388825,8.401825,7.708812,8.282775,8.769575,7.837125,8.758325,1,FAILED,3A398B489488C0F9,5387,1312,855,OK,3.670,3.798,-3.38,FAILED
41,eb96d34,session-2,495,4,1,390,FAILED,8.368113,2.351752,9.010150,7.621288,9.174175,8.903462,8.368113,7.947125,7.487113,1,FAILED,3A398B489488C0F9,5387,1312,855,FAILED,4.019,3.611,11.29,FAILED
42,eb96d34,session-2,496,3,1,393,FAILED,8.712912,2.451309,8.744988,8.586362,8.213150,9.501912,8.750675,8.633225,8.712912,1,FAILED,3A398B489488C0F9,5387,1312,855,OK,3.645,3.573,2.02,FAILED
43,eb96d34,session-2,496,3,1,390,FAILED,8.532900,2.347662,8.292087,8.587013,9.327850,8.532900,8.389950,8.252038,8.803138,1,FAILED,3A398B489488C0F9,5387,1312,855,OK,3.661,3.632,0.80,FAILED
44,eb96d34,session-2,496,3,1,392,FAILED,8.801338,2.351060,8.801338,8.963862,8.529488,8.868775,8.517500,7.872450,9.330312,1,FAILED,3A398B489488C0F9,5387,1312,855,OK,3.801,3.675,3.40,FAILED
45,eb96d34,session-2,496,3,1,389,FAILED,8.356750,2.132738,8.356750,9.374875,7.469012,8.788538,8.653738,7.484287,7.427550,1,FAILED,3A398B489488C0F9,5387,1312,855,OK,3.601,3.635,-0.93,FAILED
46,eb96d34,session-2,496,3,1,392,FAILED,8.680838,2.442980,8.299075,7.947575,9.105837,8.680838,8.780337,7.597650,8.784588,1,FAILED,3A398B489488C0F9,5387,1312,855,OK,3.543,3.575,-0.91,FAILED
47,eb96d34,session-2,496,3,1,393,FAILED,8.450675,2.439468,9.647300,8.475825,8.450675,7.417100,8.443925,11.939575,8.293575,1,FAILED,3A398B489488C0F9,5387,1312,855,OK,3.791,3.998,-5.19,FAILED
48,eb96d34,session-2,496,3,1,389,FAILED,8.406500,2.368944,8.639175,8.406500,9.041963,9.304863,7.357600,7.336175,7.420788,1,FAILED,3A398B489488C0F9,5387,1312,855,OK,3.561,3.631,-1.91,FAILED
49,eb96d34,session-2,496,3,1,390,FAILED,8.923125,2.312676,7.400150,7.506600,8.991088,9.482825,8.923125,10.010637,7.293000,1,FAILED,3A398B489488C0F9,5387,1312,855,OK,3.345,3.422,-2.27,FAILED
50,eb96d34,session-2,496,3,1,397,FAILED,8.569575,2.463836,9.214863,8.569575,8.199462,9.577312,8.530088,11.271425,8.442913,1,FAILED,3A398B489488C0F9,5387,1312,855,OK,3.762,3.717,1.20,FAILED
