run,step_drop,wstep,year,live,n,merges,disr_total,disr_disc,disr_ring,disr_stream,reservoirs,reservoir_mass,discs,disc_mass,disc_accreted_mass,disc_accreted_angular,disc_resid_angular,heavy_slot,heavy_phase,heavy_mass,mass_resid_rel,el0_resid_rel,el1_resid_rel,el2_resid_rel,el3_resid_rel,el4_resid_rel,el5_resid_rel,px_resid_rel,py_resid_rel,L_orbital,L_all_resid_rel,ms_per_adv,redflags
B-1002-jump1e2,0,96,0.179,5251,5251,0,0,0,0,0,0,0.000000E+000,0,0.000000E+000,0.000000E+000,0.000000E+000,0.000000E+000,5250,NeutronStar,7.000500E+001,0.000E+000,0.000E+000,0.000E+000,0.000E+000,0.000E+000,0.000E+000,0.000E+000,0.000E+000,0.000E+000,5.754424E+000,0.000E+000,0.00,
B-1002-jump1e2,100,196,0.365,4877,5251,0,374,374,0,0,0,0.000000E+000,2,1.742893E-006,4.356406E-007,-3.110685E-008,-5.048312E-023,5250,NeutronStar,7.000500E+001,-6.628E-015,0.000E+000,9.136E-015,8.635E-016,0.000E+000,7.490E-016,-2.313E-015,9.242E+001,1.270E+001,5.754449E+000,4.415E-006,10.71,
B-1002-jump1e2,200,296,0.552,4647,5251,21,583,549,0,34,0,0.000000E+000,2,2.118824E-006,8.464186E-007,-4.206785E-008,-2.046650E-022,5250,NeutronStar,7.000500E+001,-5.563E-015,0.000E+000,1.344E-014,7.196E-016,3.297E-016,1.198E-015,-4.048E-015,1.138E+002,4.279E+001,5.754242E+000,-3.161E-005,10.50,
B-1002-jump1e2,300,396,0.738,4687,5251,23,605,570,0,35,0,0.000000E+000,2,1.950356E-006,1.207195E-006,-5.946306E-008,1.597339E-023,5250,BlackHole,1.200050E+002,-6.273E-015,-1.184E-016,1.018E-014,1.007E-015,9.890E-016,2.996E-016,-2.313E-015,6.825E+001,-4.825E+001,7.799682E+000,3.554E-001,7.67,
B-1002-jump1e2,400,496,0.925,4686,5251,23,606,571,0,35,0,0.000000E+000,2,1.775381E-006,1.389214E-006,-6.890849E-008,1.597339E-023,5250,BlackHole,1.200050E+002,-6.036E-015,-1.184E-016,9.789E-015,1.439E-015,4.945E-016,8.988E-016,-2.506E-015,1.137E+002,-1.952E+001,7.799682E+000,3.554E-001,7.49,
B-1002-jump1e2-prejump,500,596,1.111,4686,5251,23,606,571,0,35,0,0.000000E+000,2,1.654034E-006,1.510560E-006,-7.503754E-008,1.597339E-023,5250,BlackHole,1.200050E+002,-5.326E-015,-1.184E-016,1.018E-014,1.151E-015,8.242E-016,1.049E-015,-2.120E-015,1.344E+001,7.060E+001,7.799683E+000,3.554E-001,7.49,
B-1002-jump1e2-postjump,500,596,101.111,4661,5251,47,607,571,0,36,1,1.428000E-002,2,1.654034E-006,1.510560E-006,-7.503754E-008,1.597339E-023,5250,BlackHole,1.200050E+002,-5.326E-015,-2.367E-016,1.031E-014,1.007E-015,8.242E-016,1.049E-015,-2.120E-015,1.648E+005,2.912E+004,6.145620E+000,6.798E-002,7.49,
B-1002-jump1e2-settle,550,646,101.204,4661,5251,47,607,571,0,36,1,1.428000E-002,2,4.955608E-007,2.669033E-006,-1.005144E-007,1.597339E-023,5250,BlackHole,1.200050E+002,-5.208E-015,-2.367E-016,1.031E-014,1.295E-015,4.945E-016,1.198E-015,-2.120E-015,1.648E+005,2.912E+004,6.145620E+000,6.798E-002,7.49,
B-1002-jump1e2-settle,600,696,101.297,4661,5251,47,607,571,0,36,1,1.428000E-002,2,4.945449E-007,2.670049E-006,-1.005350E-007,1.597339E-023,5250,BlackHole,1.200050E+002,-5.563E-015,-2.367E-016,1.031E-014,1.295E-015,9.890E-016,1.049E-015,-2.891E-015,1.648E+005,2.914E+004,6.145620E+000,6.798E-002,6.82,
B-1002-jump1e2-settle,650,746,101.391,4661,5251,47,607,571,0,36,1,1.428000E-002,2,4.935650E-007,2.671029E-006,-1.005539E-007,1.597339E-023,5250,BlackHole,1.200050E+002,-5.918E-015,-2.367E-016,1.044E-014,8.635E-016,0.000E+000,2.996E-016,-1.542E-015,1.647E+005,2.919E+004,6.145621E+000,6.798E-002,6.82,
B-1002-jump1e2-settle,700,796,101.484,4658,5251,48,609,572,0,37,2,1.428001E-002,2,4.927140E-007,2.671977E-006,-1.005713E-007,1.597339E-023,5250,BlackHole,1.200050E+002,-6.154E-015,-2.367E-016,1.018E-014,8.635E-016,6.593E-016,1.198E-015,-2.313E-015,1.647E+005,2.912E+004,6.145620E+000,6.798E-002,6.85,
B-1002-jump1e2,700,796,101.484,4658,5251,48,609,572,0,37,2,1.428001E-002,2,4.927140E-007,2.671977E-006,-1.005713E-007,1.597339E-023,5250,BlackHole,1.200050E+002,-6.154E-015,-2.367E-016,1.018E-014,8.635E-016,6.593E-016,1.198E-015,-2.313E-015,1.647E+005,2.912E+004,6.145620E+000,6.798E-002,6.85,
