run,seed,disc_on,steps,jump_years,final_live,final_discs,disc_accreted_earths,final_hash,wall_note,ok
det-1234a,1234,1,5000,,,,,7742FD98C274E6EC,,1
det-1234b,1234,1,5000,,,,,7742FD98C274E6EC,,1
C-1234,1234,0,5000,,,,CBC666FD3A9C8233,,1
A-1234,1234,1,50000,,,,F4AF4952BF014364,,1
A-1002,1002,1,50000,,,,246A1AC6F9A3C1CA,,1
A-1011,1011,1,50000,,,,E6EA8F4A92DC048E,,1
A-2001,2001,1,50000,,,,EFFA20463F3B83C5,,1
A-2002,2002,1,50000,,,,1BEC5CCBC6E364CC,,1
B-1234-jump1e2,1234,1,500+200,1e2,,,,A32C3567E4EEC7D5,,1
B-1234-jump1e4,1234,1,500+200,1e4,,,,1CE3F35E60BD8554,,1
B-1234-jump1e6,1234,1,500+200,1e6,,,,3DD489CBB163C425,,1
B-1234-jump1e8,1234,1,500+200,1e8,,,,9ACC80DA375DC37A,,1
B-1002-jump1e2,1002,1,500+200,1e2,,,,D8F6D22BCB8F027B,,1
B-1002-jump1e4,1002,1,500+200,1e4,,,,18C28F2D278BBD3C,,1
B-1002-jump1e6,1002,1,500+200,1e6,,,,3949C86513E7124B,,1
B-1002-jump1e8,1002,1,500+200,1e8,,,,F68A9920CC4D1445,,1
