step,log10_q_over_Rc_bin_lo,count
0,-1,1
0,0,2
0,0.5,8
0,1,11
0,1.5,28
0,2,42
0,2.5,95
0,3,148
0,3.5,207
0,4,186
0,4.5,221
0,5,295
0,5.5,2267
0,6,1489
50,-4.5,1
50,-3,1
50,-1.5,1
50,-0.5,2
50,0,6
50,0.5,5
50,1,13
50,1.5,15
50,2,34
50,2.5,75
50,3,137
50,3.5,281
50,4,215
50,4.5,238
50,5,845
50,5.5,1651
50,6,1485
100,-5,1
100,-0.5,2
100,0,1
100,1,8
100,1.5,11
100,2,13
100,2.5,27
100,3,120
100,3.5,355
100,4,638
100,4.5,481
100,5,538
100,5.5,846
100,6,542
150,0,2
150,0.5,6
150,1,5
150,1.5,10
150,2,21
150,2.5,36
150,3,147
150,3.5,409
150,4,448
150,4.5,480
150,5,753
150,5.5,287
200,2.5,8
200,3,72
200,3.5,310
200,4,212
200,4.5,33
200,5,4
250,3.5,71
250,4,172
250,4.5,239
250,5,443
250,5.5,1168
250,6,2720
300,3.5,3
300,4,237
300,4.5,242
300,5,445
300,5.5,1167
300,6,2720
350,3.5,72
350,4,172
350,4.5,239
350,5,443
350,5.5,1167
350,6,2720
400,3.5,70
400,4,171
400,4.5,243
400,5,442
400,5.5,1167
400,6,2720
450,3.5,11
450,4,237
450,4.5,239
450,5,440
450,5.5,1167
450,6,2720
500,3.5,73
500,4,170
500,4.5,244
500,5,440
500,5.5,1166
500,6,2721
550,3.5,73
550,4,170
550,4.5,243
550,5,440
550,5.5,1164
550,6,2723
600,3.5,6
600,4,240
600,4.5,236
600,5,439
600,5.5,1164
600,6,2723
650,3.5,72
650,4,171
650,4.5,238
650,5,439
650,5.5,1164
650,6,2723
700,3.5,74
700,4,173
700,4.5,234
700,5,438
700,5.5,1164
700,6,2723
750,3.5,68
750,4,174
750,4.5,239
750,5,438
750,5.5,1164
750,6,2723
800,3.5,74
800,4,172
800,4.5,235
800,5,438
800,5.5,1162
800,6,2725
850,3.5,72
850,4,170
850,4.5,239
850,5,438
850,5.5,1162
850,6,2725
900,3.5,69
900,4,173
900,4.5,239
900,5,438
900,5.5,1162
900,6,2725
950,3.5,72
950,4,174
950,4.5,235
950,5,438
950,5.5,1162
950,6,2725
1000,3.5,70
1000,4,172
1000,4.5,239
1000,5,438
1000,5.5,1162
1000,6,2725
1050,3.5,70
1050,4,176
1050,4.5,235
1050,5,438
1050,5.5,1162
1050,6,2725
1100,3.5,70
1100,4,170
1100,4.5,239
1100,5,438
1100,5.5,1163
1100,6,2724
1150,3.5,73
1150,4,171
1150,4.5,235
1150,5,438
1150,5.5,1163
1150,6,2724
1200,3.5,66
1200,4,174
1200,4.5,239
1200,5,438
1200,5.5,1156
1200,6,2727
1250,3.5,70
1250,4,175
1250,4.5,234
1250,5,438
1250,5.5,1153
1250,6,2729
1300,3.5,72
1300,4,169
1300,4.5,238
1300,5,438
1300,5.5,1153
1300,6,2729
1350,3.5,2
1350,4,238
1350,4.5,239
1350,5,438
1350,5.5,1154
1350,6,2728
1400,3.5,70
1400,4,174
1400,4.5,235
1400,5,438
1400,5.5,1152
1400,6,2728
1450,3.5,71
1450,4,169
1450,4.5,239
1450,5,438
1450,5.5,1152
1450,6,2728
1500,3.5,4
1500,4,240
1500,4.5,235
1500,5,437
1500,5.5,1152
1500,6,2728
1550,3.5,72
1550,4,168
1550,4.5,239
1550,5,437
1550,5.5,1152
1550,6,2728
1600,3.5,71
1600,4,173
1600,4.5,235
1600,5,436
1600,5.5,1152
1600,6,2728
1650,3.5,20
1650,4,220
1650,4.5,239
1650,5,436
1650,5.5,1152
1650,6,2728
1700,3.5,68
1700,4,172
1700,4.5,239
1700,5,436
1700,5.5,1152
1700,6,2728
1750,3.5,70
1750,4,174
1750,4.5,235
1750,5,435
1750,5.5,1152
1750,6,2728
1800,3.5,66
1800,4,174
1800,4.5,237
1800,5,435
1800,5.5,1152
1800,6,2728
1850,3.5,70
1850,4,175
1850,4.5,232
1850,5,434
1850,5.5,1152
1850,6,2728
1900,3.5,75
1900,4,166
1900,4.5,236
1900,5,434
1900,5.5,1151
1900,6,2729
1950,3.5,66
1950,4,178
1950,4.5,233
1950,5,434
1950,5.5,1151
1950,6,2729
2000,3.5,72
2000,4,168
2000,4.5,237
2000,5,434
2000,5.5,1151
2000,6,2729
3000,3.5,66
3000,4,176
3000,4.5,230
3000,5,432
3000,5.5,1153
3000,6,2717
4000,3.5,68
4000,4,174
4000,4.5,229
4000,5,428
4000,5.5,1158
4000,6,2712
5000,3.5,69
5000,4,169
5000,4.5,230
5000,5,428
5000,5.5,1152
5000,6,2715
6000,3.5,65
6000,4,171
6000,4.5,228
6000,5,428
6000,5.5,1152
6000,6,2715
7000,3.5,71
7000,4,169
7000,4.5,223
7000,5,484
7000,5.5,1151
7000,6,2714
8000,3.5,68
8000,4,172
8000,4.5,223
8000,5,484
8000,5.5,1156
8000,6,2704
9000,3.5,62
9000,4,173
9000,4.5,227
9000,5,481
9000,5.5,1151
9000,6,2707
10000,3.5,70
10000,4,165
10000,4.5,226
10000,5,476
10000,5.5,1146
10000,6,2709
11000,3.5,70
11000,4,170
11000,4.5,220
11000,5,471
11000,5.5,1147
11000,6,2706
12000,3.5,65
12000,4,174
12000,4.5,215
12000,5,470
12000,5.5,1142
12000,6,2705
13000,3.5,69
13000,4,166
13000,4.5,217
13000,5,464
13000,5.5,1139
13000,6,2705
14000,3.5,69
14000,4,166
14000,4.5,216
14000,5,459
14000,5.5,1132
14000,6,2707
15000,3.5,66
15000,4,172
15000,4.5,212
15000,5,456
15000,5.5,1131
15000,6,2705
16000,3.5,68
16000,4,170
16000,4.5,212
16000,5,452
16000,5.5,1123
16000,6,2703
17000,3.5,66
17000,4,168
17000,4.5,216
17000,5,448
17000,5.5,1121
17000,6,2703
18000,3.5,66
18000,4,168
18000,4.5,211
18000,5,446
18000,5.5,1111
18000,6,2704
19000,3.5,70
19000,4,169
19000,4.5,206
19000,5,443
19000,5.5,1107
19000,6,2697
20000,3.5,68
20000,4,170
20000,4.5,207
20000,5,501
20000,5.5,1108
20000,6,2694
21000,3.5,64
21000,4,170
21000,4.5,211
21000,5,502
21000,5.5,1101
21000,6,2695
22000,3.5,68
22000,4,167
22000,4.5,209
22000,5,436
22000,5.5,1099
22000,6,2691
23000,3.5,70
23000,4,168
23000,4.5,205
23000,5,432
23000,5.5,1095
23000,6,2691
24000,3.5,64
24000,4,170
24000,4.5,209
24000,5,429
24000,5.5,1093
24000,6,2692
25000,3.5,66
25000,4,168
25000,4.5,209
25000,5,428
25000,5.5,1089
25000,6,2689
26000,3.5,70
26000,4,164
26000,4.5,208
26000,5,424
26000,5.5,1086
26000,6,2687
27000,3.5,66
27000,4,172
27000,4.5,202
27000,5,423
27000,5.5,1082
27000,6,2681
28000,3.5,68
28000,4,166
28000,4.5,205
28000,5,418
28000,5.5,1080
28000,6,2679
29000,3.5,68
29000,4,166
29000,4.5,205
29000,5,414
29000,5.5,1076
29000,6,2676
30000,3.5,64
30000,4,170
30000,4.5,203
30000,5,414
30000,5.5,1075
30000,6,2673
31000,3.5,70
31000,4,168
31000,4.5,191
31000,5,413
31000,5.5,1072
31000,6,2672
32000,3.5,68
32000,4,166
32000,4.5,196
32000,5,408
32000,5.5,1072
32000,6,2668
33000,3.5,63
33000,4,172
33000,4.5,195
33000,5,407
33000,5.5,1070
33000,6,2668
34000,3.5,70
34000,4,164
34000,4.5,196
34000,5,404
34000,5.5,1070
34000,6,2668
35000,3.5,70
35000,4,168
35000,4.5,192
35000,5,402
35000,5.5,1059
35000,6,2670
36000,3.5,64
36000,4,171
36000,4.5,194
36000,5,397
36000,5.5,1058
36000,6,2670
37000,3.5,69
37000,4,165
37000,4.5,193
37000,5,394
37000,5.5,1056
37000,6,2666
38000,3.5,68
38000,4,166
38000,4.5,192
38000,5,391
38000,5.5,1056
38000,6,2661
39000,3.5,66
39000,4,172
39000,4.5,186
39000,5,391
39000,5.5,1046
39000,6,2666
40000,3.5,68
40000,4,166
40000,4.5,192
40000,5,389
40000,5.5,1045
40000,6,2664
41000,3.5,67
41000,4,167
41000,4.5,192
41000,5,388
41000,5.5,1041
41000,6,2661
42000,3.5,65
42000,4,169
42000,4.5,192
42000,5,322
42000,5.5,1034
42000,6,2662
43000,3.5,70
43000,4,168
43000,4.5,188
43000,5,318
43000,5.5,1031
43000,6,2656
44000,3.5,68
44000,4,167
44000,4.5,187
44000,5,318
44000,5.5,1031
44000,6,2651
45000,3.5,65
45000,4,169
45000,4.5,188
45000,5,316
45000,5.5,1025
45000,6,2652
46000,3.5,68
46000,4,170
46000,4.5,181
46000,5,315
46000,5.5,1024
46000,6,2650
47000,3.5,70
47000,4,169
47000,4.5,178
47000,5,309
47000,5.5,1017
47000,6,2653
48000,3.5,64
48000,4,170
48000,4.5,183
48000,5,307
48000,5.5,1010
48000,6,2654
49000,3.5,67
49000,4,167
49000,4.5,182
49000,5,302
49000,5.5,1012
49000,6,2649
50000,3.5,69
50000,4,169
50000,4.5,156
50000,5,300
50000,5.5,1004
50000,6,2651
51000,3.5,65
51000,4,173
51000,4.5,152
51000,5,299
51000,5.5,1002
51000,6,2652
52000,3.5,68
52000,4,166
52000,4.5,156
52000,5,298
52000,5.5,992
52000,6,2656
53000,3.5,69
53000,4,165
53000,4.5,154
53000,5,295
53000,5.5,994
53000,6,2652
54000,3.5,62
54000,4,176
54000,4.5,150
54000,5,291
54000,5.5,988
54000,6,2652
55000,3.5,70
55000,4,168
55000,4.5,150
55000,5,290
55000,5.5,987
55000,6,2653
56000,3.5,68
56000,4,166
56000,4.5,154
56000,5,287
56000,5.5,987
56000,6,2648
57000,3.5,60
57000,4,174
57000,4.5,154
57000,5,280
57000,5.5,984
57000,6,2650
58000,3.5,69
58000,4,170
58000,4.5,148
58000,5,279
58000,5.5,977
58000,6,2649
59000,3.5,70
59000,4,168
59000,4.5,149
59000,5,278
59000,5.5,976
59000,6,2648
60000,3.5,61
60000,4,173
60000,4.5,149
60000,5,278
60000,5.5,976
60000,6,2646
61000,3.5,69
61000,4,166
61000,4.5,147
61000,5,277
61000,5.5,975
61000,6,2645
62000,3.5,68
62000,4,170
62000,4.5,142
62000,5,275
62000,5.5,972
62000,6,2643
63000,3.5,63
63000,4,175
63000,4.5,142
63000,5,273
63000,5.5,969
63000,6,2641
64000,3.5,68
64000,4,166
64000,4.5,144
64000,5,269
64000,5.5,971
64000,6,2636
65000,3.5,67
65000,4,167
65000,4.5,144
65000,5,270
65000,5.5,969
65000,6,2634
66000,3.5,61
66000,4,177
66000,4.5,134
66000,5,269
66000,5.5,969
66000,6,2633
67000,3.5,70
67000,4,168
67000,4.5,134
67000,5,268
67000,5.5,966
67000,6,2630
68000,3.5,68
68000,4,166
68000,4.5,138
68000,5,265
68000,5.5,962
68000,6,2630
69000,3.5,60
69000,4,175
69000,4.5,137
69000,5,262
69000,5.5,963
69000,6,2627
70000,3.5,68
70000,4,170
70000,4.5,134
70000,5,261
70000,5.5,965
70000,6,2624
71000,3.5,70
71000,4,168
71000,4.5,134
71000,5,258
71000,5.5,958
71000,6,2624
72000,3.5,58
72000,4,177
72000,4.5,136
72000,5,257
72000,5.5,958
72000,6,2624
73000,3.5,67
73000,4,167
73000,4.5,135
73000,5,255
73000,5.5,956
73000,6,2623
74000,3.5,69
74000,4,169
74000,4.5,127
74000,5,254
74000,5.5,955
74000,6,2623
75000,3.5,60
75000,4,179
75000,4.5,126
75000,5,254
75000,5.5,955
75000,6,2620
76000,3.5,68
76000,4,166
76000,4.5,130
76000,5,252
76000,5.5,953
76000,6,2620
77000,3.5,68
77000,4,166
77000,4.5,130
77000,5,245
77000,5.5,950
77000,6,2620
78000,3.5,57
78000,4,181
78000,4.5,126
78000,5,243
78000,5.5,950
78000,6,2618
79000,3.5,69
79000,4,169
79000,4.5,126
79000,5,243
79000,5.5,948
79000,6,2616
80000,3.5,68
80000,4,166
80000,4.5,130
80000,5,241
80000,5.5,941
80000,6,2617
81000,3.5,56
81000,4,178
81000,4.5,130
81000,5,238
81000,5.5,938
81000,6,2614
82000,3.5,69
82000,4,169
82000,4.5,125
82000,5,238
82000,5.5,939
82000,6,2611
83000,3.5,69
83000,4,166
83000,4.5,127
83000,5,238
83000,5.5,939
83000,6,2610
84000,3.5,56
84000,4,178
84000,4.5,127
84000,5,235
84000,5.5,937
84000,6,2608
85000,3.5,68
85000,4,166
85000,4.5,127
85000,5,235
85000,5.5,937
85000,6,2605
86000,3.5,68
86000,4,171
86000,4.5,122
86000,5,236
86000,5.5,934
86000,6,2602
87000,3.5,57
87000,4,177
87000,4.5,127
87000,5,233
87000,5.5,934
87000,6,2601
88000,3.5,68
88000,4,166
88000,4.5,190
88000,5,232
88000,5.5,929
88000,6,2602
89000,3.5,67
89000,4,167
89000,4.5,189
89000,5,229
89000,5.5,930
89000,6,2601
90000,3.5,55
90000,4,183
90000,4.5,185
90000,5,227
90000,5.5,928
90000,6,2599
91000,3.5,69
91000,4,165
91000,4.5,189
91000,5,227
91000,5.5,925
91000,6,2599
92000,3.5,68
92000,4,166
92000,4.5,185
92000,5,230
92000,5.5,920
92000,6,2598
93000,3.5,54
93000,4,180
93000,4.5,185
93000,5,228
93000,5.5,919
93000,6,2598
94000,3.5,68
94000,4,171
94000,4.5,182
94000,5,227
94000,5.5,920
94000,6,2593
95000,3.5,69
95000,4,165
95000,4.5,185
95000,5,225
95000,5.5,919
95000,6,2594
96000,3.5,54
96000,4,180
96000,4.5,185
96000,5,224
96000,5.5,919
96000,6,2594
97000,3.5,67
97000,4,168
97000,4.5,183
97000,5,223
97000,5.5,919
97000,6,2590
98000,3.5,69
98000,4,169
98000,4.5,148
98000,5,223
98000,5.5,915
98000,6,2591
99000,3.5,55
99000,4,179
99000,4.5,152
99000,5,217
99000,5.5,917
99000,6,2587
100000,3.5,68
100000,4,167
100000,4.5,151
100000,5,215
100000,5.5,916
100000,6,2589
101000,3.5,68
101000,4,166
101000,4.5,150
101000,5,215
101000,5.5,912
101000,6,2587
102000,3.5,52
102000,4,186
102000,4.5,146
102000,5,215
102000,5.5,910
102000,6,2588
103000,3.5,69
103000,4,165
103000,4.5,150
103000,5,215
103000,5.5,909
103000,6,2586
104000,3.5,68
104000,4,166
104000,4.5,149
104000,5,214
104000,5.5,908
104000,6,2585
105000,3.5,51
105000,4,187
105000,4.5,145
105000,5,213
105000,5.5,905
105000,6,2583
106000,3.5,69
106000,4,169
106000,4.5,145
106000,5,213
106000,5.5,904
106000,6,2583
107000,3.5,69
107000,4,165
107000,4.5,149
107000,5,212
107000,5.5,901
107000,6,2580
108000,3.5,52
108000,4,183
108000,4.5,149
108000,5,207
108000,5.5,902
108000,6,2577
109000,3.5,68
109000,4,170
109000,4.5,145
109000,5,207
109000,5.5,900
109000,6,2571
110000,3.5,68
110000,4,170
110000,4.5,145
110000,5,205
110000,5.5,894
110000,6,2573
111000,3.5,53
111000,4,182
111000,4.5,150
111000,5,263
111000,5.5,889
111000,6,2569
112000,3.5,68
112000,4,166
112000,4.5,151
112000,5,261
112000,5.5,887
112000,6,2569
113000,3.5,67
113000,4,171
113000,4.5,143
113000,5,260
113000,5.5,887
113000,6,2567
114000,3.5,53
114000,4,185
114000,4.5,141
114000,5,260
114000,5.5,885
114000,6,2563
115000,3.5,69
115000,4,165
115000,4.5,145
115000,5,259
115000,5.5,881
115000,6,2565
116000,3.5,68
116000,4,166
116000,4.5,208
116000,5,257
116000,5.5,883
116000,6,2562
117000,3.5,52
117000,4,186
117000,4.5,174
117000,5,254
117000,5.5,880
117000,6,2563
118000,3.5,68
118000,4,170
118000,4.5,170
118000,5,317
118000,5.5,880
118000,6,2560
119000,3.5,69
119000,4,165
119000,4.5,174
119000,5,315
119000,5.5,878
119000,6,2561
120000,3.5,52
120000,4,182
120000,4.5,174
120000,5,315
120000,5.5,877
120000,6,2560
121000,3.5,67
121000,4,171
121000,4.5,170
121000,5,314
121000,5.5,873
121000,6,2560
122000,3.5,69
122000,4,170
122000,4.5,171
122000,5,309
122000,5.5,873
122000,6,2556
123000,3.5,50
123000,4,184
123000,4.5,176
123000,5,309
123000,5.5,871
123000,6,2555
124000,3.5,68
124000,4,166
124000,4.5,175
124000,5,310
124000,5.5,864
124000,6,2554
125000,3.5,68
125000,4,171
125000,4.5,168
125000,5,308
125000,5.5,865
125000,6,2551
126000,3.5,48
126000,4,190
126000,4.5,167
126000,5,310
126000,5.5,862
126000,6,2550
127000,3.5,70
127000,4,164
127000,4.5,171
127000,5,307
127000,5.5,864
127000,6,2547
128000,3.5,68
128000,4,166
128000,4.5,171
128000,5,305
128000,5.5,858
128000,6,2548
129000,3.5,47
129000,4,191
129000,4.5,167
129000,5,302
129000,5.5,858
129000,6,2546
130000,3.5,69
130000,4,169
130000,4.5,167
130000,5,301
130000,5.5,855
130000,6,2546
131000,3.5,69
131000,4,165
131000,4.5,235
131000,5,237
131000,5.5,853
131000,6,2544
132000,3.5,47
132000,4,187
132000,4.5,234
132000,5,237
132000,5.5,854
132000,6,2542
133000,3.5,68
133000,4,171
133000,4.5,229
133000,5,235
133000,5.5,850
133000,6,2545
134000,3.5,68
134000,4,170
134000,4.5,230
134000,5,236
134000,5.5,847
134000,6,2546
135000,3.5,49
135000,4,185
135000,4.5,234
135000,5,234
135000,5.5,845
135000,6,2542
136000,3.5,68
136000,4,167
136000,4.5,233
136000,5,232
136000,5.5,842
136000,6,2542
137000,3.5,67
137000,4,171
137000,4.5,230
137000,5,232
137000,5.5,841
137000,6,2540
138000,3.5,48
138000,4,190
138000,4.5,230
138000,5,229
138000,5.5,840
138000,6,2541
139000,3.5,69
139000,4,165
139000,4.5,234
139000,5,231
139000,5.5,837
139000,6,2536
140000,3.5,68
140000,4,166
140000,4.5,234
140000,5,229
140000,5.5,832
140000,6,2535
141000,3.5,47
141000,4,191
141000,4.5,232
141000,5,228
141000,5.5,829
141000,6,2533
142000,3.5,68
142000,4,166
142000,4.5,236
142000,5,228
142000,5.5,827
142000,6,2531
143000,3.5,70
143000,4,164
143000,4.5,236
143000,5,227
143000,5.5,824
143000,6,2528
144000,3.5,46
144000,4,188
144000,4.5,236
144000,5,226
144000,5.5,825
144000,6,2527
145000,3.5,67
145000,4,171
145000,4.5,232
145000,5,226
145000,5.5,823
145000,6,2527
146000,3.5,69
146000,4,165
146000,4.5,236
146000,5,227
146000,5.5,820
146000,6,2526
147000,3.5,47
147000,4,188
147000,4.5,234
147000,5,224
147000,5.5,820
147000,6,2525
148000,3.5,68
148000,4,166
148000,4.5,235
148000,5,223
148000,5.5,819
148000,6,2525
149000,3.5,68
149000,4,170
149000,4.5,231
149000,5,221
149000,5.5,817
149000,6,2524
150000,3.5,45
150000,4,190
150000,4.5,234
150000,5,223
150000,5.5,819
150000,6,2520
151000,3.5,70
151000,4,164
151000,4.5,235
151000,5,222
151000,5.5,816
151000,6,2521
152000,3.5,69
152000,4,165
152000,4.5,235
152000,5,221
152000,5.5,814
152000,6,2520
153000,3.5,42
153000,4,196
153000,4.5,231
153000,5,221
153000,5.5,807
153000,6,2523
154000,3.5,69
154000,4,165
154000,4.5,235
154000,5,221
154000,5.5,805
154000,6,2519
155000,3.5,69
155000,4,165
155000,4.5,235
155000,5,219
155000,5.5,803
155000,6,2518
156000,3.5,43
156000,4,191
156000,4.5,235
156000,5,217
156000,5.5,808
156000,6,2510
157000,3.5,68
157000,4,170
157000,4.5,231
157000,5,215
157000,5.5,803
157000,6,2515
158000,3.5,68
158000,4,167
158000,4.5,233
158000,5,215
158000,5.5,799
158000,6,2512
159000,3.5,45
159000,4,189
159000,4.5,234
159000,5,215
159000,5.5,798
159000,6,2513
160000,3.5,69
160000,4,165
160000,4.5,234
160000,5,215
160000,5.5,796
160000,6,2509
161000,3.5,67
161000,4,172
161000,4.5,228
161000,5,214
161000,5.5,793
161000,6,2512
162000,3.5,44
162000,4,190
162000,4.5,233
162000,5,213
162000,5.5,790
162000,6,2512
163000,3.5,69
163000,4,165
163000,4.5,233
163000,5,213
163000,5.5,788
163000,6,2513
164000,3.5,69
164000,4,169
164000,4.5,229
164000,5,212
164000,5.5,793
164000,6,2509
165000,3.5,42
165000,4,228
165000,4.5,197
165000,5,210
165000,5.5,791
165000,6,2509
166000,3.5,68
166000,4,166
166000,4.5,1165
166000,5,211
166000,5.5,786
166000,6,2510
167000,3.5,70
167000,4,164
167000,4.5,1165
167000,5,210
167000,5.5,787
167000,6,2509
168000,3.5,43
168000,4,195
168000,4.5,1161
168000,5,210
168000,5.5,786
168000,6,2510
169000,3.5,67
169000,4,171
169000,4.5,1161
169000,5,209
169000,5.5,784
169000,6,2507
170000,3.5,69
170000,4,165
170000,4.5,1165
170000,5,208
170000,5.5,781
170000,6,2504
171000,3.5,42
171000,4,192
171000,4.5,1165
171000,5,208
171000,5.5,780
171000,6,2501
172000,3.5,69
172000,4,170
172000,4.5,1160
172000,5,208
172000,5.5,778
172000,6,2500
173000,3.5,68
173000,4,170
173000,4.5,1160
173000,5,206
173000,5.5,774
173000,6,2498
174000,3.5,41
174000,4,193
174000,4.5,1164
174000,5,206
174000,5.5,773
174000,6,2498
175000,3.5,70
175000,4,165
175000,4.5,1163
175000,5,206
175000,5.5,772
175000,6,2497
176000,3.5,69
176000,4,169
176000,4.5,1160
176000,5,205
176000,5.5,769
176000,6,2500
177000,3.5,39
177000,4,199
177000,4.5,1160
177000,5,206
177000,5.5,769
177000,6,2496
178000,3.5,68
178000,4,166
178000,4.5,1164
178000,5,206
178000,5.5,769
178000,6,2494
179000,3.5,69
179000,4,165
179000,4.5,1164
179000,5,205
179000,5.5,769
179000,6,2493
180000,3.5,41
180000,4,197
180000,4.5,1160
180000,5,204
180000,5.5,768
180000,6,2493
181000,3.5,68
181000,4,170
181000,4.5,1160
181000,5,204
181000,5.5,767
181000,6,2492
182000,3.5,67
182000,4,167
182000,4.5,1164
182000,5,201
182000,5.5,767
182000,6,2492
183000,3.5,42
183000,4,193
183000,4.5,1163
183000,5,201
183000,5.5,765
183000,6,2491
184000,3.5,69
184000,4,169
184000,4.5,1160
184000,5,200
184000,5.5,766
184000,6,2488
185000,3.5,67
185000,4,171
185000,4.5,1128
185000,5,200
185000,5.5,765
185000,6,2488
186000,3.5,40
186000,4,195
186000,4.5,1131
186000,5,202
186000,5.5,760
186000,6,2489
187000,3.5,69
187000,4,165
187000,4.5,1132
187000,5,202
187000,5.5,755
187000,6,2493
188000,3.5,69
188000,4,169
188000,4.5,1127
188000,5,202
188000,5.5,754
188000,6,2490
189000,3.5,40
189000,4,199
189000,4.5,1126
189000,5,201
189000,5.5,751
189000,6,2492
190000,3.5,67
190000,4,167
190000,4.5,1131
190000,5,201
190000,5.5,749
190000,6,2490
191000,3.5,70
191000,4,164
191000,4.5,1131
191000,5,194
191000,5.5,752
191000,6,2486
192000,3.5,39
192000,4,199
192000,4.5,1127
192000,5,194
192000,5.5,751
192000,6,2486
193000,3.5,67
193000,4,171
193000,4.5,1127
193000,5,187
193000,5.5,750
193000,6,2487
194000,3.5,68
194000,4,166
194000,4.5,1131
194000,5,188
194000,5.5,750
194000,6,2484
195000,3.5,38
195000,4,196
195000,4.5,1131
195000,5,187
195000,5.5,751
195000,6,2483
196000,3.5,69
196000,4,169
196000,4.5,1127
196000,5,188
196000,5.5,744
196000,6,2485
197000,3.5,68
197000,4,171
197000,4.5,1126
197000,5,189
197000,5.5,744
197000,6,2483
198000,3.5,37
198000,4,197
198000,4.5,1131
198000,5,189
198000,5.5,743
198000,6,2481
199000,3.5,70
199000,4,164
199000,4.5,1131
199000,5,186
199000,5.5,741
199000,6,2481
200000,3.5,69
200000,4,170
200000,4.5,1126
200000,5,186
200000,5.5,738
200000,6,2481
201000,3.5,35
201000,4,199
201000,4.5,1130
201000,5,186
201000,5.5,740
201000,6,2473
202000,3.5,67
202000,4,167
202000,4.5,1130
202000,5,185
202000,5.5,741
202000,6,2468
203000,3.5,69
203000,4,165
203000,4.5,1130
203000,5,185
203000,5.5,739
203000,6,2467
204000,3.5,37
204000,4,201
204000,4.5,1126
204000,5,183
204000,5.5,738
204000,6,2468
205000,3.5,68
205000,4,166
205000,4.5,1129
205000,5,181
205000,5.5,741
205000,6,2466
206000,3.5,67
206000,4,167
206000,4.5,1129
206000,5,181
206000,5.5,741
206000,6,2465
207000,3.5,38
207000,4,196
207000,4.5,1129
207000,5,183
207000,5.5,741
207000,6,2458
208000,3.5,69
208000,4,170
208000,4.5,1124
208000,5,181
208000,5.5,743
208000,6,2454
209000,3.5,67
209000,4,167
209000,4.5,1129
209000,5,182
209000,5.5,739
209000,6,2456
210000,3.5,35
210000,4,199
210000,4.5,1129
210000,5,179
210000,5.5,737
210000,6,2457
211000,3.5,69
211000,4,166
211000,4.5,1128
211000,5,180
211000,5.5,737
211000,6,2452
212000,3.5,69
212000,4,169
212000,4.5,1125
212000,5,180
212000,5.5,735
212000,6,2452
213000,3.5,36
213000,4,198
213000,4.5,1129
213000,5,179
213000,5.5,736
213000,6,2447
214000,3.5,67
214000,4,168
214000,4.5,1128
214000,5,178
214000,5.5,733
214000,6,2449
215000,3.5,70
215000,4,164
215000,4.5,1129
215000,5,179
215000,5.5,731
215000,6,2444
216000,3.5,37
216000,4,201
216000,4.5,1125
216000,5,178
216000,5.5,730
216000,6,2443
217000,3.5,67
217000,4,167
217000,4.5,1129
217000,5,178
217000,5.5,726
217000,6,2444
218000,3.5,67
218000,4,167
218000,4.5,1129
218000,5,179
218000,5.5,723
218000,6,2441
219000,3.5,37
219000,4,199
219000,4.5,1127
219000,5,178
219000,5.5,722
219000,6,2440
220000,3.5,69
220000,4,169
220000,4.5,1125
220000,5,176
220000,5.5,722
220000,6,2437
221000,3.5,68
221000,4,166
221000,4.5,1129
221000,5,175
221000,5.5,723
221000,6,2435
222000,3.5,35
222000,4,200
222000,4.5,1128
222000,5,177
222000,5.5,722
222000,6,2431
223000,3.5,70
223000,4,168
223000,4.5,1125
223000,5,176
223000,5.5,719
223000,6,2430
224000,3.5,69
224000,4,169
224000,4.5,1125
224000,5,176
224000,5.5,717
224000,6,2428
225000,3.5,35
225000,4,200
225000,4.5,1128
225000,5,174
225000,5.5,718
225000,6,2425
226000,3.5,67
226000,4,167
226000,4.5,1129
226000,5,176
226000,5.5,715
226000,6,2425
227000,3.5,69
227000,4,169
227000,4.5,1125
227000,5,173
227000,5.5,714
227000,6,2426
228000,3.5,37
228000,4,201
228000,4.5,1125
228000,5,173
228000,5.5,712
228000,6,2424
229000,3.5,68
229000,4,166
229000,4.5,1129
229000,5,173
229000,5.5,712
229000,6,2423
230000,3.5,67
230000,4,167
230000,4.5,1129
230000,5,174
230000,5.5,713
230000,6,2419
231000,3.5,38
231000,4,200
231000,4.5,1125
231000,5,174
231000,5.5,714
231000,6,2418
232000,3.5,69
232000,4,169
232000,4.5,1125
232000,5,175
232000,5.5,708
232000,6,2417
233000,3.5,67
233000,4,167
233000,4.5,1128
233000,5,175
233000,5.5,707
233000,6,2415
234000,3.5,35
234000,4,199
234000,4.5,1128
234000,5,174
234000,5.5,707
234000,6,2415
235000,3.5,69
235000,4,169
235000,4.5,1124
235000,5,174
235000,5.5,707
235000,6,2413
236000,3.5,69
236000,4,170
236000,4.5,1123
236000,5,174
236000,5.5,709
236000,6,2411
237000,3.5,36
237000,4,198
237000,4.5,1128
237000,5,175
237000,5.5,705
237000,6,2410
238000,3.5,67
238000,4,167
238000,4.5,1128
238000,5,172
238000,5.5,705
238000,6,2411
239000,3.5,70
239000,4,169
239000,4.5,1121
239000,5,172
239000,5.5,704
239000,6,2410
240000,3.5,38
240000,4,200
240000,4.5,1121
240000,5,172
240000,5.5,704
240000,6,2406
241000,3.5,67
241000,4,167
241000,4.5,1125
241000,5,174
241000,5.5,701
241000,6,2407
242000,3.5,67
242000,4,167
242000,4.5,1125
242000,5,173
242000,5.5,700
242000,6,2407
243000,3.5,36
243000,4,202
243000,4.5,1121
243000,5,173
243000,5.5,699
243000,6,2404
244000,3.5,69
244000,4,169
244000,4.5,1121
244000,5,172
244000,5.5,699
244000,6,2402
245000,3.5,68
245000,4,166
245000,4.5,1124
245000,5,170
245000,5.5,702
245000,6,2398
246000,3.5,34
246000,4,200
246000,4.5,1124
246000,5,170
246000,5.5,701
246000,6,2398
247000,3.5,70
247000,4,169
247000,4.5,1119
247000,5,169
247000,5.5,702
247000,6,2393
248000,3.5,69
248000,4,169
248000,4.5,1119
248000,5,169
248000,5.5,702
248000,6,2391
249000,3.5,34
249000,4,200
249000,4.5,1123
249000,5,167
249000,5.5,697
249000,6,2391
250000,3.5,67
250000,4,168
250000,4.5,1122
250000,5,165
250000,5.5,698
250000,6,2390
251000,3.5,69
251000,4,169
251000,4.5,1119
251000,5,166
251000,5.5,698
251000,6,2388
252000,3.5,35
252000,4,203
252000,4.5,1119
252000,5,166
252000,5.5,697
252000,6,2387
253000,3.5,68
253000,4,166
253000,4.5,1122
253000,5,167
253000,5.5,696
253000,6,2385
254000,3.5,67
254000,4,167
254000,4.5,1122
254000,5,168
254000,5.5,694
254000,6,2384
255000,3.5,35
255000,4,203
255000,4.5,1118
255000,5,168
255000,5.5,692
255000,6,2383
256000,3.5,69
256000,4,167
256000,4.5,1120
256000,5,166
256000,5.5,693
256000,6,2379
257000,3.5,67
257000,4,167
257000,4.5,1122
257000,5,230
257000,5.5,690
257000,6,2379
258000,3.5,32
258000,4,202
258000,4.5,1122
258000,5,230
258000,5.5,687
258000,6,2379
259000,3.5,69
259000,4,169
259000,4.5,1118
259000,5,230
259000,5.5,688
259000,6,2377
260000,3.5,70
260000,4,166
260000,4.5,1120
260000,5,231
260000,5.5,688
260000,6,2374
261000,3.5,34
261000,4,201
261000,4.5,1121
261000,5,231
261000,5.5,687
261000,6,2375
262000,3.5,67
262000,4,167
262000,4.5,1122
262000,5,232
262000,5.5,688
262000,6,2371
263000,3.5,70
263000,4,168
263000,4.5,1117
263000,5,232
263000,5.5,687
263000,6,2371
264000,3.5,34
264000,4,201
264000,4.5,1120
264000,5,232
264000,5.5,687
264000,6,2365
265000,3.5,67
265000,4,167
265000,4.5,1121
265000,5,232
265000,5.5,687
265000,6,2364
266000,3.5,67
266000,4,167
266000,4.5,1121
266000,5,231
266000,5.5,687
266000,6,2362
267000,3.5,34
267000,4,204
267000,4.5,1117
267000,5,230
267000,5.5,685
267000,6,2362
268000,3.5,70
268000,4,164
268000,4.5,1121
268000,5,229
268000,5.5,685
268000,6,2361
269000,3.5,68
269000,4,166
269000,4.5,1121
269000,5,229
269000,5.5,686
269000,6,2358
270000,3.5,32
270000,4,202
270000,4.5,1121
270000,5,229
270000,5.5,685
270000,6,2356
271000,3.5,70
271000,4,168
271000,4.5,1118
271000,5,227
271000,5.5,683
271000,6,2356
272000,3.5,69
272000,4,166
272000,4.5,1184
272000,5,227
272000,5.5,683
272000,6,2353
273000,3.5,34
273000,4,200
273000,4.5,1185
273000,5,227
273000,5.5,682
273000,6,2352
274000,3.5,67
274000,4,167
274000,4.5,1185
274000,5,226
274000,5.5,681
274000,6,2354
275000,3.5,69
275000,4,170
275000,4.5,1180
275000,5,226
275000,5.5,680
275000,6,2354
276000,3.5,37
276000,4,197
276000,4.5,1185
276000,5,226
276000,5.5,678
276000,6,2355
277000,3.5,68
277000,4,166
277000,4.5,1185
277000,5,228
277000,5.5,673
277000,6,2355
278000,3.5,67
278000,4,169
278000,4.5,1183
278000,5,227
278000,5.5,673
278000,6,2355
279000,3.5,37
279000,4,201
279000,4.5,1180
279000,5,228
279000,5.5,670
279000,6,2354
280000,3.5,69
280000,4,165
280000,4.5,1184
280000,5,227
280000,5.5,670
280000,6,2354
281000,3.5,67
281000,4,167
281000,4.5,1184
281000,5,227
281000,5.5,669
281000,6,2352
282000,3.5,35
282000,4,201
282000,4.5,1307
282000,5,228
282000,5.5,667
282000,6,2353
283000,3.5,69
283000,4,169
283000,4.5,1305
283000,5,228
283000,5.5,670
283000,6,2348
284000,3.5,70
284000,4,164
284000,4.5,1373
284000,5,164
284000,5.5,668
284000,6,2349
285000,3.5,36
285000,4,198
285000,4.5,1373
285000,5,162
285000,5.5,665
285000,6,2347
286000,3.5,67
286000,4,172
286000,4.5,1368
286000,5,162
286000,5.5,665
286000,6,2347
287000,3.5,70
287000,4,168
287000,4.5,1369
287000,5,161
287000,5.5,665
287000,6,2345
288000,3.5,38
288000,4,196
288000,4.5,1523
288000,5,161
288000,5.5,662
288000,6,2342
289000,3.5,67
289000,4,168
289000,4.5,1522
289000,5,161
289000,5.5,661
289000,6,2341
290000,3.5,67
290000,4,171
290000,4.5,1553
290000,5,129
290000,5.5,660
290000,6,2340
291000,3.5,36
291000,4,202
291000,4.5,1555
291000,5,127
291000,5.5,660
291000,6,2339
292000,3.5,70
292000,4,164
292000,4.5,1559
292000,5,95
292000,5.5,665
292000,6,2334
293000,3.5,68
293000,4,166
293000,4.5,1559
293000,5,95
293000,5.5,661
293000,6,2336
294000,3.5,34
294000,4,204
294000,4.5,1523
294000,5,127
294000,5.5,662
294000,6,2334
295000,3.5,70
295000,4,168
295000,4.5,1554
295000,5,95
295000,5.5,660
295000,6,2333
296000,3.5,70
296000,4,164
296000,4.5,1526
296000,5,95
296000,5.5,658
296000,6,2331
297000,3.5,33
297000,4,202
297000,4.5,1525
297000,5,95
297000,5.5,656
297000,6,2330
298000,3.5,67
298000,4,171
298000,4.5,1522
298000,5,94
298000,5.5,653
298000,6,2329
299000,3.5,69
299000,4,169
299000,4.5,1522
299000,5,95
299000,5.5,653
299000,6,2328
300000,3.5,36
300000,4,199
300000,4.5,1525
300000,5,95
300000,5.5,652
300000,6,2329
301000,3.5,68
301000,4,166
301000,4.5,1526
301000,5,95
301000,5.5,652
301000,6,2327
302000,3.5,67
302000,4,171
302000,4.5,1522
302000,5,95
302000,5.5,652
302000,6,2326
303000,3.5,36
303000,4,203
303000,4.5,1520
303000,5,97
303000,5.5,651
303000,6,2326
304000,3.5,70
304000,4,164
304000,4.5,1526
304000,5,96
304000,5.5,650
304000,6,2325
305000,3.5,67
305000,4,167
305000,4.5,1526
305000,5,95
305000,5.5,649
305000,6,2325
306000,3.5,33
306000,4,205
306000,4.5,1522
306000,5,94
306000,5.5,647
306000,6,2326
307000,3.5,69
307000,4,169
307000,4.5,1522
307000,5,93
307000,5.5,645
307000,6,2326
308000,3.5,70
308000,4,164
308000,4.5,1526
308000,5,93
308000,5.5,643
308000,6,2325
309000,3.5,34
309000,4,200
309000,4.5,1526
309000,5,93
309000,5.5,642
309000,6,2322
310000,3.5,67
310000,4,171
310000,4.5,1522
310000,5,92
310000,5.5,641
310000,6,2321
311000,3.5,70
311000,4,169
311000,4.5,1521
311000,5,93
311000,5.5,640
311000,6,2318
312000,3.5,36
312000,4,198
312000,4.5,1526
312000,5,91
312000,5.5,637
312000,6,2319
313000,3.5,67
313000,4,167
313000,4.5,1526
313000,5,91
313000,5.5,637
313000,6,2317
314000,3.5,67
314000,4,172
314000,4.5,1521
314000,5,91
314000,5.5,635
314000,6,2316
315000,3.5,37
315000,4,199
315000,4.5,1306
315000,5,90
315000,5.5,637
315000,6,2314
316000,3.5,70
316000,4,164
316000,4.5,1308
316000,5,90
316000,5.5,640
316000,6,2309
317000,3.5,68
317000,4,166
317000,4.5,1308
317000,5,92
317000,5.5,638
317000,6,2308
318000,3.5,34
318000,4,204
318000,4.5,1304
318000,5,92
318000,5.5,637
318000,6,2307
319000,3.5,70
319000,4,166
319000,4.5,1306
319000,5,91
319000,5.5,634
319000,6,2308
320000,3.5,70
320000,4,164
320000,4.5,1307
320000,5,93
320000,5.5,634
320000,6,2307
321000,3.5,34
321000,4,200
321000,4.5,1308
321000,5,92
321000,5.5,635
321000,6,2305
322000,3.5,67
322000,4,172
322000,4.5,1239
322000,5,90
322000,5.5,633
322000,6,2306
323000,3.5,69
323000,4,165
323000,4.5,1244
323000,5,90
323000,5.5,634
323000,6,2305
324000,3.5,37
324000,4,197
324000,4.5,1244
324000,5,92
324000,5.5,633
324000,6,2299
325000,3.5,68
325000,4,167
325000,4.5,1243
325000,5,92
325000,5.5,630
325000,6,2301
326000,3.5,67
326000,4,171
326000,4.5,1240
326000,5,93
326000,5.5,631
326000,6,2298
327000,3.5,36
327000,4,198
327000,4.5,1244
327000,5,92
327000,5.5,630
327000,6,2297
328000,3.5,70
328000,4,165
328000,4.5,1243
328000,5,92
328000,5.5,629
328000,6,2295
329000,3.5,67
329000,4,167
329000,4.5,1244
329000,5,92
329000,5.5,627
329000,6,2295
330000,3.5,34
330000,4,204
330000,4.5,1240
330000,5,93
330000,5.5,625
330000,6,2294
331000,3.5,69
331000,4,165
331000,4.5,1244
331000,5,91
331000,5.5,626
331000,6,2289
332000,3.5,70
332000,4,164
332000,4.5,1244
332000,5,91
332000,5.5,626
332000,6,2287
333000,3.5,35
333000,4,199
333000,4.5,1244
333000,5,90
333000,5.5,624
333000,6,2289
334000,3.5,67
334000,4,171
334000,4.5,1240
334000,5,90
334000,5.5,626
334000,6,2287
335000,3.5,69
335000,4,165
335000,4.5,1244
335000,5,90
335000,5.5,626
335000,6,2285
336000,3.5,37
336000,4,198
336000,4.5,1243
336000,5,90
336000,5.5,623
336000,6,2283
337000,3.5,67
337000,4,169
337000,4.5,1242
337000,5,89
337000,5.5,623
337000,6,2283
338000,3.5,67
338000,4,171
338000,4.5,1240
338000,5,88
338000,5.5,624
338000,6,2283
339000,3.5,36
339000,4,199
339000,4.5,1243
339000,5,87
339000,5.5,622
339000,6,2283
340000,3.5,70
340000,4,164
340000,4.5,1244
340000,5,87
340000,5.5,622
340000,6,2281
341000,3.5,68
341000,4,168
341000,4.5,1242
341000,5,87
341000,5.5,622
341000,6,2279
342000,3.5,33
342000,4,205
342000,4.5,1240
342000,5,87
342000,5.5,620
342000,6,2281
343000,3.5,69
343000,4,165
343000,4.5,1244
343000,5,87
343000,5.5,621
343000,6,2278
344000,3.5,70
344000,4,164
344000,4.5,1244
344000,5,86
344000,5.5,618
344000,6,2276
345000,3.5,34
345000,4,204
345000,4.5,1240
345000,5,87
345000,5.5,616
345000,6,2275
346000,3.5,67
346000,4,171
346000,4.5,1240
346000,5,87
346000,5.5,615
346000,6,2276
347000,3.5,69
347000,4,165
347000,4.5,1244
347000,5,88
347000,5.5,617
347000,6,2271
348000,3.5,38
348000,4,196
348000,4.5,1180
348000,5,88
348000,5.5,617
348000,6,2270
349000,3.5,68
349000,4,170
349000,4.5,1176
349000,5,87
349000,5.5,616
349000,6,2269
350000,3.5,67
350000,4,172
350000,4.5,1175
350000,5,87
350000,5.5,616
350000,6,2269
351000,3.5,38
351000,4,196
351000,4.5,1180
351000,5,87
351000,5.5,618
351000,6,2267
352000,3.5,70
352000,4,164
352000,4.5,1179
352000,5,87
352000,5.5,617
352000,6,2266
353000,3.5,67
353000,4,172
353000,4.5,1175
353000,5,86
353000,5.5,616
353000,6,2266
354000,3.5,36
354000,4,202
354000,4.5,1176
354000,5,85
354000,5.5,617
354000,6,2264
355000,3.5,69
355000,4,165
355000,4.5,1180
355000,5,85
355000,5.5,618
355000,6,2261
356000,3.5,70
356000,4,164
356000,4.5,1180
356000,5,85
356000,5.5,617
356000,6,2261
357000,3.5,37
357000,4,201
357000,4.5,1176
357000,5,86
357000,5.5,615
357000,6,2262
358000,3.5,67
358000,4,171
358000,4.5,1176
358000,5,85
358000,5.5,612
358000,6,2261
359000,3.5,69
359000,4,165
359000,4.5,1180
359000,5,85
359000,5.5,610
359000,6,2260
360000,3.5,38
360000,4,196
360000,4.5,1181
360000,5,86
360000,5.5,610
360000,6,2258
361000,3.5,67
361000,4,172
361000,4.5,1176
361000,5,86
361000,5.5,609
361000,6,2259
362000,3.5,67
362000,4,171
362000,4.5,1177
362000,5,86
362000,5.5,609
362000,6,2257
363000,3.5,38
363000,4,196
363000,4.5,1181
363000,5,86
363000,5.5,608
363000,6,2258
364000,3.5,70
364000,4,165
364000,4.5,1148
364000,5,86
364000,5.5,606
364000,6,2257
365000,3.5,68
365000,4,170
365000,4.5,1177
365000,5,86
365000,5.5,605
365000,6,2257
366000,3.5,35
366000,4,203
366000,4.5,1177
366000,5,86
366000,5.5,605
366000,6,2257
367000,3.5,69
367000,4,165
367000,4.5,1181
367000,5,86
367000,5.5,605
367000,6,2257
368000,3.5,70
368000,4,164
368000,4.5,1180
368000,5,87
368000,5.5,606
368000,6,2256
369000,3.5,35
369000,4,203
369000,4.5,1177
369000,5,86
369000,5.5,605
369000,6,2255
370000,3.5,67
370000,4,171
370000,4.5,1177
370000,5,85
370000,5.5,606
370000,6,2253
371000,3.5,69
371000,4,165
371000,4.5,1181
371000,5,85
371000,5.5,605
371000,6,2253
372000,3.5,38
372000,4,196
372000,4.5,1181
372000,5,86
372000,5.5,603
372000,6,2252
373000,3.5,68
373000,4,170
373000,4.5,1177
373000,5,87
373000,5.5,603
373000,6,2251
374000,3.5,67
374000,4,169
374000,4.5,1179
374000,5,87
374000,5.5,603
374000,6,2249
375000,3.5,39
375000,4,196
375000,4.5,1180
375000,5,87
375000,5.5,604
375000,6,2248
376000,3.5,70
376000,4,164
376000,4.5,1181
376000,5,88
376000,5.5,602
376000,6,2249
377000,3.5,67
377000,4,171
377000,4.5,1177
377000,5,88
377000,5.5,603
377000,6,2245
378000,3.5,37
378000,4,200
378000,4.5,1178
378000,5,87
378000,5.5,604
378000,6,2243
379000,3.5,69
379000,4,165
379000,4.5,1181
379000,5,88
379000,5.5,602
379000,6,2243
380000,3.5,70
380000,4,164
380000,4.5,1181
380000,5,88
380000,5.5,602
380000,6,2240
381000,3.5,38
381000,4,200
381000,4.5,1177
381000,5,88
381000,5.5,601
381000,6,2238
382000,3.5,67
382000,4,167
382000,4.5,1181
382000,5,89
382000,5.5,601
382000,6,2237
383000,3.5,69
383000,4,165
383000,4.5,1181
383000,5,87
383000,5.5,604
383000,6,2236
384000,3.5,40
384000,4,194
384000,4.5,1181
384000,5,86
384000,5.5,603
384000,6,2237
385000,3.5,68
385000,4,170
385000,4.5,1177
385000,5,87
385000,5.5,600
385000,6,2231
386000,3.5,67
386000,4,168
386000,4.5,1180
386000,5,86
386000,5.5,600
386000,6,2232
387000,3.5,40
387000,4,194
387000,4.5,1181
387000,5,86
387000,5.5,597
387000,6,2230
388000,3.5,70
388000,4,164
388000,4.5,1181
388000,5,86
388000,5.5,599
388000,6,2227
389000,3.5,68
389000,4,171
389000,4.5,1175
389000,5,86
389000,5.5,593
389000,6,2225
390000,3.5,38
390000,4,196
390000,4.5,1180
390000,5,85
390000,5.5,594
390000,6,2225
391000,3.5,69
391000,4,165
391000,4.5,1180
391000,5,85
391000,5.5,594
391000,6,2225
392000,3.5,70
392000,4,164
392000,4.5,1180
392000,5,85
392000,5.5,595
392000,6,2222
393000,3.5,40
393000,4,198
393000,4.5,1176
393000,5,85
393000,5.5,595
393000,6,2222
394000,3.5,67
394000,4,167
394000,4.5,1180
394000,5,85
394000,5.5,593
394000,6,2222
395000,3.5,69
395000,4,165
395000,4.5,1180
395000,5,85
395000,5.5,594
395000,6,2221
396000,3.5,42
396000,4,194
396000,4.5,1178
396000,5,86
396000,5.5,590
396000,6,2222
397000,3.5,68
397000,4,170
397000,4.5,1176
397000,5,86
397000,5.5,590
397000,6,2221
398000,3.5,67
398000,4,167
398000,4.5,1179
398000,5,87
398000,5.5,590
398000,6,2220
399000,3.5,41
399000,4,193
399000,4.5,1179
399000,5,86
399000,5.5,590
399000,6,2217
400000,3.5,70
400000,4,167
400000,4.5,1176
400000,5,87
400000,5.5,589
400000,6,2213
401000,3.5,68
401000,4,170
401000,4.5,1175
401000,5,86
401000,5.5,589
401000,6,2213
402000,3.5,38
402000,4,196
402000,4.5,1179
402000,5,88
402000,5.5,588
402000,6,2212
403000,3.5,69
403000,4,166
403000,4.5,1178
403000,5,87
403000,5.5,588
403000,6,2212
404000,3.5,70
404000,4,168
404000,4.5,1173
404000,5,87
404000,5.5,584
404000,6,2214
405000,3.5,40
405000,4,198
405000,4.5,1173
405000,5,86
405000,5.5,584
405000,6,2212
406000,3.5,67
406000,4,167
406000,4.5,1177
406000,5,86
406000,5.5,584
406000,6,2212
407000,3.5,69
407000,4,165
407000,4.5,1177
407000,5,86
407000,5.5,584
407000,6,2210
408000,3.5,42
408000,4,196
408000,4.5,1173
408000,5,87
408000,5.5,584
408000,6,2208
409000,3.5,68
409000,4,170
409000,4.5,1173
409000,5,87
409000,5.5,584
409000,6,2205
410000,3.5,67
410000,4,167
410000,4.5,1177
410000,5,87
410000,5.5,584
410000,6,2205
411000,3.5,40
411000,4,195
411000,4.5,1176
411000,5,89
411000,5.5,583
411000,6,2201
412000,3.5,70
412000,4,168
412000,4.5,1173
412000,5,88
412000,5.5,582
412000,6,2201
413000,3.5,68
413000,4,170
413000,4.5,1173
413000,5,88
413000,5.5,582
413000,6,2201
414000,3.5,38
414000,4,197
414000,4.5,1176
414000,5,88
414000,5.5,579
414000,6,2202
415000,3.5,69
415000,4,165
415000,4.5,1177
415000,5,88
415000,5.5,581
415000,6,2199
416000,3.5,70
416000,4,168
416000,4.5,1173
416000,5,88
416000,5.5,580
416000,6,2199
417000,3.5,40
417000,4,231
417000,4.5,1140
417000,5,87
417000,5.5,578
417000,6,2201
418000,3.5,67
418000,4,199
418000,4.5,1145
418000,5,87
418000,5.5,580
418000,6,2199
419000,3.5,69
419000,4,197
419000,4.5,1145
419000,5,88
419000,5.5,579
419000,6,2199
420000,3.5,41
420000,4,229
420000,4.5,1141
420000,5,88
420000,5.5,579
420000,6,2199
421000,3.5,69
421000,4,201
421000,4.5,1141
421000,5,88
421000,5.5,577
421000,6,2198
422000,3.5,67
422000,4,199
422000,4.5,1145
422000,5,86
422000,5.5,579
422000,6,2195
423000,3.5,40
423000,4,226
423000,4.5,1145
423000,5,88
423000,5.5,578
423000,6,2192
424000,3.5,70
424000,4,200
424000,4.5,1141
424000,5,88
424000,5.5,577
424000,6,2193
425000,3.5,69
425000,4,202
425000,4.5,1140
425000,5,87
425000,5.5,580
425000,6,2191
426000,3.5,38
426000,4,228
426000,4.5,1145
426000,5,86
426000,5.5,581
426000,6,2191
427000,3.5,69
427000,4,229
427000,4.5,1113
427000,5,85
427000,5.5,581
427000,6,2190
428000,3.5,70
428000,4,233
428000,4.5,1108
428000,5,85
428000,5.5,581
428000,6,2190
429000,3.5,40
429000,4,262
429000,4.5,1109
429000,5,85
429000,5.5,580
429000,6,2188
430000,3.5,67
430000,4,231
430000,4.5,1113
430000,5,86
430000,5.5,579
430000,6,2188
431000,3.5,69
431000,4,229
431000,4.5,1113
431000,5,85
431000,5.5,577
431000,6,2188
432000,3.5,42
432000,4,260
432000,4.5,1109
432000,5,85
432000,5.5,576
432000,6,2187
433000,3.5,69
433000,4,199
433000,4.5,1143
433000,5,83
433000,5.5,576
433000,6,2185
434000,3.5,67
434000,4,231
434000,4.5,1113
434000,5,81
434000,5.5,574
434000,6,2184
435000,3.5,42
435000,4,256
435000,4.5,1113
435000,5,80
435000,5.5,572
435000,6,2185
436000,3.5,70
436000,4,232
436000,4.5,1108
436000,5,82
436000,5.5,571
436000,6,2182
437000,3.5,69
437000,4,231
437000,4.5,1110
437000,5,81
437000,5.5,572
437000,6,2181
438000,3.5,40
438000,4,258
438000,4.5,1112
438000,5,82
438000,5.5,569
438000,6,2182
439000,3.5,69
439000,4,230
439000,4.5,1111
439000,5,83
439000,5.5,568
439000,6,2182
440000,3.5,70
440000,4,232
440000,4.5,1108
440000,5,83
440000,5.5,567
440000,6,2179
441000,3.5,43
441000,4,255
441000,4.5,1112
441000,5,83
441000,5.5,570
441000,6,2175
442000,3.5,67
442000,4,232
442000,4.5,1111
442000,5,83
442000,5.5,567
442000,6,2175
443000,3.5,68
443000,4,230
443000,4.5,1112
443000,5,83
443000,5.5,567
443000,6,2175
444000,3.5,44
444000,4,258
444000,4.5,1108
444000,5,82
444000,5.5,568
444000,6,2171
445000,3.5,69
445000,4,229
445000,4.5,1112
445000,5,84
445000,5.5,566
445000,6,2171
446000,3.5,67
446000,4,231
446000,4.5,1112
446000,5,84
446000,5.5,565
446000,6,2170
447000,3.5,41
447000,4,257
447000,4.5,1112
447000,5,84
447000,5.5,567
447000,6,2167
448000,3.5,70
448000,4,232
448000,4.5,1108
448000,5,84
448000,5.5,566
448000,6,2168
449000,3.5,69
449000,4,229
449000,4.5,1112
449000,5,84
449000,5.5,565
449000,6,2168
450000,3.5,40
450000,4,259
450000,4.5,1111
450000,5,84
450000,5.5,564
450000,6,2168
451000,3.5,68
451000,4,230
451000,4.5,1112
451000,5,81
451000,5.5,565
451000,6,2164
452000,3.5,70
452000,4,232
452000,4.5,1108
452000,5,80
452000,5.5,565
452000,6,2164
453000,3.5,42
453000,4,257
453000,4.5,1111
453000,5,80
453000,5.5,565
453000,6,2162
454000,3.5,67
454000,4,231
454000,4.5,1112
454000,5,80
454000,5.5,564
454000,6,2162
455000,3.5,68
455000,4,232
455000,4.5,1110
455000,5,79
455000,5.5,566
455000,6,2158
456000,3.5,43
456000,4,259
456000,4.5,1108
456000,5,78
456000,5.5,567
456000,6,2157
457000,3.5,69
457000,4,229
457000,4.5,1113
457000,5,77
457000,5.5,567
457000,6,2155
458000,3.5,67
458000,4,231
458000,4.5,1176
458000,5,77
458000,5.5,569
458000,6,2151
459000,3.5,41
459000,4,259
459000,4.5,1174
459000,5,78
459000,5.5,568
459000,6,2151
460000,3.5,69
460000,4,233
460000,4.5,1172
460000,5,77
460000,5.5,570
460000,6,2149
461000,3.5,69
461000,4,229
461000,4.5,1176
461000,5,77
461000,5.5,568
461000,6,2147
462000,3.5,40
462000,4,258
462000,4.5,1176
462000,5,78
462000,5.5,567
462000,6,2147
463000,3.5,68
463000,4,234
463000,4.5,1172
463000,5,78
463000,5.5,566
463000,6,2147
464000,3.5,70
464000,4,201
464000,4.5,1203
464000,5,78
464000,5.5,567
464000,6,2145
465000,3.5,43
465000,4,223
465000,4.5,1208
465000,5,78
465000,5.5,567
465000,6,2144
466000,3.5,67
466000,4,199
466000,4.5,1208
466000,5,78
466000,5.5,567
466000,6,2139
467000,3.5,68
467000,4,203
467000,4.5,1203
467000,5,78
467000,5.5,566
467000,6,2139
468000,3.5,43
468000,4,227
468000,4.5,1204
468000,5,76
468000,5.5,566
468000,6,2138
469000,3.5,69
469000,4,197
469000,4.5,1208
469000,5,139
469000,5.5,566
469000,6,2137
470000,3.5,67
470000,4,199
470000,4.5,1208
470000,5,141
470000,5.5,561
470000,6,2137
471000,3.5,42
471000,4,228
471000,4.5,1204
471000,5,140
471000,5.5,560
471000,6,2136
472000,3.5,70
472000,4,200
472000,4.5,1204
472000,5,139
472000,5.5,560
472000,6,2135
473000,3.5,69
473000,4,165
473000,4.5,1208
473000,5,139
473000,5.5,560
473000,6,2133
474000,3.5,40
474000,4,194
474000,4.5,1208
474000,5,139
474000,5.5,561
474000,6,2132
475000,3.5,68
475000,4,171
475000,4.5,1203
475000,5,138
475000,5.5,563
475000,6,2130
476000,3.5,69
476000,4,169
476000,4.5,1204
476000,5,138
476000,5.5,562
476000,6,2128
477000,3.5,41
477000,4,193
477000,4.5,1208
477000,5,138
477000,5.5,563
477000,6,2125
478000,3.5,67
478000,4,168
478000,4.5,1207
478000,5,136
478000,5.5,562
478000,6,2124
479000,3.5,68
479000,4,202
479000,4.5,1172
479000,5,137
479000,5.5,561
479000,6,2122
480000,3.5,40
480000,4,230
480000,4.5,1172
480000,5,136
480000,5.5,560
480000,6,2124
481000,3.5,69
481000,4,198
481000,4.5,1175
481000,5,135
481000,5.5,560
481000,6,2125
482000,3.5,67
482000,4,199
482000,4.5,1240
482000,5,71
482000,5.5,556
482000,6,2128
483000,3.5,37
483000,4,233
483000,4.5,1172
483000,5,137
483000,5.5,557
483000,6,2122
484000,3.5,69
484000,4,201
484000,4.5,1172
484000,5,137
484000,5.5,555
484000,6,2122
485000,3.5,69
485000,4,197
485000,4.5,1176
485000,5,137
485000,5.5,557
485000,6,2119
486000,3.5,36
486000,4,230
486000,4.5,1176
486000,5,137
486000,5.5,556
486000,6,2120
487000,3.5,68
487000,4,202
487000,4.5,1172
487000,5,138
487000,5.5,555
487000,6,2119
488000,3.5,70
488000,4,198
488000,4.5,1174
488000,5,138
488000,5.5,555
488000,6,2119
489000,3.5,38
489000,4,229
489000,4.5,1174
489000,5,135
489000,5.5,553
489000,6,2120
490000,3.5,67
490000,4,199
490000,4.5,1175
490000,5,135
490000,5.5,553
490000,6,2119
491000,3.5,68
491000,4,202
491000,4.5,1171
491000,5,135
491000,5.5,554
491000,6,2118
492000,3.5,37
492000,4,232
492000,4.5,1172
492000,5,135
492000,5.5,554
492000,6,2116
493000,3.5,69
493000,4,197
493000,4.5,1175
493000,5,136
493000,5.5,551
493000,6,2118
494000,3.5,67
494000,4,199
494000,4.5,1239
494000,5,72
494000,5.5,552
494000,6,2115
495000,3.5,36
495000,4,234
495000,4.5,1235
495000,5,75
495000,5.5,550
495000,6,2111
496000,3.5,70
496000,4,198
496000,4.5,1237
496000,5,74
496000,5.5,552
496000,6,2109
497000,3.5,69
497000,4,197
497000,4.5,1239
497000,5,71
497000,5.5,553
497000,6,2108
498000,3.5,36
498000,4,230
498000,4.5,1239
498000,5,71
498000,5.5,549
498000,6,2106
499000,3.5,68
499000,4,202
499000,4.5,1235
499000,5,71
499000,5.5,548
499000,6,2104
500000,3.5,69
500000,4,197
500000,4.5,1238
500000,5,71
500000,5.5,549
500000,6,2099
501000,3.5,35
501000,4,231
501000,4.5,1238
501000,5,71
501000,5.5,546
501000,6,2100
502000,3.5,67
502000,4,199
502000,4.5,1238
502000,5,71
502000,5.5,549
502000,6,2094
503000,3.5,68
503000,4,203
503000,4.5,1233
503000,5,70
503000,5.5,547
503000,6,2095
504000,3.5,36
504000,4,230
504000,4.5,1238
504000,5,68
504000,5.5,548
504000,6,2092
505000,3.5,69
505000,4,197
505000,4.5,1238
505000,5,67
505000,5.5,546
505000,6,2092
506000,3.5,67
506000,4,200
506000,4.5,1237
506000,5,68
506000,5.5,545
506000,6,2092
507000,3.5,34
507000,4,236
507000,4.5,1234
507000,5,68
507000,5.5,542
507000,6,2090
508000,3.5,69
508000,4,197
508000,4.5,1238
508000,5,70
508000,5.5,540
508000,6,2088
509000,3.5,69
509000,4,197
509000,4.5,1238
509000,5,69
509000,5.5,540
509000,6,2088
510000,3.5,35
510000,4,233
510000,4.5,1236
510000,5,70
510000,5.5,537
510000,6,2086
511000,3.5,68
511000,4,202
511000,4.5,1234
511000,5,70
511000,5.5,539
511000,6,2081
512000,3.5,70
512000,4,196
512000,4.5,1238
512000,5,69
512000,5.5,539
512000,6,2081
513000,3.5,36
513000,4,230
513000,4.5,1238
513000,5,69
513000,5.5,538
513000,6,2081
514000,3.5,68
514000,4,201
514000,4.5,1235
514000,5,69
514000,5.5,537
514000,6,2079
515000,3.5,68
515000,4,202
515000,4.5,1234
515000,5,69
515000,5.5,534
515000,6,2080
516000,3.5,36
516000,4,230
516000,4.5,1238
516000,5,68
516000,5.5,535
516000,6,2079
517000,3.5,69
517000,4,198
517000,4.5,1237
517000,5,69
517000,5.5,535
517000,6,2077
518000,3.5,69
518000,4,199
518000,4.5,1236
518000,5,69
518000,5.5,535
518000,6,2074
519000,3.5,35
519000,4,235
519000,4.5,1234
519000,5,69
519000,5.5,532
519000,6,2075
520000,3.5,70
520000,4,196
520000,4.5,1238
520000,5,68
520000,5.5,533
520000,6,2072
521000,3.5,69
521000,4,197
521000,4.5,1238
521000,5,68
521000,5.5,533
521000,6,2070
522000,3.5,35
522000,4,235
522000,4.5,1234
522000,5,68
522000,5.5,533
522000,6,2069
523000,3.5,68
523000,4,202
523000,4.5,1234
523000,5,68
523000,5.5,533
523000,6,2069
524000,3.5,69
524000,4,197
524000,4.5,1238
524000,5,68
524000,5.5,534
524000,6,2066
525000,3.5,36
525000,4,230
525000,4.5,1206
525000,5,68
525000,5.5,531
525000,6,2064
526000,3.5,69
526000,4,201
526000,4.5,1202
526000,5,68
526000,5.5,531
526000,6,2063
527000,3.5,68
527000,4,202
527000,4.5,1202
527000,5,69
527000,5.5,532
527000,6,2059
528000,3.5,37
528000,4,230
528000,4.5,1205
528000,5,68
528000,5.5,531
528000,6,2057
529000,3.5,69
529000,4,197
529000,4.5,1206
529000,5,68
529000,5.5,530
529000,6,2055
530000,3.5,68
530000,4,202
530000,4.5,1202
530000,5,68
530000,5.5,527
530000,6,2057
531000,3.5,35
531000,4,236
531000,4.5,1201
531000,5,68
531000,5.5,525
531000,6,2057
532000,3.5,69
532000,4,197
532000,4.5,1206
532000,5,67
532000,5.5,526
532000,6,2056
533000,3.5,69
533000,4,197
533000,4.5,1206
533000,5,66
533000,5.5,529
533000,6,2052
534000,3.5,35
534000,4,235
534000,4.5,1202
534000,5,66
534000,5.5,529
534000,6,2050
535000,3.5,68
535000,4,202
535000,4.5,1202
535000,5,67
535000,5.5,528
535000,6,2048
536000,3.5,70
536000,4,196
536000,4.5,1206
536000,5,67
536000,5.5,526
536000,6,2047
537000,3.5,35
537000,4,231
537000,4.5,1206
537000,5,67
537000,5.5,525
537000,6,2047
538000,3.5,68
538000,4,202
538000,4.5,1202
538000,5,67
538000,5.5,529
538000,6,2041
539000,3.5,68
539000,4,202
539000,4.5,1202
539000,5,67
539000,5.5,530
539000,6,2038
540000,3.5,34
540000,4,232
540000,4.5,1206
540000,5,68
540000,5.5,529
540000,6,2038
541000,3.5,69
541000,4,197
541000,4.5,1206
541000,5,67
541000,5.5,529
541000,6,2037
542000,3.5,69
542000,4,202
542000,4.5,1201
542000,5,69
542000,5.5,531
542000,6,2032
543000,3.5,34
543000,4,236
543000,4.5,1202
543000,5,69
543000,5.5,530
543000,6,2032
544000,3.5,70
544000,4,196
544000,4.5,1269
544000,5,69
544000,5.5,526
544000,6,2034
545000,3.5,69
545000,4,198
545000,4.5,1268
545000,5,70
545000,5.5,524
545000,6,2034
546000,3.5,34
546000,4,236
546000,4.5,1265
546000,5,69
546000,5.5,522
546000,6,2035
547000,3.5,68
547000,4,200
547000,4.5,1267
547000,5,68
547000,5.5,522
547000,6,2035
548000,3.5,69
548000,4,197
548000,4.5,1269
548000,5,69
548000,5.5,518
548000,6,2032
549000,3.5,35
549000,4,231
549000,4.5,1269
549000,5,70
549000,5.5,518
549000,6,2031
550000,3.5,69
550000,4,201
550000,4.5,1265
550000,5,69
550000,5.5,521
550000,6,2027
551000,3.5,68
551000,4,200
551000,4.5,1266
551000,5,72
551000,5.5,520
551000,6,2025
552000,3.5,35
552000,4,231
552000,4.5,1268
552000,5,72
552000,5.5,519
552000,6,2023
553000,3.5,69
553000,4,198
553000,4.5,1267
553000,5,72
553000,5.5,521
553000,6,2021
554000,3.5,68
554000,4,202
554000,4.5,1264
554000,5,72
554000,5.5,516
554000,6,2024
555000,3.5,34
555000,4,234
555000,4.5,1266
555000,5,69
555000,5.5,517
555000,6,2023
556000,3.5,68
556000,4,199
556000,4.5,1265
556000,5,68
556000,5.5,516
556000,6,2023
557000,3.5,69
557000,4,197
557000,4.5,1266
557000,5,68
557000,5.5,516
557000,6,2022
558000,3.5,35
558000,4,235
558000,4.5,1262
558000,5,68
558000,5.5,514
558000,6,2024
559000,3.5,68
559000,4,198
559000,4.5,1266
559000,5,67
559000,5.5,519
559000,6,2018
560000,3.5,69
560000,4,197
560000,4.5,1266
560000,5,66
560000,5.5,518
560000,6,2020
561000,3.5,36
561000,4,230
561000,4.5,1266
561000,5,70
561000,5.5,515
561000,6,2018
562000,3.5,68
562000,4,202
562000,4.5,1262
562000,5,70
562000,5.5,515
562000,6,2018
563000,3.5,68
563000,4,198
563000,4.5,1266
563000,5,71
563000,5.5,516
563000,6,2013
564000,3.5,35
564000,4,231
564000,4.5,1266
564000,5,71
564000,5.5,514
564000,6,2014
565000,3.5,69
565000,4,197
565000,4.5,1266
565000,5,72
565000,5.5,515
565000,6,2012
566000,3.5,69
566000,4,201
566000,4.5,1261
566000,5,72
566000,5.5,513
566000,6,2014
567000,3.5,35
567000,4,216
567000,4.5,1264
567000,5,72
567000,5.5,516
567000,6,2011
568000,3.5,69
568000,4,181
568000,4.5,1265
568000,5,72
568000,5.5,517
568000,6,2008
569000,3.5,69
569000,4,183
569000,4.5,1263
569000,5,71
569000,5.5,517
569000,6,2005
570000,3.5,35
570000,4,220
570000,4.5,1260
570000,5,71
570000,5.5,514
570000,6,2006
571000,3.5,68
571000,4,182
571000,4.5,1265
571000,5,71
571000,5.5,515
571000,6,2003
572000,3.5,68
572000,4,182
572000,4.5,1265
572000,5,72
572000,5.5,514
572000,6,2001
573000,3.5,36
573000,4,1038
573000,4.5,1263
573000,5,72
573000,5.5,511
573000,6,2002
574000,3.5,69
574000,4,1007
574000,4.5,1261
574000,5,71
574000,5.5,514
574000,6,1998
575000,3.5,68
575000,4,1004
575000,4.5,1265
575000,5,70
575000,5.5,513
575000,6,1999
576000,3.5,36
576000,4,1036
576000,4.5,1265
576000,5,70
576000,5.5,515
576000,6,1997
577000,3.5,69
577000,4,1005
577000,4.5,1263
577000,5,70
577000,5.5,516
577000,6,1996
578000,3.5,68
578000,4,1009
578000,4.5,1260
578000,5,70
578000,5.5,516
578000,6,1996
579000,3.5,34
579000,4,1038
579000,4.5,1265
579000,5,70
579000,5.5,515
579000,6,1996
580000,3.5,68
580000,4,1004
580000,4.5,1265
580000,5,69
580000,5.5,516
580000,6,1995
581000,3.5,69
581000,4,1008
581000,4.5,1260
581000,5,69
581000,5.5,515
581000,6,1996
582000,3.5,34
582000,4,1042
582000,4.5,1261
582000,5,68
582000,5.5,515
582000,6,1995
583000,3.5,68
583000,4,1004
583000,4.5,1265
583000,5,69
583000,5.5,514
583000,6,1995
584000,3.5,69
584000,4,1004
584000,4.5,1264
584000,5,68
584000,5.5,516
584000,6,1993
585000,3.5,34
585000,4,1042
585000,4.5,1261
585000,5,68
585000,5.5,516
585000,6,1992
586000,3.5,68
586000,4,1008
586000,4.5,1261
586000,5,68
586000,5.5,513
586000,6,1993
587000,3.5,68
587000,4,1004
587000,4.5,1265
587000,5,67
587000,5.5,513
587000,6,1992
588000,3.5,32
588000,4,1040
588000,4.5,1265
588000,5,68
588000,5.5,512
588000,6,1990
589000,3.5,69
589000,4,1007
589000,4.5,1261
589000,5,68
589000,5.5,514
589000,6,1987
590000,3.5,69
590000,4,1007
590000,4.5,1261
590000,5,68
590000,5.5,511
590000,6,1989
591000,3.5,32
591000,4,1040
591000,4.5,1265
591000,5,69
591000,5.5,510
591000,6,1988
592000,3.5,69
592000,4,1004
592000,4.5,1264
592000,5,69
592000,5.5,507
592000,6,1991
593000,3.5,68
593000,4,1008
593000,4.5,1261
593000,5,69
593000,5.5,509
593000,6,1988
594000,3.5,31
594000,4,1045
594000,4.5,1261
594000,5,68
594000,5.5,511
594000,6,1985
595000,3.5,68
595000,4,1005
595000,4.5,1264
595000,5,69
595000,5.5,510
595000,6,1985
596000,3.5,68
596000,4,1004
596000,4.5,1265
596000,5,67
596000,5.5,509
596000,6,1985
597000,3.5,31
597000,4,1045
597000,4.5,1261
597000,5,68
597000,5.5,508
597000,6,1984
598000,3.5,69
598000,4,1007
598000,4.5,1261
598000,5,68
598000,5.5,508
598000,6,1984
599000,3.5,68
599000,4,1004
599000,4.5,1265
599000,5,68
599000,5.5,505
599000,6,1983
600000,3.5,31
600000,4,1041
600000,4.5,1265
600000,5,68
600000,5.5,505
600000,6,1982
601000,3.5,68
601000,4,1008
601000,4.5,1261
601000,5,68
601000,5.5,505
601000,6,1979
602000,3.5,68
602000,4,1008
602000,4.5,1261
602000,5,67
602000,5.5,505
602000,6,1979
603000,3.5,30
603000,4,1042
603000,4.5,1265
603000,5,67
603000,5.5,505
603000,6,1979
604000,3.5,68
604000,4,1004
604000,4.5,1265
604000,5,65
604000,5.5,507
604000,6,1978
605000,3.5,69
605000,4,1007
605000,4.5,1261
605000,5,64
605000,5.5,507
605000,6,1978
606000,3.5,32
606000,4,1043
606000,4.5,1262
606000,5,64
606000,5.5,510
606000,6,1974
607000,3.5,68
607000,4,1004
607000,4.5,1265
607000,5,64
607000,5.5,509
607000,6,1974
608000,3.5,69
608000,4,1003
608000,4.5,1265
608000,5,64
608000,5.5,508
608000,6,1973
609000,3.5,33
609000,4,1044
609000,4.5,1260
609000,5,64
609000,5.5,508
609000,6,1972
610000,3.5,68
610000,4,1006
610000,4.5,1263
610000,5,67
610000,5.5,506
610000,6,1970
611000,3.5,68
611000,4,1004
611000,4.5,1265
611000,5,67
611000,5.5,504
611000,6,1971
612000,3.5,33
612000,4,1039
612000,4.5,1264
612000,5,67
612000,5.5,502
612000,6,1972
613000,3.5,69
613000,4,1007
613000,4.5,1260
613000,5,67
613000,5.5,502
613000,6,1972
614000,3.5,69
614000,4,1005
614000,4.5,1262
614000,5,67
614000,5.5,506
614000,6,1966
615000,3.5,32
615000,4,1040
615000,4.5,1264
615000,5,66
615000,5.5,504
615000,6,1968
616000,3.5,69
616000,4,1003
616000,4.5,1264
616000,5,64
616000,5.5,502
616000,6,1965
617000,3.5,68
617000,4,1009
617000,4.5,1259
617000,5,64
617000,5.5,503
617000,6,1963
618000,3.5,31
618000,4,1041
618000,4.5,1264
618000,5,64
618000,5.5,505
618000,6,1960
619000,3.5,68
619000,4,1004
619000,4.5,1324
619000,5,64
619000,5.5,502
619000,6,1962
620000,3.5,68
620000,4,1005
620000,4.5,1323
620000,5,65
620000,5.5,502
620000,6,1960
621000,3.5,32
621000,4,1044
621000,4.5,1320
621000,5,65
621000,5.5,502
621000,6,1960
622000,3.5,69
622000,4,1003
622000,4.5,1324
622000,5,65
622000,5.5,503
622000,6,1956
623000,3.5,68
623000,4,1005
623000,4.5,1291
623000,5,97
623000,5.5,500
623000,6,1959
624000,3.5,33
624000,4,1039
624000,4.5,1292
624000,5,97
624000,5.5,501
624000,6,1956
625000,3.5,68
625000,4,1008
625000,4.5,1256
625000,5,98
625000,5.5,499
625000,6,1955
626000,3.5,68
626000,4,1004
626000,4.5,1260
626000,5,98
626000,5.5,499
626000,6,1954
627000,3.5,33
627000,4,1039
627000,4.5,1260
627000,5,98
627000,5.5,495
627000,6,1956
628000,3.5,68
628000,4,1006
628000,4.5,1258
628000,5,97
628000,5.5,494
628000,6,1957
629000,3.5,68
629000,4,1008
629000,4.5,1256
629000,5,98
629000,5.5,493
629000,6,1955
630000,3.5,34
630000,4,619
630000,4.5,1679
630000,5,98
630000,5.5,491
630000,6,1956
631000,3.5,68
631000,4,586
631000,4.5,1678
631000,5,98
631000,5.5,493
631000,6,1953
632000,3.5,69
632000,4,586
632000,4.5,1725
632000,5,97
632000,5.5,491
632000,6,1955
633000,3.5,33
633000,4,623
633000,4.5,1723
633000,5,96
633000,5.5,493
633000,6,1953
634000,3.5,68
634000,4,585
634000,4.5,1730
634000,5,96
634000,5.5,490
634000,6,1954
635000,3.5,68
635000,4,584
635000,4.5,1731
635000,5,95
635000,5.5,488
635000,6,1953
636000,3.5,32
636000,4,622
636000,4.5,1734
636000,5,95
636000,5.5,487
636000,6,1952
637000,3.5,68
637000,4,588
637000,4.5,1732
637000,5,95
637000,5.5,488
637000,6,1949
638000,3.5,69
638000,4,583
638000,4.5,1736
638000,5,95
638000,5.5,485
638000,6,1951
639000,3.5,34
639000,4,618
639000,4.5,1736
639000,5,94
639000,5.5,483
639000,6,1950
640000,3.5,69
640000,4,587
640000,4.5,1700
640000,5,95
640000,5.5,482
640000,6,1949
641000,3.5,68
641000,4,588
641000,4.5,1700
641000,5,95
641000,5.5,478
641000,6,1950
642000,3.5,34
642000,4,618
642000,4.5,1704
642000,5,95
642000,5.5,479
642000,6,1949
643000,3.5,68
643000,4,584
643000,4.5,1704
643000,5,95
643000,5.5,481
643000,6,1946
644000,3.5,68
644000,4,588
644000,4.5,1700
644000,5,94
644000,5.5,480
644000,6,1947
645000,3.5,34
645000,4,623
645000,4.5,1699
645000,5,94
645000,5.5,485
645000,6,1942
646000,3.5,69
646000,4,583
646000,4.5,1704
646000,5,93
646000,5.5,486
646000,6,1941
647000,3.5,68
647000,4,584
647000,4.5,1704
647000,5,93
647000,5.5,487
647000,6,1938
648000,3.5,36
648000,4,621
648000,4.5,1699
648000,5,94
648000,5.5,487
648000,6,1937
649000,3.5,68
649000,4,588
649000,4.5,1281
649000,5,94
649000,5.5,484
649000,6,1937
650000,3.5,68
650000,4,584
650000,4.5,1285
650000,5,93
650000,5.5,484
650000,6,1934
651000,3.5,36
651000,4,616
651000,4.5,1285
651000,5,93
651000,5.5,481
651000,6,1936
652000,3.5,68
652000,4,588
652000,4.5,1281
652000,5,92
652000,5.5,482
652000,6,1934
653000,3.5,68
653000,4,588
653000,4.5,1281
653000,5,92
653000,5.5,485
653000,6,1930
654000,3.5,36
654000,4,616
654000,4.5,1285
654000,5,93
654000,5.5,486
654000,6,1928
655000,3.5,68
655000,4,584
655000,4.5,1285
655000,5,94
655000,5.5,485
655000,6,1928
656000,3.5,69
656000,4,588
656000,4.5,1280
656000,5,93
656000,5.5,483
656000,6,1929
657000,3.5,35
657000,4,621
657000,4.5,1281
657000,5,93
657000,5.5,482
657000,6,1929
658000,3.5,68
658000,4,584
658000,4.5,1285
658000,5,93
658000,5.5,480
658000,6,1931
659000,3.5,69
659000,4,584
659000,4.5,1284
659000,5,91
659000,5.5,481
659000,6,1929
660000,3.5,36
660000,4,620
660000,4.5,1281
660000,5,92
660000,5.5,476
660000,6,1931
661000,3.5,68
661000,4,588
661000,4.5,1281
661000,5,93
661000,5.5,475
661000,6,1931
662000,3.5,69
662000,4,584
662000,4.5,1284
662000,5,93
662000,5.5,475
662000,6,1929
663000,3.5,35
663000,4,617
663000,4.5,1285
663000,5,94
663000,5.5,474
663000,6,1928
664000,3.5,69
664000,4,587
664000,4.5,1281
664000,5,94
664000,5.5,476
664000,6,1925
665000,3.5,68
665000,4,586
665000,4.5,1283
665000,5,93
665000,5.5,477
665000,6,1924
666000,3.5,36
666000,4,616
666000,4.5,1285
666000,5,93
666000,5.5,477
666000,6,1923
667000,3.5,69
667000,4,583
667000,4.5,1285
667000,5,93
667000,5.5,478
667000,6,1922
668000,3.5,68
668000,4,588
668000,4.5,1281
668000,5,93
668000,5.5,478
668000,6,1919
669000,3.5,36
669000,4,618
669000,4.5,1283
669000,5,93
669000,5.5,478
669000,6,1917
670000,3.5,69
670000,4,584
670000,4.5,1284
670000,5,93
670000,5.5,479
670000,6,1915
671000,3.5,68
671000,4,584
671000,4.5,1285
671000,5,92
671000,5.5,480
671000,6,1912
672000,3.5,35
672000,4,621
672000,4.5,1113
672000,5,92
672000,5.5,480
672000,6,1912
673000,3.5,68
673000,4,587
673000,4.5,1114
673000,5,92
673000,5.5,477
673000,6,1913
674000,3.5,68
674000,4,584
674000,4.5,1117
674000,5,92
674000,5.5,479
674000,6,1910
675000,3.5,35
675000,4,617
675000,4.5,1117
675000,5,92
675000,5.5,476
675000,6,1912
676000,3.5,68
676000,4,588
676000,4.5,1113
676000,5,92
676000,5.5,477
676000,6,1911
677000,3.5,68
677000,4,584
677000,4.5,1117
677000,5,92
677000,5.5,475
677000,6,1911
678000,3.5,36
678000,4,616
678000,4.5,1117
678000,5,92
678000,5.5,474
678000,6,1909
679000,3.5,68
679000,4,584
679000,4.5,1117
679000,5,92
679000,5.5,475
679000,6,1907
680000,3.5,69
680000,4,587
680000,4.5,1113
680000,5,91
680000,5.5,477
680000,6,1905
681000,3.5,34
681000,4,618
681000,4.5,1117
681000,5,90
681000,5.5,476
681000,6,1905
682000,3.5,69
682000,4,583
682000,4.5,1117
682000,5,91
682000,5.5,475
682000,6,1905
683000,3.5,69
683000,4,583
683000,4.5,1117
683000,5,91
683000,5.5,476
683000,6,1903
684000,3.5,35
684000,4,622
684000,4.5,1112
684000,5,91
684000,5.5,475
684000,6,1903
685000,3.5,68
685000,4,584
685000,4.5,1117
685000,5,91
685000,5.5,474
685000,6,1904
686000,3.5,70
686000,4,582
686000,4.5,1117
686000,5,91
686000,5.5,474
686000,6,1902
687000,3.5,36
687000,4,619
687000,4.5,1114
687000,5,91
687000,5.5,473
687000,6,1902
688000,3.5,69
688000,4,587
688000,4.5,1113
688000,5,91
688000,5.5,473
688000,6,1901
689000,3.5,68
689000,4,584
689000,4.5,1117
689000,5,91
689000,5.5,473
689000,6,1901
690000,3.5,37
690000,4,615
690000,4.5,1117
690000,5,91
690000,5.5,471
690000,6,1901
691000,3.5,69
691000,4,585
691000,4.5,1115
691000,5,91
691000,5.5,473
691000,6,1899
692000,3.5,68
692000,4,588
692000,4.5,1113
692000,5,91
692000,5.5,475
692000,6,1896
693000,3.5,34
693000,4,618
693000,4.5,1113
693000,5,95
693000,5.5,475
693000,6,1896
694000,3.5,70
694000,4,582
694000,4.5,1113
694000,5,95
694000,5.5,473
694000,6,1897
695000,3.5,68
695000,4,587
695000,4.5,1110
695000,5,95
695000,5.5,472
695000,6,1896
696000,3.5,35
696000,4,621
696000,4.5,1109
696000,5,95
696000,5.5,472
696000,6,1895
697000,3.5,68
697000,4,584
697000,4.5,1113
697000,5,95
697000,5.5,473
697000,6,1894
698000,3.5,69
698000,4,584
698000,4.5,1112
698000,5,95
698000,5.5,472
698000,6,1894
699000,3.5,35
699000,4,621
699000,4.5,1113
699000,5,91
699000,5.5,470
699000,6,1894
700000,3.5,69
700000,4,587
700000,4.5,1113
700000,5,91
700000,5.5,469
700000,6,1895
701000,3.5,68
701000,4,584
701000,4.5,1117
701000,5,90
701000,5.5,471
701000,6,1892
702000,3.5,36
702000,4,616
702000,4.5,1113
702000,5,90
702000,5.5,470
702000,6,1892
703000,3.5,68
703000,4,588
703000,4.5,1109
703000,5,90
703000,5.5,470
703000,6,1889
704000,3.5,69
704000,4,587
704000,4.5,1109
704000,5,90
704000,5.5,469
704000,6,1889
705000,3.5,34
705000,4,618
705000,4.5,1113
705000,5,90
705000,5.5,471
705000,6,1887
706000,3.5,69
706000,4,583
706000,4.5,1113
706000,5,90
706000,5.5,471
706000,6,1886
707000,3.5,69
707000,4,587
707000,4.5,1109
707000,5,90
707000,5.5,471
707000,6,1884
708000,3.5,33
708000,4,623
708000,4.5,1105
708000,5,94
708000,5.5,471
708000,6,1883
709000,3.5,68
709000,4,585
709000,4.5,1108
709000,5,94
709000,5.5,468
709000,6,1884
710000,3.5,70
710000,4,582
710000,4.5,1109
710000,5,95
710000,5.5,468
710000,6,1883
711000,3.5,33
711000,4,623
711000,4.5,1105
711000,5,95
711000,5.5,465
711000,6,1885
712000,3.5,69
712000,4,588
712000,4.5,1104
712000,5,95
712000,5.5,466
712000,6,1882
713000,3.5,68
713000,4,584
713000,4.5,1109
713000,5,95
713000,5.5,464
713000,6,1882
714000,3.5,34
714000,4,618
714000,4.5,1109
714000,5,95
714000,5.5,465
714000,6,1878
715000,3.5,69
715000,4,587
715000,4.5,1105
715000,5,95
715000,5.5,468
715000,6,1875
716000,3.5,68
716000,4,588
716000,4.5,1105
716000,5,95
716000,5.5,469
716000,6,1874
717000,3.5,33
717000,4,619
717000,4.5,1109
717000,5,94
717000,5.5,468
717000,6,1875
718000,3.5,70
718000,4,582
718000,4.5,1109
718000,5,95
718000,5.5,469
718000,6,1873
719000,3.5,68
719000,4,588
719000,4.5,1105
719000,5,94
719000,5.5,467
719000,6,1875
720000,3.5,34
720000,4,622
720000,4.5,1105
720000,5,94
720000,5.5,469
720000,6,1873
721000,3.5,68
721000,4,584
721000,4.5,1109
721000,5,94
721000,5.5,467
721000,6,1873
722000,3.5,69
722000,4,583
722000,4.5,1109
722000,5,94
722000,5.5,467
722000,6,1872
723000,3.5,34
723000,4,623
723000,4.5,1104
723000,5,94
723000,5.5,467
723000,6,1871
724000,3.5,68
724000,4,586
724000,4.5,1107
724000,5,95
724000,5.5,465
724000,6,1870
725000,3.5,68
725000,4,584
725000,4.5,1109
725000,5,95
725000,5.5,465
725000,6,1869
726000,3.5,34
726000,4,619
726000,4.5,1108
726000,5,95
726000,5.5,461
726000,6,1871
727000,3.5,68
727000,4,588
727000,4.5,1105
727000,5,95
727000,5.5,463
727000,6,1869
728000,3.5,69
728000,4,585
728000,4.5,1107
728000,5,95
728000,5.5,463
728000,6,1868
729000,3.5,32
729000,4,620
729000,4.5,1109
729000,5,95
729000,5.5,462
729000,6,1868
730000,3.5,69
730000,4,583
730000,4.5,1109
730000,5,95
730000,5.5,460
730000,6,1869
731000,3.5,69
731000,4,587
731000,4.5,1105
731000,5,94
731000,5.5,461
731000,6,1868
732000,3.5,32
732000,4,622
732000,4.5,1107
732000,5,94
732000,5.5,460
732000,6,1869
733000,3.5,68
733000,4,584
733000,4.5,1109
733000,5,94
733000,5.5,458
733000,6,1867
734000,3.5,69
734000,4,584
734000,4.5,1108
734000,5,94
734000,5.5,457
734000,6,1866
735000,3.5,32
735000,4,624
735000,4.5,1105
735000,5,95
735000,5.5,455
735000,6,1865
736000,3.5,69
736000,4,583
736000,4.5,1109
736000,5,94
736000,5.5,452
736000,6,1868
737000,3.5,68
737000,4,585
737000,4.5,1108
737000,5,94
737000,5.5,454
737000,6,1865
738000,3.5,32
738000,4,620
738000,4.5,1109
738000,5,94
738000,5.5,454
738000,6,1864
739000,3.5,69
739000,4,587
739000,4.5,1105
739000,5,94
739000,5.5,457
739000,6,1857
740000,3.5,68
740000,4,584
740000,4.5,1109
740000,5,94
740000,5.5,457
740000,6,1856
741000,3.5,31
741000,4,621
741000,4.5,1109
741000,5,94
741000,5.5,458
741000,6,1854
742000,3.5,69
742000,4,585
742000,4.5,1107
742000,5,94
742000,5.5,457
742000,6,1853
743000,3.5,68
743000,4,591
743000,4.5,1102
743000,5,94
743000,5.5,457
743000,6,1852
744000,3.5,32
744000,4,620
744000,4.5,1109
744000,5,94
744000,5.5,458
744000,6,1848
745000,3.5,68
745000,4,584
745000,4.5,1109
745000,5,94
745000,5.5,457
745000,6,1847
746000,3.5,69
746000,4,588
746000,4.5,1104
746000,5,93
746000,5.5,456
746000,6,1847
747000,3.5,32
747000,4,627
747000,4.5,1102
747000,5,93
747000,5.5,456
747000,6,1845
748000,3.5,68
748000,4,588
748000,4.5,1105
748000,5,93
748000,5.5,456
748000,6,1844
749000,3.5,68
749000,4,587
749000,4.5,1106
749000,5,93
749000,5.5,454
749000,6,1846
750000,3.5,31
750000,4,626
750000,4.5,1104
750000,5,93
750000,5.5,455
750000,6,1842
751000,3.5,68
751000,4,592
751000,4.5,1101
751000,5,93
751000,5.5,455
751000,6,1842
752000,3.5,69
752000,4,586
752000,4.5,1106
752000,5,93
752000,5.5,454
752000,6,1841
753000,3.5,31
753000,4,624
753000,4.5,1106
753000,5,93
753000,5.5,454
753000,6,1841
754000,3.5,69
754000,4,588
754000,4.5,1104
754000,5,93
754000,5.5,454
754000,6,1840
755000,3.5,69
755000,4,590
755000,4.5,1102
755000,5,93
755000,5.5,455
755000,6,1837
756000,3.5,31
756000,4,624
756000,4.5,1106
756000,5,93
756000,5.5,454
756000,6,1836
757000,3.5,68
757000,4,587
757000,4.5,1106
757000,5,93
757000,5.5,454
757000,6,1836
758000,3.5,69
758000,4,590
758000,4.5,1102
758000,5,93
758000,5.5,455
758000,6,1834
759000,3.5,32
759000,4,628
759000,4.5,1101
759000,5,93
759000,5.5,453
759000,6,1835
760000,3.5,69
760000,4,586
760000,4.5,1106
760000,5,93
760000,5.5,451
760000,6,1837
761000,3.5,68
761000,4,587
761000,4.5,1106
761000,5,93
761000,5.5,450
761000,6,1836
762000,3.5,33
762000,4,627
762000,4.5,1069
762000,5,93
762000,5.5,449
762000,6,1836
763000,3.5,69
763000,4,590
763000,4.5,1070
763000,5,93
763000,5.5,450
763000,6,1834
764000,3.5,68
764000,4,587
764000,4.5,1074
764000,5,93
764000,5.5,449
764000,6,1832
765000,3.5,32
765000,4,624
765000,4.5,1073
765000,5,93
765000,5.5,449
765000,6,1832
766000,3.5,69
766000,4,590
766000,4.5,1070
766000,5,93
766000,5.5,448
766000,6,1831
767000,3.5,68
767000,4,591
767000,4.5,1070
767000,5,93
767000,5.5,447
767000,6,1830
768000,3.5,33
768000,4,622
768000,4.5,1074
768000,5,93
768000,5.5,445
768000,6,1831
769000,3.5,68
769000,4,587
769000,4.5,1074
769000,5,93
769000,5.5,447
769000,6,1829
770000,3.5,69
770000,4,590
770000,4.5,1070
770000,5,93
770000,5.5,449
770000,6,1827
771000,3.5,33
771000,4,626
771000,4.5,1070
771000,5,93
771000,5.5,449
771000,6,1826
772000,3.5,68
772000,4,587
772000,4.5,1074
772000,5,92
772000,5.5,450
772000,6,1824
773000,3.5,68
773000,4,588
773000,4.5,1073
773000,5,92
773000,5.5,450
773000,6,1821
774000,3.5,33
774000,4,626
774000,4.5,1070
774000,5,92
774000,5.5,447
774000,6,1822
775000,3.5,68
775000,4,591
775000,4.5,1070
775000,5,92
775000,5.5,445
775000,6,1821
776000,3.5,70
776000,4,586
776000,4.5,1073
776000,5,92
776000,5.5,444
776000,6,1818
777000,3.5,33
777000,4,622
777000,4.5,1074
777000,5,91
777000,5.5,445
777000,6,1814
778000,3.5,69
778000,4,590
778000,4.5,1070
778000,5,91
778000,5.5,445
778000,6,1813
779000,3.5,69
779000,4,588
779000,4.5,1072
779000,5,91
779000,5.5,443
779000,6,1814
780000,3.5,35
780000,4,620
780000,4.5,1074
780000,5,91
780000,5.5,443
780000,6,1813
781000,3.5,68
781000,4,587
781000,4.5,1074
781000,5,91
781000,5.5,442
781000,6,1813
782000,3.5,69
782000,4,590
782000,4.5,1070
782000,5,91
782000,5.5,442
782000,6,1812
783000,3.5,34
783000,4,623
783000,4.5,1072
783000,5,91
783000,5.5,443
783000,6,1811
784000,3.5,70
784000,4,585
784000,4.5,1074
784000,5,91
784000,5.5,444
784000,6,1810
785000,3.5,68
785000,4,587
785000,4.5,1074
785000,5,91
785000,5.5,441
785000,6,1811
786000,3.5,36
786000,4,623
786000,4.5,1070
786000,5,91
786000,5.5,442
786000,6,1810
787000,3.5,69
787000,4,589
787000,4.5,1071
787000,5,91
787000,5.5,442
787000,6,1810
788000,3.5,68
788000,4,587
788000,4.5,1074
788000,5,91
788000,5.5,443
788000,6,1809
789000,3.5,35
789000,4,620
789000,4.5,1074
789000,5,91
789000,5.5,443
789000,6,1808
790000,3.5,69
790000,4,591
790000,4.5,1069
790000,5,91
790000,5.5,441
790000,6,1807
791000,3.5,68
791000,4,589
791000,4.5,1072
791000,5,91
791000,5.5,441
791000,6,1806
792000,3.5,40
792000,4,615
792000,4.5,1074
792000,5,91
792000,5.5,441
792000,6,1805
793000,3.5,68
793000,4,587
793000,4.5,1074
793000,5,91
793000,5.5,440
793000,6,1805
794000,3.5,69
794000,4,590
794000,4.5,1070
794000,5,91
794000,5.5,440
794000,6,1804
795000,3.5,39
795000,4,616
795000,4.5,1074
795000,5,91
795000,5.5,439
795000,6,1805
796000,3.5,68
796000,4,587
796000,4.5,1074
796000,5,92
796000,5.5,437
796000,6,1804
797000,3.5,68
797000,4,587
797000,4.5,1074
797000,5,92
797000,5.5,436
797000,6,1804
798000,3.5,39
798000,4,621
798000,4.5,1069
798000,5,92
798000,5.5,436
798000,6,1803
799000,3.5,68
799000,4,587
799000,4.5,1074
799000,5,91
799000,5.5,437
799000,6,1800
800000,3.5,70
800000,4,585
800000,4.5,1074
800000,5,91
800000,5.5,437
800000,6,1799
801000,3.5,39
801000,4,619
801000,4.5,1071
801000,5,91
801000,5.5,437
801000,6,1798
802000,3.5,69
802000,4,590
802000,4.5,1070
802000,5,91
802000,5.5,434
802000,6,1799
803000,3.5,69
803000,4,586
803000,4.5,1074
803000,5,153
803000,5.5,436
803000,6,1797
804000,3.5,39
804000,4,617
804000,4.5,1073
804000,5,153
804000,5.5,435
804000,6,1798
805000,3.5,68
805000,4,589
805000,4.5,1072
805000,5,153
805000,5.5,436
805000,6,1796
806000,3.5,69
806000,4,590
806000,4.5,1070
806000,5,153
806000,5.5,435
806000,6,1797
807000,3.5,40
807000,4,618
807000,4.5,1071
807000,5,154
807000,5.5,433
807000,6,1796
808000,3.5,70
808000,4,588
808000,4.5,1071
808000,5,154
808000,5.5,431
808000,6,1798
809000,3.5,68
809000,4,592
809000,4.5,1069
809000,5,154
809000,5.5,432
809000,6,1795
810000,3.5,41
810000,4,621
810000,4.5,1067
810000,5,154
810000,5.5,432
810000,6,1795
811000,3.5,69
811000,4,589
811000,4.5,1071
811000,5,154
811000,5.5,431
811000,6,1795
812000,3.5,68
812000,4,591
812000,4.5,1070
812000,5,154
812000,5.5,434
812000,6,1792
813000,3.5,39
813000,4,621
813000,4.5,1069
813000,5,154
813000,5.5,434
813000,6,1791
814000,3.5,69
814000,4,593
814000,4.5,1067
814000,5,155
814000,5.5,433
814000,6,1790
815000,3.5,68
815000,4,591
815000,4.5,1070
815000,5,155
815000,5.5,434
815000,6,1788
816000,3.5,40
816000,4,618
816000,4.5,1071
816000,5,155
816000,5.5,433
816000,6,1787
817000,3.5,68
817000,4,594
817000,4.5,1067
817000,5,155
817000,5.5,431
817000,6,1788
818000,3.5,68
818000,4,594
818000,4.5,1067
818000,5,155
818000,5.5,431
818000,6,1786
819000,3.5,40
819000,4,618
819000,4.5,1071
819000,5,155
819000,5.5,432
819000,6,1785
820000,3.5,68
820000,4,590
820000,4.5,1071
820000,5,154
820000,5.5,433
820000,6,1784
821000,3.5,68
821000,4,594
821000,4.5,1067
821000,5,154
821000,5.5,430
821000,6,1787
822000,3.5,39
822000,4,623
822000,4.5,1067
822000,5,154
822000,5.5,430
822000,6,1786
823000,3.5,68
823000,4,590
823000,4.5,1071
823000,5,154
823000,5.5,431
823000,6,1785
824000,3.5,70
824000,4,588
824000,4.5,1071
824000,5,155
824000,5.5,428
824000,6,1785
825000,3.5,39
825000,4,623
825000,4.5,1067
825000,5,155
825000,5.5,427
825000,6,1786
826000,3.5,68
826000,4,595
826000,4.5,1066
826000,5,155
826000,5.5,425
826000,6,1785
827000,3.5,69
827000,4,589
827000,4.5,1071
827000,5,155
827000,5.5,425
827000,6,1785
828000,3.5,39
828000,4,619
828000,4.5,1071
828000,5,155
828000,5.5,423
828000,6,1786
829000,3.5,68
829000,4,595
829000,4.5,1066
829000,5,156
829000,5.5,422
829000,6,1784
830000,3.5,68
830000,4,594
830000,4.5,1067
830000,5,155
830000,5.5,424
830000,6,1783
831000,3.5,38
831000,4,620
831000,4.5,1071
831000,5,155
831000,5.5,423
831000,6,1784
832000,3.5,70
832000,4,588
832000,4.5,1135
832000,5,91
832000,5.5,424
832000,6,1783
833000,3.5,68
833000,4,594
833000,4.5,1131
833000,5,91
833000,5.5,425
833000,6,1780
834000,3.5,38
834000,4,624
834000,4.5,1131
834000,5,91
834000,5.5,426
834000,6,1779
835000,3.5,69
835000,4,589
835000,4.5,1135
835000,5,91
835000,5.5,429
835000,6,1776
836000,3.5,68
836000,4,590
836000,4.5,1135
836000,5,91
836000,5.5,428
836000,6,1777
837000,3.5,37
837000,4,623
837000,4.5,1131
837000,5,90
837000,5.5,429
837000,6,1776
838000,3.5,68
838000,4,589
838000,4.5,1134
838000,5,90
838000,5.5,427
838000,6,1775
839000,3.5,68
839000,4,587
839000,4.5,1136
839000,5,90
839000,5.5,428
839000,6,1774
840000,3.5,38
840000,4,618
840000,4.5,1135
840000,5,90
840000,5.5,428
840000,6,1774
841000,3.5,68
841000,4,591
841000,4.5,1132
841000,5,90
841000,5.5,430
841000,6,1770
842000,3.5,68
842000,4,589
842000,4.5,1134
842000,5,90
842000,5.5,428
842000,6,1772
843000,3.5,37
843000,4,618
843000,4.5,1136
843000,5,90
843000,5.5,429
843000,6,1769
844000,3.5,68
844000,4,587
844000,4.5,1136
844000,5,90
844000,5.5,429
844000,6,1769
845000,3.5,68
845000,4,591
845000,4.5,1132
845000,5,91
845000,5.5,428
845000,6,1769
846000,3.5,36
846000,4,621
846000,4.5,1134
846000,5,91
846000,5.5,426
846000,6,1770
847000,3.5,68
847000,4,587
847000,4.5,1136
847000,5,91
847000,5.5,425
847000,6,1770
848000,3.5,70
848000,4,585
848000,4.5,1136
848000,5,92
848000,5.5,425
848000,6,1769
849000,3.5,36
849000,4,623
849000,4.5,1132
849000,5,91
849000,5.5,427
849000,6,1768
850000,3.5,68
850000,4,589
850000,4.5,1134
850000,5,93
850000,5.5,426
850000,6,1767
851000,3.5,68
851000,4,588
851000,4.5,1135
851000,5,93
851000,5.5,424
851000,6,1766
852000,3.5,36
852000,4,808
852000,4.5,1135
852000,5,94
852000,5.5,421
852000,6,1766
853000,3.5,68
853000,4,780
853000,4.5,1131
853000,5,94
853000,5.5,422
853000,6,1765
854000,3.5,68
854000,4,777
854000,4.5,1134
854000,5,94
854000,5.5,423
854000,6,1763
855000,3.5,36
855000,4,808
855000,4.5,1135
855000,5,94
855000,5.5,422
855000,6,1764
856000,3.5,70
856000,4,774
856000,4.5,1135
856000,5,93
856000,5.5,425
856000,6,1762
857000,3.5,68
857000,4,780
857000,4.5,1131
857000,5,93
857000,5.5,425
857000,6,1761
858000,3.5,35
858000,4,809
858000,4.5,1135
858000,5,94
858000,5.5,424
858000,6,1760
859000,3.5,68
859000,4,776
859000,4.5,1135
859000,5,92
859000,5.5,426
859000,6,1760
860000,3.5,68
860000,4,778
860000,4.5,1133
860000,5,92
860000,5.5,426
860000,6,1760
861000,3.5,34
861000,4,814
861000,4.5,1131
861000,5,91
861000,5.5,425
861000,6,1759
862000,3.5,68
862000,4,776
862000,4.5,1135
862000,5,92
862000,5.5,424
862000,6,1758
863000,3.5,68
863000,4,776
863000,4.5,1135
863000,5,92
863000,5.5,426
863000,6,1754
864000,3.5,36
864000,4,810
864000,4.5,1133
864000,5,93
864000,5.5,427
864000,6,1752
865000,3.5,68
865000,4,781
865000,4.5,1130
865000,5,93
865000,5.5,426
865000,6,1753
866000,3.5,68
866000,4,776
866000,4.5,1135
866000,5,93
866000,5.5,424
866000,6,1754
867000,3.5,35
867000,4,809
867000,4.5,1135
867000,5,93
867000,5.5,424
867000,6,1753
868000,3.5,68
868000,4,779
868000,4.5,1132
868000,5,93
868000,5.5,423
868000,6,1752
869000,3.5,68
869000,4,780
869000,4.5,1131
869000,5,93
869000,5.5,421
869000,6,1752
870000,3.5,34
870000,4,810
870000,4.5,1135
870000,5,93
870000,5.5,420
870000,6,1751
871000,3.5,68
871000,4,776
871000,4.5,1135
871000,5,94
871000,5.5,420
871000,6,1748
872000,3.5,70
872000,4,776
872000,4.5,1133
872000,5,94
872000,5.5,420
872000,6,1748
873000,3.5,33
873000,4,815
873000,4.5,1131
873000,5,94
873000,5.5,420
873000,6,1746
874000,3.5,68
874000,4,776
874000,4.5,1135
874000,5,94
874000,5.5,419
874000,6,1745
875000,3.5,69
875000,4,775
875000,4.5,1135
875000,5,94
875000,5.5,420
875000,6,1742
876000,3.5,34
876000,4,815
876000,4.5,1130
876000,5,94
876000,5.5,419
876000,6,1742
877000,3.5,68
877000,4,780
877000,4.5,1131
877000,5,95
877000,5.5,418
877000,6,1740
878000,3.5,68
878000,4,776
878000,4.5,1135
878000,5,95
878000,5.5,417
878000,6,1740
879000,3.5,36
879000,4,809
879000,4.5,1134
879000,5,95
879000,5.5,417
879000,6,1739
880000,3.5,70
880000,4,778
880000,4.5,1131
880000,5,95
880000,5.5,418
880000,6,1738
881000,3.5,68
881000,4,780
881000,4.5,1131
881000,5,95
881000,5.5,418
881000,6,1737
882000,3.5,35
882000,4,809
882000,4.5,1135
882000,5,95
882000,5.5,417
882000,6,1737
883000,3.5,69
883000,4,775
883000,4.5,1135
883000,5,95
883000,5.5,416
883000,6,1736
884000,3.5,68
884000,4,780
884000,4.5,1131
884000,5,93
884000,5.5,417
884000,6,1735
885000,3.5,35
885000,4,813
885000,4.5,1131
885000,5,92
885000,5.5,415
885000,6,1736
886000,3.5,68
886000,4,776
886000,4.5,1135
886000,5,92
886000,5.5,416
886000,6,1734
887000,3.5,68
887000,4,776
887000,4.5,1135
887000,5,92
887000,5.5,417
887000,6,1731
888000,3.5,37
888000,4,811
888000,4.5,1131
888000,5,92
888000,5.5,418
888000,6,1729
889000,3.5,68
889000,4,780
889000,4.5,1131
889000,5,93
889000,5.5,416
889000,6,1729
890000,3.5,68
890000,4,777
890000,4.5,1134
890000,5,92
890000,5.5,415
890000,6,1730
891000,3.5,38
891000,4,806
891000,4.5,1135
891000,5,91
891000,5.5,414
891000,6,1730
892000,3.5,68
892000,4,780
892000,4.5,1131
892000,5,91
892000,5.5,415
892000,6,1727
893000,3.5,68
893000,4,781
893000,4.5,1130
893000,5,91
893000,5.5,414
893000,6,1727
894000,3.5,37
894000,4,807
894000,4.5,1135
894000,5,92
894000,5.5,414
894000,6,1726
895000,3.5,68
895000,4,776
895000,4.5,1135
895000,5,93
895000,5.5,413
895000,6,1725
896000,3.5,70
896000,4,778
896000,4.5,1847
896000,5,93
896000,5.5,414
896000,6,1720
897000,3.5,37
897000,4,809
897000,4.5,1849
897000,5,93
897000,5.5,413
897000,6,1721
898000,3.5,68
898000,4,776
898000,4.5,1853
898000,5,93
898000,5.5,411
898000,6,1722
899000,3.5,69
899000,4,775
899000,4.5,1855
899000,5,93
899000,5.5,412
899000,6,1719
900000,3.5,38
900000,4,810
900000,4.5,1851
900000,5,93
900000,5.5,412
900000,6,1718
901000,3.5,68
901000,4,778
901000,4.5,1853
901000,5,93
901000,5.5,412
901000,6,1717
902000,3.5,68
902000,4,776
902000,4.5,1855
902000,5,93
902000,5.5,408
902000,6,1719
903000,3.5,40
903000,4,804
903000,4.5,1855
903000,5,92
903000,5.5,409
903000,6,1717
904000,3.5,70
904000,4,779
904000,4.5,1850
904000,5,92
904000,5.5,408
904000,6,1716
905000,3.5,68
905000,4,778
905000,4.5,1863
905000,5,91
905000,5.5,412
905000,6,1713
906000,3.5,40
906000,4,804
906000,4.5,1865
906000,5,91
906000,5.5,409
906000,6,1715
907000,3.5,69
907000,4,776
907000,4.5,1864
907000,5,92
907000,5.5,410
907000,6,1710
908000,3.5,68
908000,4,780
908000,4.5,1861
908000,5,91
908000,5.5,411
908000,6,1709
909000,3.5,41
909000,4,805
909000,4.5,1863
909000,5,91
909000,5.5,410
909000,6,1709
910000,3.5,68
910000,4,776
910000,4.5,1865
910000,5,91
910000,5.5,408
910000,6,1710
911000,3.5,68
911000,4,776
911000,4.5,1863
911000,5,91
911000,5.5,407
911000,6,1709
912000,3.5,42
912000,4,806
912000,4.5,1859
912000,5,89
912000,5.5,410
912000,6,1708
913000,3.5,68
913000,4,776
913000,4.5,1873
913000,5,89
913000,5.5,412
913000,6,1706
914000,3.5,68
914000,4,776
914000,4.5,1875
914000,5,89
914000,5.5,409
914000,6,1707
915000,3.5,40
915000,4,805
915000,4.5,1874
915000,5,89
915000,5.5,412
915000,6,1704
916000,3.5,68
916000,4,780
916000,4.5,1871
916000,5,89
916000,5.5,412
916000,6,1704
917000,3.5,69
917000,4,775
917000,4.5,1879
917000,5,89
917000,5.5,410
917000,6,1703
918000,3.5,39
918000,4,806
918000,4.5,1878
918000,5,89
918000,5.5,410
918000,6,1700
919000,3.5,68
919000,4,778
919000,4.5,1877
919000,5,90
919000,5.5,408
919000,6,1701
920000,3.5,70
920000,4,778
920000,4.5,1875
920000,5,89
920000,5.5,410
920000,6,1699
921000,3.5,38
921000,4,806
921000,4.5,1879
921000,5,89
921000,5.5,410
921000,6,1697
922000,3.5,68
922000,4,776
922000,4.5,1879
922000,5,91
922000,5.5,409
922000,6,1696
923000,3.5,69
923000,4,777
923000,4.5,1877
923000,5,92
923000,5.5,405
923000,6,1697
924000,3.5,38
924000,4,810
924000,4.5,1875
924000,5,92
924000,5.5,406
924000,6,1696
925000,3.5,69
925000,4,775
925000,4.5,1879
925000,5,92
925000,5.5,405
925000,6,1696
926000,3.5,68
926000,4,776
926000,4.5,1879
926000,5,94
926000,5.5,403
926000,6,1695
927000,3.5,38
927000,4,808
927000,4.5,1877
927000,5,92
927000,5.5,403
927000,6,1695
928000,3.5,70
928000,4,778
928000,4.5,1875
928000,5,92
928000,5.5,404
928000,6,1693
929000,3.5,68
929000,4,777
929000,4.5,1872
929000,5,92
929000,5.5,404
929000,6,1692
930000,3.5,38
930000,4,806
930000,4.5,1895
930000,5,91
930000,5.5,403
930000,6,1692
931000,3.5,69
931000,4,777
931000,4.5,1893
931000,5,91
931000,5.5,402
931000,6,1692
932000,3.5,68
932000,4,781
932000,4.5,1890
932000,5,91
932000,5.5,402
932000,6,1690
933000,3.5,39
933000,4,805
933000,4.5,1895
933000,5,90
933000,5.5,403
933000,6,1689
934000,3.5,68
934000,4,776
934000,4.5,1900
934000,5,90
934000,5.5,403
934000,6,1689
935000,3.5,68
935000,4,780
935000,4.5,1896
935000,5,90
935000,5.5,402
935000,6,1689
936000,3.5,40
936000,4,808
936000,4.5,1896
936000,5,90
936000,5.5,402
936000,6,1688
937000,3.5,68
937000,4,776
937000,4.5,1900
937000,5,89
937000,5.5,405
937000,6,1685
938000,3.5,68
938000,4,776
938000,4.5,1900
938000,5,89
938000,5.5,403
938000,6,1687
939000,3.5,39
939000,4,809
939000,4.5,1896
939000,5,90
939000,5.5,403
939000,6,1685
940000,3.5,68
940000,4,781
940000,4.5,1895
940000,5,89
940000,5.5,402
940000,6,1686
941000,3.5,69
941000,4,775
941000,4.5,1900
941000,5,89
941000,5.5,401
941000,6,1685
942000,3.5,38
942000,4,1617
942000,4.5,1089
942000,5,89
942000,5.5,400
942000,6,1686
943000,3.5,69
943000,4,1598
943000,4.5,1084
943000,5,89
943000,5.5,401
943000,6,1684
944000,3.5,70
944000,4,1596
944000,4.5,1085
944000,5,88
944000,5.5,396
944000,6,1684
945000,3.5,37
945000,4,1625
945000,4.5,1089
945000,5,88
945000,5.5,393
945000,6,1684
946000,3.5,68
946000,4,1611
946000,4.5,1070
946000,5,87
946000,5.5,394
946000,6,1683
947000,3.5,70
947000,4,1625
947000,4.5,1067
947000,5,87
947000,5.5,395
947000,6,1682
948000,3.5,37
948000,4,1642
948000,4.5,1067
948000,5,87
948000,5.5,395
948000,6,1681
949000,3.5,69
949000,4,1606
949000,4.5,1071
949000,5,87
949000,5.5,393
949000,6,1681
950000,3.5,68
950000,4,1617
950000,4.5,1079
950000,5,87
950000,5.5,393
950000,6,1681
951000,3.5,40
951000,4,1650
951000,4.5,1075
951000,5,87
951000,5.5,394
951000,6,1680
952000,3.5,70
952000,4,1620
952000,4.5,1075
952000,5,88
952000,5.5,393
952000,6,1679
953000,3.5,68
953000,4,1618
953000,4.5,1079
953000,5,88
953000,5.5,393
953000,6,1677
954000,3.5,39
954000,4,1648
954000,4.5,1078
954000,5,88
954000,5.5,393
954000,6,1676
955000,3.5,70
955000,4,1544
955000,4.5,1125
955000,5,88
955000,5.5,392
955000,6,1676
956000,3.5,68
956000,4,1546
956000,4.5,1127
956000,5,88
956000,5.5,392
956000,6,1675
957000,3.5,40
957000,4,1572
957000,4.5,1124
957000,5,88
957000,5.5,392
957000,6,1675
958000,3.5,68
958000,4,1543
958000,4.5,1125
958000,5,88
958000,5.5,392
958000,6,1675
959000,3.5,69
959000,4,1367
959000,4.5,1299
959000,5,88
959000,5.5,391
959000,6,1675
960000,3.5,42
960000,4,1393
960000,4.5,1301
960000,5,88
960000,5.5,392
960000,6,1674
961000,3.5,68
961000,4,1367
961000,4.5,1301
961000,5,88
961000,5.5,391
961000,6,1675
962000,3.5,68
962000,4,1367
962000,4.5,1301
962000,5,89
962000,5.5,390
962000,6,1674
963000,3.5,41
963000,4,1390
963000,4.5,1305
963000,5,89
963000,5.5,393
963000,6,1671
964000,3.5,68
964000,4,1362
964000,4.5,1306
964000,5,89
964000,5.5,393
964000,6,1671
965000,3.5,69
965000,4,1541
965000,4.5,1125
965000,5,89
965000,5.5,393
965000,6,1671
966000,3.5,39
966000,4,1432
966000,4.5,1125
966000,5,88
966000,5.5,394
966000,6,1670
967000,3.5,69
967000,4,1365
967000,4.5,1161
967000,5,88
967000,5.5,395
967000,6,1668
968000,3.5,70
968000,4,1363
968000,4.5,1162
968000,5,88
968000,5.5,393
968000,6,1670
969000,3.5,38
969000,4,1533
969000,4.5,1087
969000,5,88
969000,5.5,392
969000,6,1670
970000,3.5,68
970000,4,1513
970000,4.5,1075
970000,5,88
970000,5.5,392
970000,6,1669
971000,3.5,70
971000,4,1504
971000,4.5,1082
971000,5,90
971000,5.5,390
971000,6,1668
972000,3.5,39
972000,4,1518
972000,4.5,1099
972000,5,90
972000,5.5,388
972000,6,1670
973000,3.5,68
973000,4,1501
973000,4.5,1087
973000,5,90
973000,5.5,388
973000,6,1670
974000,3.5,68
974000,4,1501
974000,4.5,1087
974000,5,90
974000,5.5,387
974000,6,1670
975000,3.5,41
975000,4,1530
975000,4.5,1083
975000,5,90
975000,5.5,390
975000,6,1666
976000,3.5,70
976000,4,1499
976000,4.5,1087
976000,5,90
976000,5.5,387
976000,6,1668
977000,3.5,67
977000,4,1513
977000,4.5,1075
977000,5,89
977000,5.5,389
977000,6,1665
978000,3.5,40
978000,4,1669
978000,4.5,1074
978000,5,90
978000,5.5,386
978000,6,1667
979000,3.5,70
979000,4,1642
979000,4.5,1071
979000,5,89
979000,5.5,389
979000,6,1665
980000,3.5,68
980000,4,1639
980000,4.5,1076
980000,5,89
980000,5.5,390
980000,6,1663
981000,3.5,40
981000,4,1667
981000,4.5,1076
981000,5,89
981000,5.5,387
981000,6,1665
982000,3.5,68
982000,4,1622
982000,4.5,1093
982000,5,89
982000,5.5,387
982000,6,1665
983000,3.5,70
983000,4,1624
983000,4.5,1092
983000,5,90
983000,5.5,387
983000,6,1661
984000,3.5,43
984000,4,1647
984000,4.5,1096
984000,5,90
984000,5.5,386
984000,6,1661
985000,3.5,67
985000,4,1624
985000,4.5,1095
985000,5,90
985000,5.5,384
985000,6,1662
986000,3.5,68
986000,4,1621
986000,4.5,1095
986000,5,90
986000,5.5,383
986000,6,1662
987000,3.5,45
987000,4,1652
987000,4.5,1093
987000,5,90
987000,5.5,385
987000,6,1660
988000,3.5,68
988000,4,1623
988000,4.5,1085
988000,5,91
988000,5.5,385
988000,6,1658
989000,3.5,68
989000,4,1623
989000,4.5,1085
989000,5,90
989000,5.5,380
989000,6,1660
990000,3.5,43
990000,4,1667
990000,4.5,1084
990000,5,91
990000,5.5,381
990000,6,1658
991000,3.5,70
991000,4,1642
991000,4.5,1082
991000,5,91
991000,5.5,382
991000,6,1656
992000,3.5,69
992000,4,1639
992000,4.5,1086
992000,5,91
992000,5.5,382
992000,6,1655
993000,3.5,41
993000,4,1670
993000,4.5,1085
993000,5,91
993000,5.5,380
993000,6,1656
994000,3.5,68
994000,4,1633
994000,4.5,1080
994000,5,92
994000,5.5,380
994000,6,1655
995000,3.5,71
995000,4,1642
995000,4.5,1082
995000,5,92
995000,5.5,379
995000,6,1656
996000,3.5,42
996000,4,1229
996000,4.5,1109
996000,5,93
996000,5.5,378
996000,6,1653
997000,3.5,68
997000,4,1647
997000,4.5,1086
997000,5,93
997000,5.5,378
997000,6,1653
998000,3.5,68
998000,4,1651
998000,4.5,1082
998000,5,93
998000,5.5,378
998000,6,1653
999000,3.5,44
999000,4,1649
999000,4.5,1108
999000,5,93
999000,5.5,379
999000,6,1652
1000000,3.5,69
1000000,4,1617
1000000,4.5,1116
1000000,5,93
1000000,5.5,378
1000000,6,1652
