step,year,live,pullers,N,free_slots,compact_slot,compact_phase,compact_mass_earth,compact_R,merge_compact,merge_other,merge_unattr,roche_events,roche_fragments,roche_zero_frag,belt_frac_compact,belt_frac_other,belt_frac_roche_escaped,belt_frac_reservoir,belt_frac_sublimated,belt_frac_alive_bound,belt_frac_alive_unbound,cloud_n,cloud_E,cloud_E_plus_merged,roche_dissipated,peri_min_Rc,peri_p01_Rc,peri_p10_Rc,peri_p50_Rc,peri_lt10Rc,peri_lt100Rc,peri_lt1000Rc,ms_per_step
0,0.17894830970484318,5251,11,5251,261,5250,NeutronStar,466700,0.000237092,0,0,0,0,0,0,0,0,0,0,0,1,0,5000,-8.177595332070311E-06,-8.177595332070311E-06,0,0.0166166,61.8216,9178.55,694797,20,65,205,0.000
50,0.2721505543427825,5511,11,5512,1,5250,NeutronStar,466700,0.000237092,0,3,16,473,538,343,0,7.24792E-11,1.18287E-09,0.0446858,0,0.939446,0.0156382,4983,-4.712792705255094E-06,-4.712792705255094E-06,0.00015027273615555715,0.0476146,126.32,9124.5,521473,16,42,138,11.852
100,0.36535279898072076,5505,11,5512,7,5250,NeutronStar,466700,0.000237092,0,3,53,854,749,629,0,7.24792E-11,1.53713E-09,0.0848057,0,0.60049,0.314302,3525,-2.937698674175612E-06,-2.937698674175612E-06,0.0016494253709316345,0.152028,392.881,6572.64,145654,5,17,56,8.956
150,0.458555043618659,5512,11,5512,0,5250,NeutronStar,466700,0.000237092,1,3,85,1182,974,869,3.67821E-25,7.24792E-11,0.00103287,0.108871,0,0.389882,0.499666,2532,-1.9838716497813046E-06,-1.9838716497813046E-06,0.0039155608415892855,0.592477,249.757,4480.29,58486.5,4,16,63,9.089
200,0.5517572882565988,5403,10,5512,109,5250,NeutronStar,466700,0.000237092,42,130,85,1307,1143,941,2.91283E-06,0.00361065,0.0109357,0.113646,0,0.00803987,0.863063,569,-3.9307515722699237E-07,-3.941821181794244E-07,0.003917293798978958,414.062,1798,2774.43,6489.54,0,0,4,7.548
250,0.6449595328945398,5511,8,5512,1,5250,BlackHole,800033,8.40193E-05,184,130,89,1500,1573,1046,0.000128904,0.00361065,0.010936,0.119205,0,0.853806,0.0116117,4702,-8.48667972773364E-06,-8.510828300867822E-06,0.00392275660095258,6549.18,19107.7,190451,1.12975E+06,0,0,0,6.715
300,0.7381617775324808,5511,8,5512,1,5250,BlackHole,800033,8.40193E-05,184,131,89,1517,1587,1056,0.000128904,0.00367192,0.010936,0.119983,0,0.852967,0.0116117,4702,-8.457784555121269E-06,-8.481933128255452E-06,0.0039227567654606344,7684.43,19937.1,190636,1.12956E+06,0,0,0,6.451
350,0.8313640221704218,5512,8,5512,0,5250,BlackHole,800033,8.40193E-05,184,131,89,1524,1595,1059,0.000128904,0.00367192,0.010936,0.120193,0,0.852757,0.0116117,4703,-8.451473530803765E-06,-8.475622103937948E-06,0.003922756846791757,7823.85,21097.1,190648,1.12927E+06,0,0,0,6.314
400,0.9245662668083628,5511,8,5512,1,5250,BlackHole,800033,8.40193E-05,184,131,89,1525,1595,1060,0.000128904,0.00367192,0.010936,0.120198,0,0.852752,0.0116117,4702,-8.452085509784706E-06,-8.47623408291889E-06,0.003922756846791757,6877.12,19243.7,190652,1.12925E+06,0,0,0,6.320
450,1.0177685114463029,5512,8,5512,0,5250,BlackHole,800033,8.40193E-05,184,131,89,1526,1597,1060,0.000128904,0.00367192,0.010936,0.120198,0,0.852752,0.0116117,4703,-8.45154561080597E-06,-8.475694183940153E-06,0.003922756846791757,7037.12,22919.6,190604,1.12929E+06,0,0,0,6.356
500,1.1109707560842383,5512,8,5512,0,5250,BlackHole,800033,8.40193E-05,184,131,89,1526,1597,1060,0.000128904,0.00367192,0.010936,0.120198,0,0.852752,0.0116117,4703,-8.45314130337598E-06,-8.477289876510162E-06,0.003922756846791757,6745.23,18729,190567,1.1294E+06,0,0,0,6.290
550,1.2041730007221738,5511,8,5512,1,5250,BlackHole,800033,8.40193E-05,184,131,89,1527,1597,1061,0.000128904,0.00367192,0.010936,0.120198,0,0.852752,0.0116117,4702,-8.454548714538132E-06,-8.478697287672315E-06,0.003922756846791757,7448.16,21191.5,190733,1.12964E+06,0,0,0,6.288
600,1.2973752453601093,5511,8,5512,1,5250,BlackHole,800033,8.40193E-05,184,131,89,1527,1597,1061,0.000128904,0.00367192,0.010936,0.120198,0,0.852752,0.0116117,4702,-8.453745233980204E-06,-8.477893807114387E-06,0.003922756846791757,6817.72,18823.3,190685,1.12993E+06,0,0,0,6.325
650,1.3905774899980448,5511,8,5512,1,5250,BlackHole,800033,8.40193E-05,184,131,89,1527,1597,1061,0.000128904,0.00367192,0.010936,0.120198,0,0.852752,0.0116117,4702,-8.453126509697177E-06,-8.47727508283136E-06,0.003922756846791757,6326.7,20177.3,190845,1.13047E+06,0,0,0,6.304
700,1.4837797346359802,5511,8,5512,1,5250,BlackHole,800033,8.40193E-05,184,131,89,1529,1599,1062,0.000128904,0.00367192,0.010936,0.120198,0,0.852752,0.0116117,4702,-8.45307739686431E-06,-8.477225969998493E-06,0.003922756846791757,7872.25,20355.6,190535,1.13103E+06,0,0,0,6.300
750,1.5769819792739157,5511,8,5512,1,5250,BlackHole,800033,8.40193E-05,184,131,89,1529,1599,1062,0.000128904,0.00367192,0.010936,0.120198,0,0.852752,0.0116117,4702,-8.451093877995581E-06,-8.475242451129764E-06,0.003922756846791757,7847.88,19438.6,190597,1.13208E+06,0,0,0,6.287
800,1.6701842239118512,5511,8,5512,1,5250,BlackHole,800033,8.40193E-05,184,131,89,1529,1599,1062,0.000128904,0.00367192,0.010936,0.120198,0,0.852752,0.0116117,4702,-8.451081488347365E-06,-8.475230061481548E-06,0.003922756846791757,7055.54,22971.9,190566,1.13347E+06,0,0,0,6.275
850,1.7633864685497866,5510,8,5512,2,5250,BlackHole,800033,8.40193E-05,184,131,89,1530,1599,1063,0.000128904,0.00367192,0.010936,0.120198,0,0.852752,0.0116117,4701,-8.451882797608531E-06,-8.476031370742714E-06,0.003922756846791757,7692.86,18851.8,190701,1.13447E+06,0,0,0,6.436
900,1.8565887131877221,5510,8,5512,2,5250,BlackHole,800033,8.40193E-05,184,131,89,1530,1599,1063,0.000128904,0.00367192,0.010936,0.120198,0,0.852752,0.0116117,4701,-8.449865232332512E-06,-8.474013805466695E-06,0.003922756846791757,6310.17,21606.2,191085,1.13563E+06,0,0,0,6.229
950,1.9497909578256576,5510,8,5512,2,5250,BlackHole,800033,8.40193E-05,184,131,89,1530,1599,1063,0.000128904,0.00367192,0.010936,0.120198,0,0.852752,0.0116117,4701,-8.449853986520336E-06,-8.474002559654519E-06,0.003922756846791757,8009.72,18679,190624,1.13625E+06,0,0,0,6.697
1000,2.042993202463593,5509,8,5512,3,5250,BlackHole,800033,8.40193E-05,184,131,89,1531,1599,1064,0.000128904,0.00367192,0.010936,0.12021,0,0.85274,0.0116117,4700,-8.449294546686519E-06,-8.473443119820702E-06,0.003922756846791757,7328.08,20440.6,190659,1.1367E+06,0,0,0,6.332
1050,2.1361954471015285,5509,8,5512,3,5250,BlackHole,800033,8.40193E-05,184,131,89,1531,1599,1064,0.000128904,0.00367192,0.010936,0.12021,0,0.85274,0.0116117,4700,-8.448630052562387E-06,-8.47277862569657E-06,0.003922756846791757,8181.8,19722.2,190688,1.13694E+06,0,0,0,6.256
1100,2.229397691739464,5512,8,5512,0,5250,BlackHole,800033,8.40193E-05,184,131,89,1532,1603,1064,0.000128904,0.00367192,0.010936,0.12021,0,0.85274,0.0116117,4701,-8.449472826555666E-06,-8.473621399689849E-06,0.003922756846791757,6137.08,19644.9,190563,1.13646E+06,0,0,0,6.238
1150,2.3225999363773995,5512,8,5512,0,5250,BlackHole,800033,8.40193E-05,184,131,89,1532,1603,1064,0.000128904,0.00367192,0.010936,0.12021,0,0.85274,0.0116117,4701,-8.449360373142582E-06,-8.473508946276765E-06,0.003922756846791757,5582.83,22161.9,190741,1.13622E+06,0,0,0,6.242
1200,2.415802181015335,5512,8,5512,0,5250,BlackHole,800033,8.40193E-05,184,131,89,1532,1603,1064,0.000128904,0.00367192,0.010936,0.12021,0,0.85274,0.0116117,4701,-8.448797893087226E-06,-8.472946466221409E-06,0.003922756846791757,5600.55,19007.1,190504,1.13601E+06,0,0,0,6.304
1250,2.5090044256532704,5512,8,5512,0,5250,BlackHole,800033,8.40193E-05,184,131,89,1532,1603,1064,0.000128904,0.00367192,0.010936,0.12021,0,0.85274,0.0116117,4701,-8.448644148907407E-06,-8.47279272204159E-06,0.003922756846791757,5632.38,22101.6,190567,1.13558E+06,0,0,0,6.253
1300,2.602206670291206,5512,8,5512,0,5250,BlackHole,800033,8.40193E-05,184,131,89,1532,1603,1064,0.000128904,0.00367192,0.010936,0.12021,0,0.85274,0.0116117,4701,-8.448792625941797E-06,-8.47294119907598E-06,0.003922756846791757,5655.4,18647.5,190640,1.13527E+06,0,0,0,6.220
1350,2.6954089149291414,5511,8,5512,1,5250,BlackHole,800033,8.40193E-05,184,132,89,1532,1603,1064,0.000128904,0.00385543,0.010936,0.12021,0,0.852556,0.0116117,4700,-8.443569693311687E-06,-8.46771826644587E-06,0.003922756846791757,5668.42,20735.1,190688,1.13538E+06,0,0,0,6.241
1400,2.788611159567077,5440,7,5512,72,5250,BlackHole,800033,8.40193E-05,184,202,89,1533,1603,1065,0.000128904,0.00415038,0.010936,0.12021,0,0.852262,0.0116117,4865,-8.448927906340168E-06,-8.473076479474351E-06,0.003922756846791757,5674.65,19232.2,197893,1.1119E+06,0,0,0,6.166
1450,2.8818134042050123,5328,7,5512,184,5250,BlackHole,800033,8.40193E-05,184,314,89,1533,1603,1065,0.000128904,0.00457532,0.010936,0.12021,0,0.851837,0.0116117,4756,-8.44603541183613E-06,-8.470183984970314E-06,0.003922756846791757,5674.89,19863.5,192310,1.12766E+06,0,0,0,6.043
1500,2.975015648842948,5328,7,5512,184,5250,BlackHole,800033,8.40193E-05,184,314,89,1533,1603,1065,0.000128904,0.00457532,0.010936,0.12021,0,0.851837,0.0116117,4755,-8.44523759003547E-06,-8.469386163169653E-06,0.003922756846791757,5679.26,21351.3,192305,1.12749E+06,0,0,0,5.808
1550,3.0682178934808833,5325,7,5512,187,5250,BlackHole,800033,8.40193E-05,184,317,89,1533,1603,1065,0.000128904,0.00458202,0.010936,0.12021,0,0.85183,0.0116117,4753,-8.444295551254178E-06,-8.468444124388361E-06,0.003922756846791757,5682.24,19183.6,193316,1.12746E+06,0,0,0,5.567
1600,3.1614201381188187,5325,7,5512,187,5250,BlackHole,800033,8.40193E-05,184,317,89,1533,1603,1065,0.000128904,0.00458202,0.010936,0.12021,0,0.85183,0.0116117,4755,-8.444434813924721E-06,-8.468583387058904E-06,0.003922756846791757,5682.89,22700.4,193637,1.12712E+06,0,0,0,5.715
1650,3.254622382756754,5323,7,5512,189,5250,BlackHole,800033,8.40193E-05,184,317,89,1535,1603,1067,0.000128904,0.00458202,0.010936,0.12021,0,0.85183,0.0116117,4753,-8.444361674109226E-06,-8.46851024724341E-06,0.003922756846791757,8375.24,18699.1,194367,1.1271E+06,0,0,0,5.662
1700,3.3478246273946897,5322,7,5512,190,5250,BlackHole,800033,8.40193E-05,184,318,89,1535,1603,1067,0.000128904,0.00458704,0.010936,0.12021,0,0.851825,0.0116117,4752,-8.443864975462883E-06,-8.468013548597066E-06,0.003922756846791757,7842.8,21071.8,194352,1.12749E+06,0,0,0,5.573
1750,3.441026872032625,5321,7,5512,191,5250,BlackHole,800033,8.40193E-05,184,319,89,1535,1603,1067,0.000128904,0.00472671,0.010936,0.12021,0,0.851685,0.0116117,4751,-8.440632157600613E-06,-8.464780730734796E-06,0.003922756846791757,6825.1,18898.6,194348,1.12751E+06,0,0,0,5.578
1800,3.5342291166705606,5321,7,5512,191,5250,BlackHole,800033,8.40193E-05,184,319,89,1535,1603,1067,0.000128904,0.00472671,0.010936,0.12021,0,0.851685,0.0116117,4751,-8.439533261762788E-06,-8.46368183489697E-06,0.003922756846791757,7816.83,20097.7,194368,1.12743E+06,0,0,0,5.577
1850,3.627431361308496,5321,7,5512,191,5250,BlackHole,800033,8.40193E-05,184,319,89,1535,1603,1067,0.000128904,0.00472671,0.010936,0.12021,0,0.851685,0.0116117,4751,-8.440568130759633E-06,-8.464716703893816E-06,0.003922756846791757,8424.28,20584.9,194550,1.12729E+06,0,0,0,5.562
1900,3.7206336059464316,5320,7,5512,192,5250,BlackHole,800033,8.40193E-05,184,320,89,1535,1603,1067,0.000128904,0.00479179,0.010936,0.12021,0,0.85162,0.0116117,4750,-8.437966711325589E-06,-8.462115284459772E-06,0.003922756846791757,8077.54,19374.5,194084,1.12745E+06,0,0,0,5.586
1950,3.813835850584367,5320,7,5512,192,5250,BlackHole,800033,8.40193E-05,184,320,89,1535,1603,1067,0.000128904,0.00479179,0.010936,0.12021,0,0.85162,0.0116117,4750,-8.437412820228487E-06,-8.46156139336267E-06,0.003922756846791757,6822.38,23227.1,194288,1.12733E+06,0,0,0,5.577
2000,3.9070380952223025,5319,7,5512,193,5250,BlackHole,800033,8.40193E-05,184,321,89,1535,1603,1067,0.000128904,0.00513353,0.010936,0.12021,0,0.851278,0.0116117,4749,-8.428188833025786E-06,-8.452337406159969E-06,0.003922756846791757,7911.97,18807.9,193745,1.12722E+06,0,0,0,5.566
