seed,case,cx,cy,rad,free_slots_before,returned,made_by_diff,live_before,live_after,rings_nonempty_before,rings_touched_by_new,disc_mass_before,disc_mass_after,made_mass,made_mass_over_disc_before,obj_mass_min,obj_mass_max,attractors_made(M>=AttractMass),spin_positive,spin_negative,new_with_Grp0,new_with_Par_eq_host,dL_predicted_from_CoM_shift_over_sum,dL_actual_over_pred,max_ring_radius_relerr,max_dist_over_hand_rad,max_speed_over_circ_minus1(G*M_host),max_speed_over_circ_minus1(G*(M_host+disc)),max_radial_over_speed,max_ecc,r_min,r_max,max_comp_vs_M_relerr,dMass_rel,dPx_over_sum_mv,dPy_over_sum_mv,dL_over_sum_abs_mrv,dCoM_x,dCoM_y,max_elem_resid_rel,elem_worst,elem_Khí nhẹ_resid_rel,elem_Băng_resid_rel,elem_Đá_resid_rel,elem_Kim loại_resid_rel,elem_Carbon_resid_rel,elem_Phóng xạ_resid_rel,heat_before,heat_after,hash_unchanged
1234,a_mid_asteroid_rad5,83.3025,0,5,5182,48,48,330,378,34,6,2.3926394495638892E-05,2.3856944570654806E-05,6.944992498412767E-08,0.00290265,4.07842E-10,2.11893E-09,0,48,0,48,48,-6.63556E-10,0.999999,1.81153E-16,0.993309,1.42344E-09,2.37221E-07,7.27076E-11,1.82501E-08,78.4469,87.4201,0,-1.13535E-15,3.22917E-22,3.66967E-17,-6.63555E-10,1.15386E-07,4.16334E-17,8.98804E-16,Carbon,0,-3.91531E-16,0,-8.24228E-16,8.98804E-16,1.89214E-16,4.875487245087345E-10,4.875487245087345E-10,False
1234,b_whole_system_rad1000,0,0,1000,5182,238,238,330,568,34,34,2.3926394495638892E-05,0,2.3926394495638912E-05,1,9.97092E-11,1.9418E-07,133,238,0,238,238,2.04034E-19,3026.19,2.15428E-16,0.527725,4.44089E-16,4.44089E-16,2.12631E-16,2.35608E-08,68.8862,527.725,4.32499E-16,2.83837E-16,-6.9976E-21,7.35194E-21,6.17444E-16,-8.32667E-17,-6.93889E-18,-2.30784E-15,Kim loại,1.56146E-15,2.21867E-15,-1.43938E-16,-2.30784E-15,5.99202E-16,7.56854E-16,4.875487245087345E-10,0,False
1234,c_outside_all_rings,5000,5000,10,5182,0,0,330,330,34,0,2.3926394495638892E-05,2.3926394495638892E-05,0,0,,,0,0,0,0,0,-0,,,,,,,,,,,0,0,0,0,0,0,0,-,0,0,0,0,0,0,4.875487245087345E-10,4.875487245087345E-10,True
1234,d1_on_sun_rad5,0,0,5,5182,0,0,330,330,34,0,2.3926394495638892E-05,2.3926394495638892E-05,0,0,,,0,0,0,0,0,-0,,,,,,,,,,,0,0,0,0,0,0,0,-,0,0,0,0,0,0,4.875487245087345E-10,4.875487245087345E-10,True
1234,d2_on_sun_rad100,0,0,100,5182,136,136,330,466,34,17,2.3926394495638892E-05,1.4281064194431786E-05,9.645330301207146E-06,0.403125,8.72455E-11,1.14427E-07,32,136,0,136,136,-0,,1.97548E-16,0.974198,3.33067E-16,1.42811E-07,1.08643E-16,1.82501E-08,68.8862,97.4198,0,-1.41918E-16,-2.21226E-21,2.33407E-21,-4.63083E-16,2.77556E-17,6.93889E-18,2.30784E-15,Kim loại,0,1.17459E-15,-4.31814E-16,2.30784E-15,-8.98804E-16,-9.46068E-16,4.875487245087345E-10,4.875487245087345E-10,False
1234,e1_nearly_full_5free_whole,0,0,1000,5,5,5,5507,5512,34,5,2.3926394495638892E-05,2.2139772607441622E-05,1.7866218881973046E-06,0.0746716,6.97964E-10,6.72212E-07,3,5,0,5,5,-1.51073E-08,0.999955,0,0.075121,3.61013E-08,1.86827E-07,0,7.30005E-08,68.8862,75.121,0,0,3.39913E-23,-1.00522E-17,-1.51067E-08,2.62691E-06,0,0,-,0,0,0,0,0,0,4.875487245087345E-10,4.875487245087345E-10,False
1234,e2_full_0free_whole,0,0,1000,0,0,0,5512,5512,34,0,2.3926394495638892E-05,2.3926394495638892E-05,0,0,,,0,0,0,0,0,-0,,,,,,,,,,,0,0,0,0,0,0,0,-,0,0,0,0,0,0,4.875487245087345E-10,4.875487245087345E-10,True
1234,e3_nearly_full_5free_mid_asteroid,83.3025,0,5,5,5,5,5507,5512,34,5,2.3926394495638892E-05,2.3864592648053666E-05,6.180184758526745E-08,0.002583,3.26274E-09,1.69514E-08,0,5,0,5,5,-5.87057E-10,0.999999,0,0.971128,1.25744E-09,2.37442E-07,0,1.82501E-08,78.4469,85.5469,0,0,3.96565E-23,3.85473E-17,-5.87056E-10,1.02084E-07,0,2.99601E-16,Carbon,0,0,1.43938E-16,-1.64846E-16,2.99601E-16,0,4.875487245087345E-10,4.875487245087345E-10,False
1002,a_mid_asteroid_rad5,83.3025,0,5,5182,48,48,330,378,34,6,2.3884727388018277E-05,2.382211037940408E-05,6.26170086141967E-08,0.00262163,4.19519E-10,1.886E-09,0,48,0,48,48,5.63407E-10,1,1.81153E-16,0.993309,1.28207E-09,2.37007E-07,6.54866E-11,2.35608E-08,78.4469,87.4201,0,-1.41918E-16,-1.01243E-22,7.61307E-18,5.63408E-10,1.04259E-07,3.46945E-18,-5.75684E-16,Đá,0,5.22067E-16,-5.75684E-16,1.64835E-16,4.49388E-16,-3.85476E-16,4.888368309920185E-10,4.888368309920185E-10,False
1002,b_whole_system_rad1000,0,0,1000,5182,238,238,330,568,34,34,2.3884727388018277E-05,0,2.3884727388018274E-05,1,3.27121E-10,1.97257E-07,140,238,0,238,238,6.71055E-19,-230.006,2.15428E-16,0.527725,4.44089E-16,4.44089E-16,2.12631E-16,2.35608E-08,68.8862,527.725,3.40216E-16,2.83837E-16,-6.11455E-21,8.03834E-21,-1.54347E-16,1.66533E-16,-6.93889E-18,1.64776E-15,Carbon,5.67802E-16,1.5662E-15,5.75684E-16,-8.24177E-16,1.64776E-15,-1.92738E-16,4.888368309920185E-10,0,False
1002,c_outside_all_rings,5000,5000,10,5182,0,0,330,330,34,0,2.3884727388018277E-05,2.3884727388018277E-05,0,0,,,0,0,0,0,0,0,,,,,,,,,,,0,0,0,0,0,0,0,-,0,0,0,0,0,0,4.888368309920185E-10,4.888368309920185E-10,True
1002,d1_on_sun_rad5,0,0,5,5182,0,0,330,330,34,0,2.3884727388018277E-05,2.3884727388018277E-05,0,0,,,0,0,0,0,0,0,,,,,,,,,,,0,0,0,0,0,0,0,-,0,0,0,0,0,0,4.888368309920185E-10,4.888368309920185E-10,True
1002,d2_on_sun_rad100,0,0,100,5182,136,136,330,466,34,17,2.3884727388018277E-05,1.426956025273529E-05,9.61516713528299E-06,0.402565,6.03009E-10,1.0992E-07,16,136,0,136,136,0,,1.97548E-16,0.974198,3.33067E-16,1.42696E-07,1.08643E-16,1.82501E-08,68.8862,97.4198,0,-2.41261E-15,-1.16992E-21,3.71223E-21,1.54347E-16,-3.33067E-16,6.245E-17,2.61034E-15,Băng,0,2.61034E-15,1.58313E-15,-1.64835E-15,-4.49388E-16,-3.85476E-16,4.888368309920185E-10,4.888368309920185E-10,False
1002,e1_nearly_full_5free_whole,0,0,1000,5,5,5,5507,5512,34,5,2.3884727388018277E-05,2.210094104561283E-05,1.783786342405444E-06,0.0746831,4.82407E-09,5.82022E-07,4,5,0,5,5,1.41189E-08,1.00005,0,0.075121,3.61131E-08,1.86427E-07,0,7.30005E-08,68.8862,75.121,0,0,0,-4.07825E-17,1.41196E-08,2.61283E-06,0,0,-,0,0,0,0,0,0,4.888368309920185E-10,4.888368309920185E-10,False
1002,e2_full_0free_whole,0,0,1000,0,0,0,5512,5512,34,0,2.3884727388018277E-05,2.3884727388018277E-05,0,0,,,0,0,0,0,0,0,,,,,,,,,,,0,0,0,0,0,0,0,-,0,0,0,0,0,0,4.888368309920185E-10,4.888368309920185E-10,True
1002,e3_nearly_full_5free_mid_asteroid,83.3025,0,5,5,5,5,5507,5512,34,5,2.3884727388018277E-05,2.383097220422901E-05,5.37551837892672E-08,0.00225061,3.35615E-09,1.5088E-08,0,5,0,5,5,4.80034E-10,1,0,0.971128,1.0935E-09,2.37263E-07,0,1.82501E-08,78.4469,85.5469,0,-1.41918E-16,0,-1.84523E-17,4.80035E-10,8.88304E-08,3.46945E-18,-2.99592E-16,Carbon,0,-1.30517E-16,0,-1.64835E-16,-2.99592E-16,1.92738E-16,4.888368309920185E-10,4.888368309920185E-10,False
1011,a_mid_asteroid_rad5,83.3025,0,5,5182,48,48,330,378,34,6,2.3711446150366807E-05,2.3646656086380255E-05,6.479006398654002E-08,0.00273244,2.9978E-10,1.86609E-09,0,48,0,48,48,2.15465E-10,1.00001,1.81153E-16,0.993309,1.32551E-09,2.35211E-07,6.7705E-11,2.78775E-08,78.4469,87.4201,0,-8.5151E-16,-1.70225E-22,1.73326E-17,2.15467E-10,1.08041E-07,8.32667E-17,-1.43945E-15,Đá,0,1.30512E-16,-1.43945E-15,0,-1.49826E-16,-1.87173E-16,4.873024253514957E-10,4.873024253514957E-10,False
1011,b_whole_system_rad1000,0,0,1000,5182,238,238,330,568,34,34,2.3711446150366807E-05,0,2.37114461503668E-05,1,5.19909E-11,2.05401E-07,126,238,0,238,238,-1.76892E-20,-87234.1,2.15428E-16,0.527725,4.44089E-16,4.44089E-16,2.12631E-16,2.35608E-08,68.8862,527.725,3.62875E-16,2.83837E-16,3.55406E-21,-1.21114E-21,1.5431E-15,1.38778E-17,-2.77556E-17,1.31859E-15,Kim loại,2.83901E-16,-1.30512E-16,2.87891E-16,1.31859E-15,1.04878E-15,-5.61518E-16,4.873024253514957E-10,0,False
1011,c_outside_all_rings,5000,5000,10,5182,0,0,330,330,34,0,2.3711446150366807E-05,2.3711446150366807E-05,0,0,,,0,0,0,0,0,0,,,,,,,,,,,0,0,0,0,0,0,0,-,0,0,0,0,0,0,4.873024253514957E-10,4.873024253514957E-10,True
1011,d1_on_sun_rad5,0,0,5,5182,0,0,330,330,34,0,2.3711446150366807E-05,2.3711446150366807E-05,0,0,,,0,0,0,0,0,0,,,,,,,,,,,0,0,0,0,0,0,0,-,0,0,0,0,0,0,4.873024253514957E-10,4.873024253514957E-10,True
1011,d2_on_sun_rad100,0,0,100,5182,136,136,330,466,34,17,2.3711446150366807E-05,1.445545084694177E-05,9.255995303425032E-06,0.39036,4.5492E-11,1.10753E-07,16,136,0,136,136,0,,1.97548E-16,0.974198,3.33067E-16,1.44554E-07,1.08643E-16,1.82501E-08,68.8862,97.4198,0,-4.25755E-16,1.99406E-21,-2.72968E-21,7.71552E-16,-2.77556E-17,4.16334E-17,-2.59102E-15,Đá,0,0,-2.59102E-15,1.15376E-15,1.04878E-15,-5.61518E-16,4.873024253514957E-10,4.873024253514957E-10,False
1011,e1_nearly_full_5free_whole,0,0,1000,5,5,5,5507,5512,34,5,2.3711446150366807E-05,2.1926218597520578E-05,1.7852275528462129E-06,0.0752897,3.63936E-10,6.6084E-07,4,5,0,5,5,5.22696E-09,1.00013,0,0.075121,3.60982E-08,1.84694E-07,0,7.14635E-08,68.8862,75.121,0,1.41918E-16,-1.21589E-22,1.04986E-17,5.22763E-09,2.62128E-06,-1.38778E-17,0,-,0,0,0,0,0,0,4.873024253514957E-10,4.873024253514957E-10,False
1011,e2_full_0free_whole,0,0,1000,0,0,0,5512,5512,34,0,2.3711446150366807E-05,2.3711446150366807E-05,0,0,,,0,0,0,0,0,0,,,,,,,,,,,0,0,0,0,0,0,0,-,0,0,0,0,0,0,4.873024253514957E-10,4.873024253514957E-10,True
1011,e3_nearly_full_5free_mid_asteroid,83.3025,0,5,5,5,5,5507,5512,34,5,2.3711446150366807E-05,2.3655465648698267E-05,5.5980501668522216E-08,0.00236091,2.39824E-09,1.49288E-08,0,5,0,5,5,1.84884E-10,1,0,0.971128,1.13753E-09,2.35465E-07,0,1.49012E-08,78.4469,85.5469,0,0,-1.94543E-22,-4.39739E-19,1.84885E-10,9.27067E-08,0,1.64824E-16,Kim loại,0,0,1.43945E-16,1.64824E-16,1.49826E-16,0,4.873024253514957E-10,4.873024253514957E-10,False
