seed,run,tracked,alive_end,bound_end,unbound_end,gone_roche,gone_merge_or_other,gone_escaped_transfer,max_ecc_seen,max_r_seen,min_r_seen,roche_new_all,roche_new_tracked,merges_new,escaped_mass_new,live_start,live_end,ms_total,years_simulated
1234,baseline_unfolded_belt_rocks,5000,5000,5000,0,0,0,0,0.0466958,510.524,68.6992,0,0,0,8.14203E-09,5250,5250,6621,3.72809
1234,withdraw_a_mid_asteroid_rad5,48,48,48,0,0,0,0,0.00728875,87.7076,77.8698,0,0,0,3.96842E-10,378,378,840,3.72809
1234,withdraw_b_whole_system_rad1000,238,238,238,0,0,0,0,0.037293,528.456,68.62,0,0,0,5.61066E-10,568,568,8119,3.72809
1234,control_folded_kept40x2_no_withdraw,80,80,80,0,0,0,0,0.0305459,508.224,71.0512,0,0,0,1.73276E-10,330,330,774,3.72809
1002,baseline_unfolded_belt_rocks,5000,5000,5000,0,0,0,0,0.0440231,510.521,68.4837,0,0,0,7.8734E-09,5250,5250,6235,3.72809
1002,withdraw_a_mid_asteroid_rad5,48,48,48,0,0,0,0,0.0149578,88.5951,77.7991,0,0,0,3.80839E-10,378,378,818,3.72809
1002,withdraw_b_whole_system_rad1000,238,238,238,0,0,0,0,0.0372595,528.506,68.6194,0,0,0,6.00316E-10,568,568,8530,3.72809
1002,control_folded_kept40x2_no_withdraw,80,80,80,0,0,0,0,0.0355491,508.331,72.189,0,0,0,1.63412E-10,330,330,758,3.72809
1011,baseline_unfolded_belt_rocks,5000,5000,5000,0,0,0,0,0.0489641,510.798,68.8342,0,0,0,7.88152E-09,5250,5250,6166,3.72809
1011,withdraw_a_mid_asteroid_rad5,48,48,48,0,0,0,0,0.0154363,88.6401,77.8701,0,0,0,3.38694E-10,378,378,813,3.72809
1011,withdraw_b_whole_system_rad1000,238,238,238,0,0,0,0,0.0364559,528.405,68.6105,0,0,0,5.06608E-10,568,568,7667,3.72809
1011,control_folded_kept40x2_no_withdraw,80,80,80,0,0,0,0,0.0324596,507.354,69.6233,0,0,0,1.20308E-10,330,330,759,3.72809
