seed,stage,returned,live,discs,disc_cells_nonempty,disc_mass,disc_heat,obj_mass,total_mass,Px,Py,L,CoM_x,CoM_y,dMass_rel,dPx_over_sum_mv,dPy_over_sum_mv,dL_over_sum_abs_mrv,dCoM_x,dCoM_y,max_elem_resid_rel,elem_worst,elem_Khí nhẹ_resid_rel,elem_Băng_resid_rel,elem_Đá_resid_rel,elem_Kim loại_resid_rel,elem_Carbon_resid_rel,elem_Phóng xạ_resid_rel
1234,start,0,5250,0,0,0,0,50.067013960846644,50.067013960846644,-4.0440773784891694E-17,2.77438250904513E-16,5.753902979138073,0.14787242968653724,0.03778398610429208,,,,,,,,,,,,,,
1234,after_fold_g1,1960,3290,1,17,9.645330301207148E-06,3.842540936717268E-10,50.06700431551631,50.06701396084661,-4.1590468732008514E-17,2.811797948929228E-16,5.753902990156981,0.14787211547029053,0.03778380367246028,-7.09592E-16,-1.57454E-17,5.12416E-17,1.91503E-09,-3.14216E-07,-1.82432E-07,-4.12114E-15,Kim loại,0,-7.83061E-16,1.00757E-15,-4.12114E-15,-1.94741E-15,1.89214E-16
1234,after_fold_g2,2960,330,1,34,2.3926394495638892E-05,4.875487245087345E-10,50.06699003445223,50.06701396084673,-4.1039871260103924E-17,2.7451471266102163E-16,5.75390298653742,0.1478722881500854,0.03778318912842941,2.41261E-15,7.54139E-18,-9.12899E-17,-6.29062E-10,1.7268E-07,-6.14544E-07,5.76959E-15,Kim loại,9.93653E-16,1.17459E-15,-2.87876E-15,5.76959E-15,5.39282E-15,0
1234,repeat_g1_g2,0,330,1,34,2.3926394495638892E-05,4.875487245087345E-10,50.06699003445223,50.06701396084673,-4.1039871260103924E-17,2.7451471266102163E-16,5.75390298653742,0.1478722881500854,0.03778318912842941,0,0,0,0,0,0,0,-,0,0,0,0,0,0
1002,start,0,5250,0,0,0,0,50.06701391927502,50.06701391927502,-2.187990472724011E-16,-5.937706944322766E-16,5.754428999657275,-0.13390861217204417,0.025102674281307923,,,,,,,,,,,,,,
1002,after_fold_g1,1960,3290,1,17,9.615167135282983E-06,3.8369901596954526E-10,50.0670043041078,50.067013919274935,-2.1848702849625507E-16,-5.959898608416496E-16,5.754429004252404,-0.13390835895922307,0.0251029222054536,-1.70302E-15,4.24257E-18,-3.01743E-17,7.98538E-10,2.53213E-07,2.47924E-07,-4.81845E-15,Phóng xạ,0,-1.30517E-15,1.00745E-15,2.47253E-15,3.59511E-15,-4.81845E-15
1002,after_fold_g2,2960,330,1,34,2.3884727388018277E-05,4.888368309920185E-10,50.06699003454736,50.06701391927475,-2.1871347415202514E-16,-5.980898465966145E-16,5.754429040092658,-0.13390773010526974,0.025101690909874366,-3.68988E-15,-3.07933E-18,-2.85568E-17,6.22829E-09,6.28854E-07,-1.2313E-06,-3.13187E-15,Kim loại,0,-1.30517E-15,8.63527E-16,-3.13187E-15,-1.49796E-16,0
1002,repeat_g1_g2,0,330,1,34,2.3884727388018277E-05,4.888368309920185E-10,50.06699003454736,50.06701391927475,-2.1871347415202514E-16,-5.980898465966145E-16,5.754429040092658,-0.13390773010526974,0.025101690909874366,0,0,0,0,0,0,0,-,0,0,0,0,0,0
1011,start,0,5250,0,0,0,0,50.06701374179153,50.06701374179153,-1.9102561460126184E-16,1.9226792921036665E-17,5.755790886585198,-0.07364575292297904,0.08887420207401363,,,,,,,,,,,,,,
1011,after_fold_g1,1960,3290,1,17,9.255995303425009E-06,3.8066249822598134E-10,50.06700448579626,50.06701374179156,-1.9482344257903208E-16,1.9995910508145025E-17,5.755790883063386,-0.07364529605601486,0.08887454136591083,7.09592E-16,-5.58154E-17,1.13035E-17,-6.11873E-10,4.56867E-07,3.39292E-07,1.48341E-15,Kim loại,0,-1.43563E-15,-2.87891E-16,1.48341E-15,-1.19861E-15,-5.61518E-16
1011,after_fold_g2,2960,330,1,34,2.3711446150366807E-05,4.873024253514957E-10,50.06699003034538,50.06701374179153,-1.9248400209880348E-16,1.8829884870236693E-17,5.755790746683605,-0.07364802929713987,0.0888786055785532,-7.09592E-16,3.43856E-17,-1.71385E-17,-2.36944E-08,-2.73324E-06,4.06421E-06,-3.12291E-15,Khí nhẹ,-3.12291E-15,1.30512E-15,-3.02285E-15,-1.81306E-15,1.64808E-15,0
1011,repeat_g1_g2,0,330,1,34,2.3711446150366807E-05,4.873024253514957E-10,50.06699003034538,50.06701374179153,-1.9248400209880348E-16,1.8829884870236693E-17,5.755790746683605,-0.07364802929713987,0.0888786055785532,0,0,0,0,0,0,0,-,0,0,0,0,0,0
