seed,spot,call,returned,live,disc_mass,disc_mass_over_start,nonempty_rings,discs,made_mass_total_over_start,obj_mass_min_this_call,obj_mass_max_this_call,mass_resid_rel_total,L_resid_total_over_sum
1234,a_mid_asteroid_rad5,1,48,378,2.3856944570654806E-05,0.997097,34,1,0.00290265,4.07842E-10,2.11893E-09,-1.13535E-15,-6.63555E-10
1234,a_mid_asteroid_rad5,2,48,426,2.3788620584249313E-05,0.994242,34,1,0.00575824,4.05927E-10,2.07969E-09,-1.5611E-15,-1.31635E-09
1234,a_mid_asteroid_rad5,3,48,474,2.3721403374409462E-05,0.991432,34,1,0.00856757,4.0402E-10,2.04118E-09,-2.27069E-15,-1.95857E-09
1234,a_mid_asteroid_rad5,4,48,522,2.3655274113419767E-05,0.988669,34,1,0.0113314,4.02123E-10,2.00338E-09,-1.41918E-15,-2.59039E-09
1234,a_mid_asteroid_rad5,5,48,570,2.3590214301942307E-05,0.985949,34,1,0.0140506,4.00234E-10,1.96628E-09,-5.67673E-16,-3.21199E-09
1234,a_mid_asteroid_rad5,6,48,618,2.3526205763202702E-05,0.983274,34,1,0.0167258,3.98354E-10,1.92987E-09,-7.09592E-16,-3.82355E-09
1234,a_mid_asteroid_rad5,7,48,666,2.3463230637280066E-05,0.980642,34,1,0.0193579,3.96483E-10,1.89413E-09,-8.5151E-16,-4.42523E-09
1234,a_mid_asteroid_rad5,8,48,714,2.3401271375499158E-05,0.978053,34,1,0.0219474,3.94621E-10,1.85906E-09,-7.09592E-16,-5.0172E-09
1234,a_mid_asteroid_rad5,9,48,762,2.3340310734922744E-05,0.975505,34,1,0.0244953,3.92768E-10,1.82463E-09,-7.09592E-16,-5.59963E-09
1234,a_mid_asteroid_rad5,10,48,810,2.328033177294247E-05,0.972998,34,1,0.0270021,3.90923E-10,1.79085E-09,4.25755E-16,-6.17268E-09
1234,a_mid_asteroid_rad5,11,48,858,2.322131784196647E-05,0.970531,34,1,0.0294686,3.89087E-10,1.75768E-09,2.83837E-16,-6.7365E-09
1234,a_mid_asteroid_rad5,12,48,906,2.3163252584201894E-05,0.968105,34,1,0.0318954,3.87259E-10,1.72514E-09,-5.67673E-16,-7.29126E-09
1234,a_mid_asteroid_rad5,13,48,954,2.310611992653071E-05,0.965717,34,1,0.0342833,3.8544E-10,1.69319E-09,-9.93428E-16,-7.8371E-09
1234,a_mid_asteroid_rad5,14,48,1002,2.304990407547709E-05,0.963367,34,1,0.0366328,3.8363E-10,1.66184E-09,4.25755E-16,-8.37419E-09
1234,a_mid_asteroid_rad5,15,48,1050,2.2994589512264688E-05,0.961055,34,1,0.0389446,3.81828E-10,1.63106E-09,2.69645E-15,-8.90266E-09
1234,a_mid_asteroid_rad5,16,48,1098,2.2940160987962264E-05,0.958781,34,1,0.0412195,3.80035E-10,1.60086E-09,2.98029E-15,-9.42266E-09
1234,a_mid_asteroid_rad5,17,48,1146,2.288660351871599E-05,0.956542,34,1,0.0434579,3.7825E-10,1.57121E-09,2.98029E-15,-9.93433E-09
1234,a_mid_asteroid_rad5,18,48,1194,2.283390238106691E-05,0.954339,34,1,0.0456605,3.76473E-10,1.54212E-09,2.69645E-15,-1.04378E-08
1234,a_mid_asteroid_rad5,19,48,1242,2.2782043107352052E-05,0.952172,34,1,0.047828,3.74705E-10,1.51356E-09,2.83837E-15,-1.09333E-08
1234,a_mid_asteroid_rad5,20,48,1290,2.2731011481187613E-05,0.950039,34,1,0.0499609,3.72945E-10,1.48553E-09,7.09592E-16,-1.14208E-08
1234,a_mid_asteroid_rad5,21,48,1338,2.268079353303281E-05,0.94794,34,1,0.0520597,3.71194E-10,1.45803E-09,1.41918E-16,-1.19006E-08
1234,a_mid_asteroid_rad5,22,48,1386,2.2631375535832917E-05,0.945875,34,1,0.0541251,3.6945E-10,1.43103E-09,5.67673E-16,-1.23727E-08
1234,a_mid_asteroid_rad5,23,48,1434,2.2582744000740026E-05,0.943842,34,1,0.0561577,3.67715E-10,1.40453E-09,5.67673E-16,-1.28373E-08
1234,a_mid_asteroid_rad5,24,48,1482,2.2534885672910216E-05,0.941842,34,1,0.0581579,3.65988E-10,1.37852E-09,-1.41918E-16,-1.32945E-08
1234,a_mid_asteroid_rad5,25,48,1530,2.2487787527375682E-05,0.939874,34,1,0.0601264,3.64269E-10,1.35299E-09,-5.67673E-16,-1.37444E-08
1234,a_mid_asteroid_rad5,26,48,1578,2.2441436764990522E-05,0.937936,34,1,0.0620636,3.62558E-10,1.32794E-09,1.41918E-15,-1.41872E-08
1234,a_mid_asteroid_rad5,27,48,1626,2.2395820808448802E-05,0.93603,34,1,0.0639701,3.60855E-10,1.30335E-09,2.12878E-15,-1.4623E-08
1234,a_mid_asteroid_rad5,28,48,1674,2.235092729837367E-05,0.934154,34,1,0.0658464,3.5916E-10,1.27921E-09,9.93428E-16,-1.50518E-08
1234,a_mid_asteroid_rad5,29,48,1722,2.2306744089476208E-05,0.932307,34,1,0.067693,3.57473E-10,1.25552E-09,-2.83837E-16,-1.54739E-08
1234,a_mid_asteroid_rad5,30,48,1770,2.2263259246782736E-05,0.93049,34,1,0.0695105,3.55794E-10,1.23227E-09,-8.5151E-16,-1.58893E-08
1234,a_mid_asteroid_rad5,31,48,1818,2.2220461041929383E-05,0.928701,34,1,0.0712992,3.54123E-10,1.20946E-09,-8.5151E-16,-1.62981E-08
1234,a_mid_asteroid_rad5,32,48,1866,2.217833794952272E-05,0.92694,34,1,0.0730598,3.5246E-10,1.18706E-09,-1.13535E-15,-1.67005E-08
1234,a_mid_asteroid_rad5,33,48,1914,2.213687864356521E-05,0.925207,34,1,0.0747925,3.50805E-10,1.16508E-09,-2.12878E-15,-1.70966E-08
1234,a_mid_asteroid_rad5,34,48,1962,2.209607199394438E-05,0.923502,34,1,0.076498,3.49157E-10,1.1435E-09,-2.27069E-15,-1.74864E-08
1234,a_mid_asteroid_rad5,35,48,2010,2.2055907062984525E-05,0.921823,34,1,0.0781767,3.47517E-10,1.12233E-09,-2.27069E-15,-1.787E-08
1234,a_mid_asteroid_rad5,36,48,2058,2.2016373102059827E-05,0.920171,34,1,0.0798291,3.45885E-10,1.10155E-09,-8.5151E-16,-1.82477E-08
1234,a_mid_asteroid_rad5,37,48,2106,2.1977459548267813E-05,0.918545,34,1,0.0814554,3.4426E-10,1.08115E-09,-2.83837E-16,-1.86194E-08
1234,a_mid_asteroid_rad5,38,48,2154,2.1939156021162025E-05,0.916944,34,1,0.0830563,3.42643E-10,1.06113E-09,0,-1.89852E-08
1234,a_mid_asteroid_rad5,39,48,2202,2.190145231954287E-05,0.915368,34,1,0.0846321,3.41034E-10,1.04148E-09,-5.67673E-16,-1.93454E-08
1234,a_mid_asteroid_rad5,40,48,2250,2.1864338418305592E-05,0.913817,34,1,0.0861833,3.39432E-10,1.02219E-09,-1.41918E-16,-1.96999E-08
1234,a_mid_asteroid_rad5,41,48,2298,2.1827804465344366E-05,0.91229,34,1,0.0877102,3.37838E-10,1.00326E-09,-1.41918E-15,-2.00488E-08
1234,a_mid_asteroid_rad5,42,48,2346,2.179184077851144E-05,0.910787,34,1,0.0892133,3.36251E-10,9.84685E-10,-2.41261E-15,-2.03923E-08
1234,a_mid_asteroid_rad5,43,48,2394,2.1756437842630434E-05,0.909307,34,1,0.090693,3.34672E-10,9.66451E-10,-1.27727E-15,-2.07305E-08
1234,a_mid_asteroid_rad5,44,48,2442,2.1721586306562722E-05,0.90785,34,1,0.0921496,3.331E-10,9.48554E-10,-9.93428E-16,-2.10633E-08
1234,a_mid_asteroid_rad5,45,48,2490,2.1687276980326035E-05,0.906416,34,1,0.0935836,3.31536E-10,9.30989E-10,-1.13535E-15,-2.1391E-08
1234,a_mid_asteroid_rad5,46,48,2538,2.1653500832264273E-05,0.905005,34,1,0.0949952,3.29979E-10,9.1375E-10,-1.41918E-15,-2.17136E-08
1234,a_mid_asteroid_rad5,47,48,2586,2.162024898626766E-05,0.903615,34,1,0.096385,3.28429E-10,8.96829E-10,-2.12878E-15,-2.20312E-08
1234,a_mid_asteroid_rad5,48,48,2634,2.1587512719042317E-05,0.902247,34,1,0.0977532,3.26886E-10,8.80222E-10,-1.5611E-15,-2.23438E-08
1234,a_mid_asteroid_rad5,49,48,2682,2.155528345742837E-05,0.9009,34,1,0.0991002,3.25351E-10,8.63922E-10,-1.70302E-15,-2.26516E-08
1234,a_mid_asteroid_rad5,50,48,2730,2.1523552775765703E-05,0.899574,34,1,0.100426,3.23823E-10,8.47924E-10,-7.09592E-16,-2.29547E-08
1234,a_mid_asteroid_rad5,51,48,2778,2.1492312393306546E-05,0.898268,34,1,0.101732,3.22302E-10,8.32223E-10,-2.83837E-16,-2.3253E-08
1234,a_mid_asteroid_rad5,52,48,2826,2.146155417167401E-05,0.896982,34,1,0.103018,3.20788E-10,8.16812E-10,-7.09592E-16,-2.35467E-08
1234,a_mid_asteroid_rad5,53,48,2874,2.1431270112365792E-05,0.895717,34,1,0.104283,3.19281E-10,8.01686E-10,7.09592E-16,-2.38359E-08
1234,a_mid_asteroid_rad5,54,48,2922,2.140145235430218E-05,0.89447,34,1,0.10553,3.17782E-10,7.86841E-10,2.41261E-15,-2.41207E-08
1234,a_mid_asteroid_rad5,55,48,2970,2.1372093171417624E-05,0.893243,34,1,0.106757,3.16289E-10,7.7227E-10,2.12878E-15,-2.4401E-08
1234,a_mid_asteroid_rad5,56,48,3018,2.1343184970295085E-05,0.892035,34,1,0.107965,3.14804E-10,7.5797E-10,2.69645E-15,-2.46771E-08
1234,a_mid_asteroid_rad5,57,48,3066,2.1314720287842327E-05,0.890845,34,1,0.109155,3.13325E-10,7.43934E-10,2.69645E-15,-2.49489E-08
1234,a_mid_asteroid_rad5,58,48,3114,2.128669178900948E-05,0.889674,34,1,0.110326,3.11853E-10,7.30158E-10,2.12878E-15,-2.52165E-08
1234,a_mid_asteroid_rad5,59,48,3162,2.1259092264547125E-05,0.888521,34,1,0.111479,3.10389E-10,7.16637E-10,9.93428E-16,-2.54801E-08
1234,a_mid_asteroid_rad5,60,48,3210,2.123191462880412E-05,0.887385,34,1,0.112615,3.08931E-10,7.03367E-10,9.93428E-16,-2.57396E-08
1234,a_mid_asteroid_rad5,61,48,3258,2.1205151917564518E-05,0.886266,34,1,0.113734,3.0748E-10,6.90342E-10,2.55453E-15,-2.59951E-08
1234,a_mid_asteroid_rad5,62,48,3306,2.1178797285922815E-05,0.885165,34,1,0.114835,3.06036E-10,6.77558E-10,2.98029E-15,-2.62467E-08
1234,a_mid_asteroid_rad5,63,48,3354,2.115284400619694E-05,0.88408,34,1,0.11592,3.04598E-10,6.65012E-10,1.98686E-15,-2.64945E-08
1234,a_mid_asteroid_rad5,64,48,3402,2.1127285465878166E-05,0.883012,34,1,0.116988,3.03168E-10,6.52697E-10,2.41261E-15,-2.67386E-08
1234,a_mid_asteroid_rad5,65,48,3450,2.1102115165617435E-05,0.88196,34,1,0.11804,3.01744E-10,6.40611E-10,1.70302E-15,-2.69789E-08
1234,a_mid_asteroid_rad5,66,48,3498,2.107732671724733E-05,0.880924,34,1,0.119076,3.00327E-10,6.28748E-10,1.70302E-15,-2.72155E-08
1234,a_mid_asteroid_rad5,67,48,3546,2.1052913841839126E-05,0.879903,34,1,0.120097,2.98916E-10,6.17105E-10,3.1222E-15,-2.74486E-08
1234,a_mid_asteroid_rad5,68,48,3594,2.1028870367794227E-05,0.878898,34,1,0.121102,2.97512E-10,6.05678E-10,3.97371E-15,-2.76781E-08
1234,a_mid_asteroid_rad5,69,48,3642,2.100519022896946E-05,0.877909,34,1,0.122091,2.96115E-10,5.94462E-10,3.40604E-15,-2.79042E-08
1234,a_mid_asteroid_rad5,70,48,3690,2.0981867462835546E-05,0.876934,34,1,0.123066,2.94724E-10,5.83454E-10,4.11563E-15,-2.81268E-08
1234,a_mid_asteroid_rad5,71,48,3738,2.095889620866818E-05,0.875974,34,1,0.124026,2.9334E-10,5.7265E-10,2.27069E-15,-2.83461E-08
1234,a_mid_asteroid_rad5,72,48,3786,2.0936270705771138E-05,0.875028,34,1,0.124972,2.91962E-10,5.62045E-10,2.27069E-15,-2.85621E-08
1234,a_mid_asteroid_rad5,73,48,3834,2.0913985291730858E-05,0.874097,34,1,0.125903,2.90591E-10,5.51638E-10,8.5151E-16,-2.87748E-08
1234,a_mid_asteroid_rad5,74,48,3882,2.0892034400701884E-05,0.873179,34,1,0.126821,2.89226E-10,5.41423E-10,-4.25755E-16,-2.89843E-08
1234,a_mid_asteroid_rad5,75,48,3930,2.0870412561722674E-05,0.872276,34,1,0.127724,2.87867E-10,5.31397E-10,2.83837E-16,-2.91907E-08
1234,a_mid_asteroid_rad5,76,48,3978,2.084911439706119E-05,0.871386,34,1,0.128614,2.86515E-10,5.21557E-10,1.13535E-15,-2.9394E-08
1234,a_mid_asteroid_rad5,77,48,4026,2.082813462058975E-05,0.870509,34,1,0.129491,2.8517E-10,5.11898E-10,-1.41918E-16,-2.95942E-08
1234,a_mid_asteroid_rad5,78,48,4074,2.080746803618863E-05,0.869645,34,1,0.130355,2.8383E-10,5.02419E-10,-7.09592E-16,-2.97915E-08
1234,a_mid_asteroid_rad5,79,48,4122,2.0787109536177914E-05,0.868794,34,1,0.131206,2.82497E-10,4.93116E-10,-1.41918E-16,-2.99858E-08
1234,a_mid_asteroid_rad5,80,48,4170,2.0767054099777026E-05,0.867956,34,1,0.132044,2.8117E-10,4.83984E-10,0,-3.01772E-08
1234,a_mid_asteroid_rad5,81,48,4218,2.0747296791591506E-05,0.86713,34,1,0.13287,2.7985E-10,4.75022E-10,-2.55453E-15,-3.03657E-08
1234,a_mid_asteroid_rad5,82,48,4266,2.0727832760126546E-05,0.866317,34,1,0.133683,2.78535E-10,4.66226E-10,-3.54796E-15,-3.05515E-08
1234,a_mid_asteroid_rad5,83,48,4314,2.0708657236326786E-05,0.865515,34,1,0.134485,2.77227E-10,4.57592E-10,-5.10906E-15,-3.07344E-08
1234,a_mid_asteroid_rad5,84,48,4362,2.0689765532141873E-05,0.864726,34,1,0.135274,2.75925E-10,4.49119E-10,-4.39947E-15,-3.09147E-08
1234,a_mid_asteroid_rad5,85,48,4410,2.067115303911741E-05,0.863948,34,1,0.136052,2.74629E-10,4.40802E-10,-4.96714E-15,-3.10923E-08
1234,a_mid_asteroid_rad5,86,48,4458,2.0652815227010726E-05,0.863181,34,1,0.136819,2.73339E-10,4.32639E-10,-3.97371E-15,-3.12673E-08
1234,a_mid_asteroid_rad5,87,48,4506,2.0634747642431152E-05,0.862426,34,1,0.137574,2.72055E-10,4.24628E-10,-4.39947E-15,-3.14397E-08
1234,a_mid_asteroid_rad5,88,48,4554,2.0616945907504244E-05,0.861682,34,1,0.138318,2.70778E-10,4.16765E-10,-3.68988E-15,-3.16095E-08
1234,a_mid_asteroid_rad5,89,48,4602,2.05994057185596E-05,0.860949,34,1,0.139051,2.69506E-10,4.09047E-10,-2.98029E-15,-3.17769E-08
1234,a_mid_asteroid_rad5,90,48,4650,2.0582122844841847E-05,0.860227,34,1,0.139773,2.6824E-10,4.01473E-10,-4.68331E-15,-3.19417E-08
1234,a_mid_asteroid_rad5,91,48,4698,2.0565093127244347E-05,0.859515,34,1,0.140485,2.6698E-10,3.94038E-10,-4.54139E-15,-3.21042E-08
1234,a_mid_asteroid_rad5,92,48,4746,2.054831247706525E-05,0.858814,34,1,0.141186,2.65726E-10,3.86742E-10,-4.96714E-15,-3.22643E-08
1234,a_mid_asteroid_rad5,93,48,4794,2.0531776874785473E-05,0.858122,34,1,0.141878,2.64478E-10,3.7958E-10,-5.3929E-15,-3.2422E-08
1234,a_mid_asteroid_rad5,94,48,4842,2.051548236886825E-05,0.857441,34,1,0.142559,2.63236E-10,3.72551E-10,-5.3929E-15,-3.25775E-08
1234,a_mid_asteroid_rad5,95,48,4890,2.0499425074579815E-05,0.85677,34,1,0.14323,2.62E-10,3.65652E-10,-5.25098E-15,-3.27306E-08
1234,a_mid_asteroid_rad5,96,48,4938,2.048360117283088E-05,0.856109,34,1,0.143891,2.60769E-10,3.58881E-10,-6.38633E-15,-3.28815E-08
1234,a_mid_asteroid_rad5,97,48,4986,2.046800690903853E-05,0.855457,34,1,0.144543,2.59544E-10,3.52236E-10,-5.53482E-15,-3.30303E-08
1234,a_mid_asteroid_rad5,98,48,5034,2.045263859200819E-05,0.854815,34,1,0.145185,2.58325E-10,3.45713E-10,-5.81865E-15,-3.31769E-08
1234,a_mid_asteroid_rad5,99,48,5082,2.0437492592835243E-05,0.854182,34,1,0.145818,2.57112E-10,3.39311E-10,-6.10249E-15,-3.33213E-08
1234,a_mid_asteroid_rad5,100,48,5130,2.0422565343826E-05,0.853558,34,1,0.146442,2.55904E-10,3.3353E-10,-6.10249E-15,-3.34637E-08
1234,b_whole_system_rad1000,1,238,568,0,0,0,0,1,9.97092E-11,1.9418E-07,2.83837E-16,6.17444E-16
1234,b_whole_system_rad1000,2,0,568,0,0,0,0,1,,,2.83837E-16,6.17444E-16
1234,b_whole_system_rad1000,3,0,568,0,0,0,0,1,,,2.83837E-16,6.17444E-16
1234,b_whole_system_rad1000,4,0,568,0,0,0,0,1,,,2.83837E-16,6.17444E-16
1234,b_whole_system_rad1000,5,0,568,0,0,0,0,1,,,2.83837E-16,6.17444E-16
1234,b_whole_system_rad1000,6,0,568,0,0,0,0,1,,,2.83837E-16,6.17444E-16
1234,b_whole_system_rad1000,7,0,568,0,0,0,0,1,,,2.83837E-16,6.17444E-16
1234,b_whole_system_rad1000,8,0,568,0,0,0,0,1,,,2.83837E-16,6.17444E-16
1234,b_whole_system_rad1000,9,0,568,0,0,0,0,1,,,2.83837E-16,6.17444E-16
1234,b_whole_system_rad1000,10,0,568,0,0,0,0,1,,,2.83837E-16,6.17444E-16
1234,b_whole_system_rad1000,11,0,568,0,0,0,0,1,,,2.83837E-16,6.17444E-16
1234,b_whole_system_rad1000,12,0,568,0,0,0,0,1,,,2.83837E-16,6.17444E-16
1234,b_whole_system_rad1000,13,0,568,0,0,0,0,1,,,2.83837E-16,6.17444E-16
1234,b_whole_system_rad1000,14,0,568,0,0,0,0,1,,,2.83837E-16,6.17444E-16
1234,b_whole_system_rad1000,15,0,568,0,0,0,0,1,,,2.83837E-16,6.17444E-16
1234,b_whole_system_rad1000,16,0,568,0,0,0,0,1,,,2.83837E-16,6.17444E-16
1234,b_whole_system_rad1000,17,0,568,0,0,0,0,1,,,2.83837E-16,6.17444E-16
1234,b_whole_system_rad1000,18,0,568,0,0,0,0,1,,,2.83837E-16,6.17444E-16
1234,b_whole_system_rad1000,19,0,568,0,0,0,0,1,,,2.83837E-16,6.17444E-16
1234,b_whole_system_rad1000,20,0,568,0,0,0,0,1,,,2.83837E-16,6.17444E-16
1234,b_whole_system_rad1000,21,0,568,0,0,0,0,1,,,2.83837E-16,6.17444E-16
1234,b_whole_system_rad1000,22,0,568,0,0,0,0,1,,,2.83837E-16,6.17444E-16
1234,b_whole_system_rad1000,23,0,568,0,0,0,0,1,,,2.83837E-16,6.17444E-16
1234,b_whole_system_rad1000,24,0,568,0,0,0,0,1,,,2.83837E-16,6.17444E-16
1234,b_whole_system_rad1000,25,0,568,0,0,0,0,1,,,2.83837E-16,6.17444E-16
1234,b_whole_system_rad1000,26,0,568,0,0,0,0,1,,,2.83837E-16,6.17444E-16
1234,b_whole_system_rad1000,27,0,568,0,0,0,0,1,,,2.83837E-16,6.17444E-16
1234,b_whole_system_rad1000,28,0,568,0,0,0,0,1,,,2.83837E-16,6.17444E-16
1234,b_whole_system_rad1000,29,0,568,0,0,0,0,1,,,2.83837E-16,6.17444E-16
1234,b_whole_system_rad1000,30,0,568,0,0,0,0,1,,,2.83837E-16,6.17444E-16
1234,b_whole_system_rad1000,31,0,568,0,0,0,0,1,,,2.83837E-16,6.17444E-16
1234,b_whole_system_rad1000,32,0,568,0,0,0,0,1,,,2.83837E-16,6.17444E-16
1234,b_whole_system_rad1000,33,0,568,0,0,0,0,1,,,2.83837E-16,6.17444E-16
1234,b_whole_system_rad1000,34,0,568,0,0,0,0,1,,,2.83837E-16,6.17444E-16
1234,b_whole_system_rad1000,35,0,568,0,0,0,0,1,,,2.83837E-16,6.17444E-16
1234,b_whole_system_rad1000,36,0,568,0,0,0,0,1,,,2.83837E-16,6.17444E-16
1234,b_whole_system_rad1000,37,0,568,0,0,0,0,1,,,2.83837E-16,6.17444E-16
1234,b_whole_system_rad1000,38,0,568,0,0,0,0,1,,,2.83837E-16,6.17444E-16
1234,b_whole_system_rad1000,39,0,568,0,0,0,0,1,,,2.83837E-16,6.17444E-16
1234,b_whole_system_rad1000,40,0,568,0,0,0,0,1,,,2.83837E-16,6.17444E-16
1234,b_whole_system_rad1000,41,0,568,0,0,0,0,1,,,2.83837E-16,6.17444E-16
1234,b_whole_system_rad1000,42,0,568,0,0,0,0,1,,,2.83837E-16,6.17444E-16
1234,b_whole_system_rad1000,43,0,568,0,0,0,0,1,,,2.83837E-16,6.17444E-16
1234,b_whole_system_rad1000,44,0,568,0,0,0,0,1,,,2.83837E-16,6.17444E-16
1234,b_whole_system_rad1000,45,0,568,0,0,0,0,1,,,2.83837E-16,6.17444E-16
1234,b_whole_system_rad1000,46,0,568,0,0,0,0,1,,,2.83837E-16,6.17444E-16
1234,b_whole_system_rad1000,47,0,568,0,0,0,0,1,,,2.83837E-16,6.17444E-16
1234,b_whole_system_rad1000,48,0,568,0,0,0,0,1,,,2.83837E-16,6.17444E-16
1234,b_whole_system_rad1000,49,0,568,0,0,0,0,1,,,2.83837E-16,6.17444E-16
1234,b_whole_system_rad1000,50,0,568,0,0,0,0,1,,,2.83837E-16,6.17444E-16
1234,b_whole_system_rad1000,51,0,568,0,0,0,0,1,,,2.83837E-16,6.17444E-16
1234,b_whole_system_rad1000,52,0,568,0,0,0,0,1,,,2.83837E-16,6.17444E-16
1234,b_whole_system_rad1000,53,0,568,0,0,0,0,1,,,2.83837E-16,6.17444E-16
1234,b_whole_system_rad1000,54,0,568,0,0,0,0,1,,,2.83837E-16,6.17444E-16
1234,b_whole_system_rad1000,55,0,568,0,0,0,0,1,,,2.83837E-16,6.17444E-16
1234,b_whole_system_rad1000,56,0,568,0,0,0,0,1,,,2.83837E-16,6.17444E-16
1234,b_whole_system_rad1000,57,0,568,0,0,0,0,1,,,2.83837E-16,6.17444E-16
1234,b_whole_system_rad1000,58,0,568,0,0,0,0,1,,,2.83837E-16,6.17444E-16
1234,b_whole_system_rad1000,59,0,568,0,0,0,0,1,,,2.83837E-16,6.17444E-16
1234,b_whole_system_rad1000,60,0,568,0,0,0,0,1,,,2.83837E-16,6.17444E-16
1234,b_whole_system_rad1000,61,0,568,0,0,0,0,1,,,2.83837E-16,6.17444E-16
1234,b_whole_system_rad1000,62,0,568,0,0,0,0,1,,,2.83837E-16,6.17444E-16
1234,b_whole_system_rad1000,63,0,568,0,0,0,0,1,,,2.83837E-16,6.17444E-16
1234,b_whole_system_rad1000,64,0,568,0,0,0,0,1,,,2.83837E-16,6.17444E-16
1234,b_whole_system_rad1000,65,0,568,0,0,0,0,1,,,2.83837E-16,6.17444E-16
1234,b_whole_system_rad1000,66,0,568,0,0,0,0,1,,,2.83837E-16,6.17444E-16
1234,b_whole_system_rad1000,67,0,568,0,0,0,0,1,,,2.83837E-16,6.17444E-16
1234,b_whole_system_rad1000,68,0,568,0,0,0,0,1,,,2.83837E-16,6.17444E-16
1234,b_whole_system_rad1000,69,0,568,0,0,0,0,1,,,2.83837E-16,6.17444E-16
1234,b_whole_system_rad1000,70,0,568,0,0,0,0,1,,,2.83837E-16,6.17444E-16
1234,b_whole_system_rad1000,71,0,568,0,0,0,0,1,,,2.83837E-16,6.17444E-16
1234,b_whole_system_rad1000,72,0,568,0,0,0,0,1,,,2.83837E-16,6.17444E-16
1234,b_whole_system_rad1000,73,0,568,0,0,0,0,1,,,2.83837E-16,6.17444E-16
1234,b_whole_system_rad1000,74,0,568,0,0,0,0,1,,,2.83837E-16,6.17444E-16
1234,b_whole_system_rad1000,75,0,568,0,0,0,0,1,,,2.83837E-16,6.17444E-16
1234,b_whole_system_rad1000,76,0,568,0,0,0,0,1,,,2.83837E-16,6.17444E-16
1234,b_whole_system_rad1000,77,0,568,0,0,0,0,1,,,2.83837E-16,6.17444E-16
1234,b_whole_system_rad1000,78,0,568,0,0,0,0,1,,,2.83837E-16,6.17444E-16
1234,b_whole_system_rad1000,79,0,568,0,0,0,0,1,,,2.83837E-16,6.17444E-16
1234,b_whole_system_rad1000,80,0,568,0,0,0,0,1,,,2.83837E-16,6.17444E-16
1234,b_whole_system_rad1000,81,0,568,0,0,0,0,1,,,2.83837E-16,6.17444E-16
1234,b_whole_system_rad1000,82,0,568,0,0,0,0,1,,,2.83837E-16,6.17444E-16
1234,b_whole_system_rad1000,83,0,568,0,0,0,0,1,,,2.83837E-16,6.17444E-16
1234,b_whole_system_rad1000,84,0,568,0,0,0,0,1,,,2.83837E-16,6.17444E-16
1234,b_whole_system_rad1000,85,0,568,0,0,0,0,1,,,2.83837E-16,6.17444E-16
1234,b_whole_system_rad1000,86,0,568,0,0,0,0,1,,,2.83837E-16,6.17444E-16
1234,b_whole_system_rad1000,87,0,568,0,0,0,0,1,,,2.83837E-16,6.17444E-16
1234,b_whole_system_rad1000,88,0,568,0,0,0,0,1,,,2.83837E-16,6.17444E-16
1234,b_whole_system_rad1000,89,0,568,0,0,0,0,1,,,2.83837E-16,6.17444E-16
1234,b_whole_system_rad1000,90,0,568,0,0,0,0,1,,,2.83837E-16,6.17444E-16
1234,b_whole_system_rad1000,91,0,568,0,0,0,0,1,,,2.83837E-16,6.17444E-16
1234,b_whole_system_rad1000,92,0,568,0,0,0,0,1,,,2.83837E-16,6.17444E-16
1234,b_whole_system_rad1000,93,0,568,0,0,0,0,1,,,2.83837E-16,6.17444E-16
1234,b_whole_system_rad1000,94,0,568,0,0,0,0,1,,,2.83837E-16,6.17444E-16
1234,b_whole_system_rad1000,95,0,568,0,0,0,0,1,,,2.83837E-16,6.17444E-16
1234,b_whole_system_rad1000,96,0,568,0,0,0,0,1,,,2.83837E-16,6.17444E-16
1234,b_whole_system_rad1000,97,0,568,0,0,0,0,1,,,2.83837E-16,6.17444E-16
1234,b_whole_system_rad1000,98,0,568,0,0,0,0,1,,,2.83837E-16,6.17444E-16
1234,b_whole_system_rad1000,99,0,568,0,0,0,0,1,,,2.83837E-16,6.17444E-16
1234,b_whole_system_rad1000,100,0,568,0,0,0,0,1,,,2.83837E-16,6.17444E-16
1002,a_mid_asteroid_rad5,1,48,378,2.382211037940408E-05,0.997378,34,1,0.00262163,4.19519E-10,1.886E-09,-1.41918E-16,5.63408E-10
1002,a_mid_asteroid_rad5,2,48,426,2.3760489133618438E-05,0.994798,34,1,0.00520158,4.17549E-10,1.85017E-09,5.67673E-16,1.11785E-09
1002,a_mid_asteroid_rad5,3,48,474,2.3699846894571732E-05,0.992259,34,1,0.00774053,4.15587E-10,1.81503E-09,9.93428E-16,1.66349E-09
1002,a_mid_asteroid_rad5,4,48,522,2.364016719655469E-05,0.989761,34,1,0.0102392,4.13635E-10,1.78055E-09,1.84494E-15,2.20046E-09
1002,a_mid_asteroid_rad5,5,48,570,2.3581433859116314E-05,0.987302,34,1,0.0126982,4.11693E-10,1.74672E-09,1.98686E-15,2.72892E-09
1002,a_mid_asteroid_rad5,6,48,618,2.3523630982033236E-05,0.984882,34,1,0.0151183,4.09759E-10,1.71354E-09,-2.83837E-16,3.249E-09
1002,a_mid_asteroid_rad5,7,48,666,2.346674294036889E-05,0.9825,34,1,0.0175001,4.07835E-10,1.68099E-09,-2.83837E-16,3.76085E-09
1002,a_mid_asteroid_rad5,8,48,714,2.3410754379620797E-05,0.980156,34,1,0.0198442,4.05919E-10,1.64905E-09,-4.25755E-16,4.26461E-09
1002,a_mid_asteroid_rad5,9,48,762,2.3355650210954508E-05,0.977849,34,1,0.0221513,4.04013E-10,1.61773E-09,9.93428E-16,4.7604E-09
1002,a_mid_asteroid_rad5,10,48,810,2.3301415606522493E-05,0.975578,34,1,0.024422,4.02115E-10,1.587E-09,2.98029E-15,5.24837E-09
1002,a_mid_asteroid_rad5,11,48,858,2.3248035994866587E-05,0.973343,34,1,0.0266568,4.00226E-10,1.55685E-09,3.97371E-15,5.72864E-09
1002,a_mid_asteroid_rad5,12,48,906,2.319549705640239E-05,0.971143,34,1,0.0288565,3.98347E-10,1.52727E-09,3.1222E-15,6.20135E-09
1002,a_mid_asteroid_rad5,13,48,954,2.3143784718984195E-05,0.968978,34,1,0.0310216,3.96476E-10,1.49826E-09,2.98029E-15,6.66662E-09
1002,a_mid_asteroid_rad5,14,48,1002,2.3092885153549004E-05,0.966847,34,1,0.0331527,3.94613E-10,1.4698E-09,2.27069E-15,7.12457E-09
1002,a_mid_asteroid_rad5,15,48,1050,2.304278476983812E-05,0.96475,34,1,0.0352503,3.9276E-10,1.44187E-09,1.98686E-15,7.57533E-09
1002,a_mid_asteroid_rad5,16,48,1098,2.2993470212195113E-05,0.962685,34,1,0.0373149,3.90915E-10,1.41448E-09,2.12878E-15,8.01901E-09
1002,a_mid_asteroid_rad5,17,48,1146,2.294492835543851E-05,0.960653,34,1,0.0393473,3.89079E-10,1.38761E-09,1.70302E-15,8.45575E-09
1002,a_mid_asteroid_rad5,18,48,1194,2.2897146300808146E-05,0.958652,34,1,0.0413478,3.87252E-10,1.36125E-09,8.5151E-16,8.88564E-09
1002,a_mid_asteroid_rad5,19,48,1242,2.2850111371983653E-05,0.956683,34,1,0.0433171,3.85433E-10,1.33539E-09,1.70302E-15,9.3088E-09
1002,a_mid_asteroid_rad5,20,48,1290,2.2803811111173898E-05,0.954744,34,1,0.0452555,3.83623E-10,1.31002E-09,1.98686E-15,9.72536E-09
1002,a_mid_asteroid_rad5,21,48,1338,2.2758233275276003E-05,0.952836,34,1,0.0471638,3.81821E-10,1.28514E-09,2.27069E-15,1.01354E-08
1002,a_mid_asteroid_rad5,22,48,1386,2.2713365832102822E-05,0.950958,34,1,0.0490423,3.80028E-10,1.26072E-09,2.83837E-15,1.05391E-08
1002,a_mid_asteroid_rad5,23,48,1434,2.266919695667752E-05,0.949108,34,1,0.0508915,3.78243E-10,1.23677E-09,2.83837E-15,1.09364E-08
1002,a_mid_asteroid_rad5,24,48,1482,2.2625715027594135E-05,0.947288,34,1,0.052712,3.76466E-10,1.21328E-09,2.55453E-15,1.13276E-08
1002,a_mid_asteroid_rad5,25,48,1530,2.2582908623442865E-05,0.945496,34,1,0.0545042,3.74698E-10,1.19023E-09,2.27069E-15,1.17127E-08
1002,a_mid_asteroid_rad5,26,48,1578,2.254076651929901E-05,0.943731,34,1,0.0562686,3.72938E-10,1.16762E-09,1.5611E-15,1.20919E-08
1002,a_mid_asteroid_rad5,27,48,1626,2.2499277683274323E-05,0.941994,34,1,0.0580057,3.71186E-10,1.14544E-09,2.27069E-15,1.24651E-08
1002,a_mid_asteroid_rad5,28,48,1674,2.2458431273129724E-05,0.940284,34,1,0.0597158,3.69443E-10,1.12368E-09,2.69645E-15,1.28326E-08
1002,a_mid_asteroid_rad5,29,48,1722,2.2418216632948262E-05,0.9386,34,1,0.0613995,3.67708E-10,1.10233E-09,2.12878E-15,1.31943E-08
1002,a_mid_asteroid_rad5,30,48,1770,2.237862328986719E-05,0.936943,34,1,0.0630572,3.65981E-10,1.08139E-09,1.70302E-15,1.35505E-08
1002,a_mid_asteroid_rad5,31,48,1818,2.233964095086817E-05,0.935311,34,1,0.0646893,3.64262E-10,1.06085E-09,9.93428E-16,1.39012E-08
1002,a_mid_asteroid_rad5,32,48,1866,2.2301259499624516E-05,0.933704,34,1,0.0662963,3.62551E-10,1.0407E-09,2.55453E-15,1.42465E-08
1002,a_mid_asteroid_rad5,33,48,1914,2.226346899340446E-05,0.932122,34,1,0.0678785,3.60848E-10,1.02093E-09,4.11563E-15,1.45864E-08
1002,a_mid_asteroid_rad5,34,48,1962,2.222625966002945E-05,0.930564,34,1,0.0694363,3.59153E-10,1.00153E-09,3.54796E-15,1.49211E-08
1002,a_mid_asteroid_rad5,35,48,2010,2.2189621894886456E-05,0.92903,34,1,0.0709703,3.57467E-10,9.82506E-10,3.1222E-15,1.52507E-08
1002,a_mid_asteroid_rad5,36,48,2058,2.215354625799337E-05,0.927519,34,1,0.0724807,3.55788E-10,9.63842E-10,3.97371E-15,1.55752E-08
1002,a_mid_asteroid_rad5,37,48,2106,2.2118023471116507E-05,0.926032,34,1,0.0739679,3.54117E-10,9.45532E-10,3.40604E-15,1.58948E-08
1002,a_mid_asteroid_rad5,38,48,2154,2.2083044414939278E-05,0.924568,34,1,0.0754324,3.52453E-10,9.27569E-10,2.12878E-15,1.62094E-08
1002,a_mid_asteroid_rad5,39,48,2202,2.2048600126281114E-05,0.923125,34,1,0.0768745,3.50798E-10,9.09948E-10,1.84494E-15,1.65192E-08
1002,a_mid_asteroid_rad5,40,48,2250,2.20146817953658E-05,0.921705,34,1,0.0782946,3.4915E-10,8.92662E-10,3.40604E-15,1.68243E-08
1002,a_mid_asteroid_rad5,41,48,2298,2.1981280763138208E-05,0.920307,34,1,0.079693,3.4751E-10,8.75704E-10,3.1222E-15,1.71248E-08
1002,a_mid_asteroid_rad5,42,48,2346,2.1948388518628694E-05,0.91893,34,1,0.0810702,3.45878E-10,8.59069E-10,2.69645E-15,1.74206E-08
1002,a_mid_asteroid_rad5,43,48,2394,2.1915996696364218E-05,0.917574,34,1,0.0824263,3.44254E-10,8.42749E-10,2.69645E-15,1.7712E-08
1002,a_mid_asteroid_rad5,44,48,2442,2.1884097073825394E-05,0.916238,34,1,0.0837619,3.42637E-10,8.2674E-10,2.55453E-15,1.79989E-08
1002,a_mid_asteroid_rad5,45,48,2490,2.1852681568948622E-05,0.914923,34,1,0.0850772,3.41028E-10,8.11034E-10,2.12878E-15,1.82815E-08
1002,a_mid_asteroid_rad5,46,48,2538,2.1821742237672505E-05,0.913627,34,1,0.0863726,3.39426E-10,7.95627E-10,2.69645E-15,1.85597E-08
1002,a_mid_asteroid_rad5,47,48,2586,2.1791271271527748E-05,0.912352,34,1,0.0876483,3.37832E-10,7.80513E-10,3.97371E-15,1.88338E-08
1002,a_mid_asteroid_rad5,48,48,2634,2.1761260995269803E-05,0.911095,34,1,0.0889048,3.36245E-10,7.65685E-10,4.68331E-15,1.91037E-08
1002,a_mid_asteroid_rad5,49,48,2682,2.173170386455342E-05,0.909858,34,1,0.0901423,3.34666E-10,7.5114E-10,4.11563E-15,1.93695E-08
1002,a_mid_asteroid_rad5,50,48,2730,2.1702592463648403E-05,0.908639,34,1,0.0913611,3.33094E-10,7.3687E-10,3.8318E-15,1.96313E-08
1002,a_mid_asteroid_rad5,51,48,2778,2.167391950319587E-05,0.907438,34,1,0.0925616,3.31529E-10,7.22872E-10,4.96714E-15,1.98892E-08
1002,a_mid_asteroid_rad5,52,48,2826,2.1645677818004155E-05,0.906256,34,1,0.093744,3.29972E-10,7.0914E-10,3.8318E-15,2.01432E-08
1002,a_mid_asteroid_rad5,53,48,2874,2.161786036488383E-05,0.905091,34,1,0.0949086,3.28422E-10,6.95668E-10,3.97371E-15,2.03933E-08
1002,a_mid_asteroid_rad5,54,48,2922,2.1590460220521E-05,0.903944,34,1,0.0960558,3.2688E-10,6.82453E-10,4.68331E-15,2.06397E-08
1002,a_mid_asteroid_rad5,55,48,2970,2.1563470579388228E-05,0.902814,34,1,0.0971858,3.25345E-10,6.69488E-10,3.8318E-15,2.08825E-08
1002,a_mid_asteroid_rad5,56,48,3018,2.1536884751692474E-05,0.901701,34,1,0.0982989,3.23816E-10,6.5677E-10,3.97371E-15,2.11215E-08
1002,a_mid_asteroid_rad5,57,48,3066,2.1510696161359295E-05,0.900605,34,1,0.0993954,3.22296E-10,6.44293E-10,4.54139E-15,2.1357E-08
1002,a_mid_asteroid_rad5,58,48,3114,2.1484898344052704E-05,0.899525,34,1,0.100475,3.20782E-10,6.32054E-10,4.54139E-15,2.1589E-08
1002,a_mid_asteroid_rad5,59,48,3162,2.145948494523008E-05,0.898461,34,1,0.101539,3.19275E-10,6.20047E-10,4.25755E-15,2.18175E-08
1002,a_mid_asteroid_rad5,60,48,3210,2.1434449718231427E-05,0.897412,34,1,0.102588,3.17776E-10,6.08268E-10,4.96714E-15,2.20426E-08
1002,a_mid_asteroid_rad5,61,48,3258,2.1409786522402455E-05,0.89638,34,1,0.10362,3.16283E-10,5.96713E-10,5.3929E-15,2.22644E-08
1002,a_mid_asteroid_rad5,62,48,3306,2.138548932125078E-05,0.895363,34,1,0.104637,3.14798E-10,5.85377E-10,4.39947E-15,2.24829E-08
1002,a_mid_asteroid_rad5,63,48,3354,2.136155218063476E-05,0.89436,34,1,0.10564,3.13319E-10,5.74257E-10,3.68988E-15,2.26981E-08
1002,a_mid_asteroid_rad5,64,48,3402,2.1337969266984294E-05,0.893373,34,1,0.106627,3.11847E-10,5.6677E-10,4.82522E-15,2.29101E-08
1002,a_mid_asteroid_rad5,65,48,3450,2.1314734845553043E-05,0.8924,34,1,0.1076,3.10383E-10,5.60773E-10,3.40604E-15,2.3119E-08
1002,a_mid_asteroid_rad5,66,48,3498,2.1291843278701567E-05,0.891442,34,1,0.108558,3.08925E-10,5.5484E-10,2.55453E-15,2.33248E-08
1002,a_mid_asteroid_rad5,67,48,3546,2.126928902421071E-05,0.890497,34,1,0.109503,3.07474E-10,5.4897E-10,2.98029E-15,2.35276E-08
1002,a_mid_asteroid_rad5,68,48,3594,2.1247066633624787E-05,0.889567,34,1,0.110433,3.0603E-10,5.43162E-10,2.55453E-15,2.37274E-08
1002,a_mid_asteroid_rad5,69,48,3642,2.1225170750624043E-05,0.88865,34,1,0.11135,3.04593E-10,5.37415E-10,1.98686E-15,2.39242E-08
1002,a_mid_asteroid_rad5,70,48,3690,2.1203596109425764E-05,0.887747,34,1,0.112253,3.03162E-10,5.31729E-10,1.98686E-15,2.41181E-08
1002,a_mid_asteroid_rad5,71,48,3738,2.118233753321366E-05,0.886857,34,1,0.113143,3.01738E-10,5.26103E-10,2.12878E-15,2.43092E-08
1002,a_mid_asteroid_rad5,72,48,3786,2.1161389932594913E-05,0.88598,34,1,0.11402,3.00321E-10,5.20537E-10,8.5151E-16,2.44975E-08
1002,a_mid_asteroid_rad5,73,48,3834,2.1140748304084442E-05,0.885116,34,1,0.114884,2.9891E-10,5.15029E-10,4.25755E-16,2.46831E-08
1002,a_mid_asteroid_rad5,74,48,3882,2.1120407728615896E-05,0.884264,34,1,0.115736,2.97506E-10,5.0958E-10,2.83837E-16,2.48659E-08
1002,a_mid_asteroid_rad5,75,48,3930,2.1100363370078894E-05,0.883425,34,1,0.116575,2.96109E-10,5.04188E-10,1.41918E-16,2.50461E-08
1002,a_mid_asteroid_rad5,76,48,3978,2.1080610473882042E-05,0.882598,34,1,0.117402,2.94718E-10,4.98854E-10,-5.67673E-16,2.52236E-08
1002,a_mid_asteroid_rad5,77,48,4026,2.1061144365541267E-05,0.881783,34,1,0.118217,2.93334E-10,4.93576E-10,1.41918E-16,2.53986E-08
1002,a_mid_asteroid_rad5,78,48,4074,2.1041960449293014E-05,0.88098,34,1,0.11902,2.91956E-10,4.88354E-10,1.41918E-16,2.5571E-08
1002,a_mid_asteroid_rad5,79,48,4122,2.1023054206731895E-05,0.880188,34,1,0.119812,2.90585E-10,4.83187E-10,-1.13535E-15,2.57409E-08
1002,a_mid_asteroid_rad5,80,48,4170,2.1004421195472276E-05,0.879408,34,1,0.120592,2.8922E-10,4.78074E-10,-5.67673E-16,2.59084E-08
1002,a_mid_asteroid_rad5,81,48,4218,2.0986057047833473E-05,0.878639,34,1,0.121361,2.87862E-10,4.73016E-10,0,2.60734E-08
1002,a_mid_asteroid_rad5,82,48,4266,2.0967957469548078E-05,0.877881,34,1,0.122119,2.8651E-10,4.68012E-10,9.93428E-16,2.62361E-08
1002,a_mid_asteroid_rad5,83,48,4314,2.0950118238492992E-05,0.877134,34,1,0.122866,2.85164E-10,4.6306E-10,9.93428E-16,2.63964E-08
1002,a_mid_asteroid_rad5,84,48,4362,2.093253520344281E-05,0.876398,34,1,0.123602,2.83825E-10,4.5816E-10,8.5151E-16,2.65544E-08
1002,a_mid_asteroid_rad5,85,48,4410,2.091520428284511E-05,0.875673,34,1,0.124327,2.82492E-10,4.53313E-10,1.13535E-15,2.67101E-08
1002,a_mid_asteroid_rad5,86,48,4458,2.089812146361732E-05,0.874958,34,1,0.125042,2.81165E-10,4.48517E-10,-1.41918E-16,2.68636E-08
1002,a_mid_asteroid_rad5,87,48,4506,2.0881282799964665E-05,0.874253,34,1,0.125747,2.79844E-10,4.43771E-10,0,2.70149E-08
1002,a_mid_asteroid_rad5,88,48,4554,2.0864684412218975E-05,0.873558,34,1,0.126442,2.7853E-10,4.39076E-10,1.41918E-16,2.7164E-08
1002,a_mid_asteroid_rad5,89,48,4602,2.084832248569783E-05,0.872873,34,1,0.127127,2.77222E-10,4.3443E-10,0,2.7311E-08
1002,a_mid_asteroid_rad5,90,48,4650,2.083219326958381E-05,0.872197,34,1,0.127803,2.7592E-10,4.29834E-10,-1.41918E-16,2.74559E-08
1002,a_mid_asteroid_rad5,91,48,4698,2.081629307582335E-05,0.871532,34,1,0.128468,2.74624E-10,4.25286E-10,-4.25755E-16,2.75987E-08
1002,a_mid_asteroid_rad5,92,48,4746,2.080061827804504E-05,0.870875,34,1,0.129125,2.73334E-10,4.20787E-10,-1.41918E-15,2.77395E-08
1002,a_mid_asteroid_rad5,93,48,4794,2.0785165310496823E-05,0.870228,34,1,0.129772,2.7205E-10,4.16335E-10,2.83837E-16,2.78784E-08
1002,a_mid_asteroid_rad5,94,48,4842,2.07699306670019E-05,0.86959,34,1,0.13041,2.70772E-10,4.1193E-10,5.67673E-16,2.80152E-08
1002,a_mid_asteroid_rad5,95,48,4890,2.0754910899932927E-05,0.868962,34,1,0.131038,2.69501E-10,4.07571E-10,2.27069E-15,2.81501E-08
1002,a_mid_asteroid_rad5,96,48,4938,2.074010261920426E-05,0.868342,34,1,0.131658,2.68235E-10,4.03259E-10,3.40604E-15,2.82831E-08
1002,a_mid_asteroid_rad5,97,48,4986,2.07255024912818E-05,0.86773,34,1,0.13227,2.65587E-10,3.98992E-10,3.26412E-15,2.84142E-08
1002,a_mid_asteroid_rad5,98,48,5034,2.0711107238210288E-05,0.867128,34,1,0.132872,2.60669E-10,3.94771E-10,3.26412E-15,2.85435E-08
1002,a_mid_asteroid_rad5,99,48,5082,2.0696913636657597E-05,0.866533,34,1,0.133467,2.55842E-10,3.90594E-10,3.8318E-15,2.8671E-08
1002,a_mid_asteroid_rad5,100,48,5130,2.0682918516975786E-05,0.865947,34,1,0.134053,2.51105E-10,3.86461E-10,2.98029E-15,2.87967E-08
1002,b_whole_system_rad1000,1,238,568,0,0,0,0,1,3.27121E-10,1.97257E-07,2.83837E-16,-1.54347E-16
1002,b_whole_system_rad1000,2,0,568,0,0,0,0,1,,,2.83837E-16,-1.54347E-16
1002,b_whole_system_rad1000,3,0,568,0,0,0,0,1,,,2.83837E-16,-1.54347E-16
1002,b_whole_system_rad1000,4,0,568,0,0,0,0,1,,,2.83837E-16,-1.54347E-16
1002,b_whole_system_rad1000,5,0,568,0,0,0,0,1,,,2.83837E-16,-1.54347E-16
1002,b_whole_system_rad1000,6,0,568,0,0,0,0,1,,,2.83837E-16,-1.54347E-16
1002,b_whole_system_rad1000,7,0,568,0,0,0,0,1,,,2.83837E-16,-1.54347E-16
1002,b_whole_system_rad1000,8,0,568,0,0,0,0,1,,,2.83837E-16,-1.54347E-16
1002,b_whole_system_rad1000,9,0,568,0,0,0,0,1,,,2.83837E-16,-1.54347E-16
1002,b_whole_system_rad1000,10,0,568,0,0,0,0,1,,,2.83837E-16,-1.54347E-16
1002,b_whole_system_rad1000,11,0,568,0,0,0,0,1,,,2.83837E-16,-1.54347E-16
1002,b_whole_system_rad1000,12,0,568,0,0,0,0,1,,,2.83837E-16,-1.54347E-16
1002,b_whole_system_rad1000,13,0,568,0,0,0,0,1,,,2.83837E-16,-1.54347E-16
1002,b_whole_system_rad1000,14,0,568,0,0,0,0,1,,,2.83837E-16,-1.54347E-16
1002,b_whole_system_rad1000,15,0,568,0,0,0,0,1,,,2.83837E-16,-1.54347E-16
1002,b_whole_system_rad1000,16,0,568,0,0,0,0,1,,,2.83837E-16,-1.54347E-16
1002,b_whole_system_rad1000,17,0,568,0,0,0,0,1,,,2.83837E-16,-1.54347E-16
1002,b_whole_system_rad1000,18,0,568,0,0,0,0,1,,,2.83837E-16,-1.54347E-16
1002,b_whole_system_rad1000,19,0,568,0,0,0,0,1,,,2.83837E-16,-1.54347E-16
1002,b_whole_system_rad1000,20,0,568,0,0,0,0,1,,,2.83837E-16,-1.54347E-16
1002,b_whole_system_rad1000,21,0,568,0,0,0,0,1,,,2.83837E-16,-1.54347E-16
1002,b_whole_system_rad1000,22,0,568,0,0,0,0,1,,,2.83837E-16,-1.54347E-16
1002,b_whole_system_rad1000,23,0,568,0,0,0,0,1,,,2.83837E-16,-1.54347E-16
1002,b_whole_system_rad1000,24,0,568,0,0,0,0,1,,,2.83837E-16,-1.54347E-16
1002,b_whole_system_rad1000,25,0,568,0,0,0,0,1,,,2.83837E-16,-1.54347E-16
1002,b_whole_system_rad1000,26,0,568,0,0,0,0,1,,,2.83837E-16,-1.54347E-16
1002,b_whole_system_rad1000,27,0,568,0,0,0,0,1,,,2.83837E-16,-1.54347E-16
1002,b_whole_system_rad1000,28,0,568,0,0,0,0,1,,,2.83837E-16,-1.54347E-16
1002,b_whole_system_rad1000,29,0,568,0,0,0,0,1,,,2.83837E-16,-1.54347E-16
1002,b_whole_system_rad1000,30,0,568,0,0,0,0,1,,,2.83837E-16,-1.54347E-16
1002,b_whole_system_rad1000,31,0,568,0,0,0,0,1,,,2.83837E-16,-1.54347E-16
1002,b_whole_system_rad1000,32,0,568,0,0,0,0,1,,,2.83837E-16,-1.54347E-16
1002,b_whole_system_rad1000,33,0,568,0,0,0,0,1,,,2.83837E-16,-1.54347E-16
1002,b_whole_system_rad1000,34,0,568,0,0,0,0,1,,,2.83837E-16,-1.54347E-16
1002,b_whole_system_rad1000,35,0,568,0,0,0,0,1,,,2.83837E-16,-1.54347E-16
1002,b_whole_system_rad1000,36,0,568,0,0,0,0,1,,,2.83837E-16,-1.54347E-16
1002,b_whole_system_rad1000,37,0,568,0,0,0,0,1,,,2.83837E-16,-1.54347E-16
1002,b_whole_system_rad1000,38,0,568,0,0,0,0,1,,,2.83837E-16,-1.54347E-16
1002,b_whole_system_rad1000,39,0,568,0,0,0,0,1,,,2.83837E-16,-1.54347E-16
1002,b_whole_system_rad1000,40,0,568,0,0,0,0,1,,,2.83837E-16,-1.54347E-16
1002,b_whole_system_rad1000,41,0,568,0,0,0,0,1,,,2.83837E-16,-1.54347E-16
1002,b_whole_system_rad1000,42,0,568,0,0,0,0,1,,,2.83837E-16,-1.54347E-16
1002,b_whole_system_rad1000,43,0,568,0,0,0,0,1,,,2.83837E-16,-1.54347E-16
1002,b_whole_system_rad1000,44,0,568,0,0,0,0,1,,,2.83837E-16,-1.54347E-16
1002,b_whole_system_rad1000,45,0,568,0,0,0,0,1,,,2.83837E-16,-1.54347E-16
1002,b_whole_system_rad1000,46,0,568,0,0,0,0,1,,,2.83837E-16,-1.54347E-16
1002,b_whole_system_rad1000,47,0,568,0,0,0,0,1,,,2.83837E-16,-1.54347E-16
1002,b_whole_system_rad1000,48,0,568,0,0,0,0,1,,,2.83837E-16,-1.54347E-16
1002,b_whole_system_rad1000,49,0,568,0,0,0,0,1,,,2.83837E-16,-1.54347E-16
1002,b_whole_system_rad1000,50,0,568,0,0,0,0,1,,,2.83837E-16,-1.54347E-16
1002,b_whole_system_rad1000,51,0,568,0,0,0,0,1,,,2.83837E-16,-1.54347E-16
1002,b_whole_system_rad1000,52,0,568,0,0,0,0,1,,,2.83837E-16,-1.54347E-16
1002,b_whole_system_rad1000,53,0,568,0,0,0,0,1,,,2.83837E-16,-1.54347E-16
1002,b_whole_system_rad1000,54,0,568,0,0,0,0,1,,,2.83837E-16,-1.54347E-16
1002,b_whole_system_rad1000,55,0,568,0,0,0,0,1,,,2.83837E-16,-1.54347E-16
1002,b_whole_system_rad1000,56,0,568,0,0,0,0,1,,,2.83837E-16,-1.54347E-16
1002,b_whole_system_rad1000,57,0,568,0,0,0,0,1,,,2.83837E-16,-1.54347E-16
1002,b_whole_system_rad1000,58,0,568,0,0,0,0,1,,,2.83837E-16,-1.54347E-16
1002,b_whole_system_rad1000,59,0,568,0,0,0,0,1,,,2.83837E-16,-1.54347E-16
1002,b_whole_system_rad1000,60,0,568,0,0,0,0,1,,,2.83837E-16,-1.54347E-16
1002,b_whole_system_rad1000,61,0,568,0,0,0,0,1,,,2.83837E-16,-1.54347E-16
1002,b_whole_system_rad1000,62,0,568,0,0,0,0,1,,,2.83837E-16,-1.54347E-16
1002,b_whole_system_rad1000,63,0,568,0,0,0,0,1,,,2.83837E-16,-1.54347E-16
1002,b_whole_system_rad1000,64,0,568,0,0,0,0,1,,,2.83837E-16,-1.54347E-16
1002,b_whole_system_rad1000,65,0,568,0,0,0,0,1,,,2.83837E-16,-1.54347E-16
1002,b_whole_system_rad1000,66,0,568,0,0,0,0,1,,,2.83837E-16,-1.54347E-16
1002,b_whole_system_rad1000,67,0,568,0,0,0,0,1,,,2.83837E-16,-1.54347E-16
1002,b_whole_system_rad1000,68,0,568,0,0,0,0,1,,,2.83837E-16,-1.54347E-16
1002,b_whole_system_rad1000,69,0,568,0,0,0,0,1,,,2.83837E-16,-1.54347E-16
1002,b_whole_system_rad1000,70,0,568,0,0,0,0,1,,,2.83837E-16,-1.54347E-16
1002,b_whole_system_rad1000,71,0,568,0,0,0,0,1,,,2.83837E-16,-1.54347E-16
1002,b_whole_system_rad1000,72,0,568,0,0,0,0,1,,,2.83837E-16,-1.54347E-16
1002,b_whole_system_rad1000,73,0,568,0,0,0,0,1,,,2.83837E-16,-1.54347E-16
1002,b_whole_system_rad1000,74,0,568,0,0,0,0,1,,,2.83837E-16,-1.54347E-16
1002,b_whole_system_rad1000,75,0,568,0,0,0,0,1,,,2.83837E-16,-1.54347E-16
1002,b_whole_system_rad1000,76,0,568,0,0,0,0,1,,,2.83837E-16,-1.54347E-16
1002,b_whole_system_rad1000,77,0,568,0,0,0,0,1,,,2.83837E-16,-1.54347E-16
1002,b_whole_system_rad1000,78,0,568,0,0,0,0,1,,,2.83837E-16,-1.54347E-16
1002,b_whole_system_rad1000,79,0,568,0,0,0,0,1,,,2.83837E-16,-1.54347E-16
1002,b_whole_system_rad1000,80,0,568,0,0,0,0,1,,,2.83837E-16,-1.54347E-16
1002,b_whole_system_rad1000,81,0,568,0,0,0,0,1,,,2.83837E-16,-1.54347E-16
1002,b_whole_system_rad1000,82,0,568,0,0,0,0,1,,,2.83837E-16,-1.54347E-16
1002,b_whole_system_rad1000,83,0,568,0,0,0,0,1,,,2.83837E-16,-1.54347E-16
1002,b_whole_system_rad1000,84,0,568,0,0,0,0,1,,,2.83837E-16,-1.54347E-16
1002,b_whole_system_rad1000,85,0,568,0,0,0,0,1,,,2.83837E-16,-1.54347E-16
1002,b_whole_system_rad1000,86,0,568,0,0,0,0,1,,,2.83837E-16,-1.54347E-16
1002,b_whole_system_rad1000,87,0,568,0,0,0,0,1,,,2.83837E-16,-1.54347E-16
1002,b_whole_system_rad1000,88,0,568,0,0,0,0,1,,,2.83837E-16,-1.54347E-16
1002,b_whole_system_rad1000,89,0,568,0,0,0,0,1,,,2.83837E-16,-1.54347E-16
1002,b_whole_system_rad1000,90,0,568,0,0,0,0,1,,,2.83837E-16,-1.54347E-16
1002,b_whole_system_rad1000,91,0,568,0,0,0,0,1,,,2.83837E-16,-1.54347E-16
1002,b_whole_system_rad1000,92,0,568,0,0,0,0,1,,,2.83837E-16,-1.54347E-16
1002,b_whole_system_rad1000,93,0,568,0,0,0,0,1,,,2.83837E-16,-1.54347E-16
1002,b_whole_system_rad1000,94,0,568,0,0,0,0,1,,,2.83837E-16,-1.54347E-16
1002,b_whole_system_rad1000,95,0,568,0,0,0,0,1,,,2.83837E-16,-1.54347E-16
1002,b_whole_system_rad1000,96,0,568,0,0,0,0,1,,,2.83837E-16,-1.54347E-16
1002,b_whole_system_rad1000,97,0,568,0,0,0,0,1,,,2.83837E-16,-1.54347E-16
1002,b_whole_system_rad1000,98,0,568,0,0,0,0,1,,,2.83837E-16,-1.54347E-16
1002,b_whole_system_rad1000,99,0,568,0,0,0,0,1,,,2.83837E-16,-1.54347E-16
1002,b_whole_system_rad1000,100,0,568,0,0,0,0,1,,,2.83837E-16,-1.54347E-16
1011,a_mid_asteroid_rad5,1,48,378,2.3646656086380255E-05,0.997268,34,1,0.00273244,2.9978E-10,1.86609E-09,-8.5151E-16,2.15467E-10
1011,a_mid_asteroid_rad5,2,48,426,2.3582912583765777E-05,0.994579,34,1,0.00542074,2.98372E-10,1.83465E-09,-4.25755E-16,4.27453E-10
1011,a_mid_asteroid_rad5,3,48,474,2.3520197932905382E-05,0.991934,34,1,0.00806565,2.9697E-10,1.80374E-09,-1.41918E-16,6.36019E-10
1011,a_mid_asteroid_rad5,4,48,522,2.345849473162772E-05,0.989332,34,1,0.0106679,2.95575E-10,1.77335E-09,7.09592E-16,8.41223E-10
1011,a_mid_asteroid_rad5,5,48,570,2.3397785879784154E-05,0.986772,34,1,0.0132282,2.94187E-10,1.74347E-09,2.83837E-16,1.04312E-09
1011,a_mid_asteroid_rad5,6,48,618,2.333805457392162E-05,0.984253,34,1,0.0157473,2.92806E-10,1.71409E-09,0,1.24177E-09
1011,a_mid_asteroid_rad5,7,48,666,2.3279284302050433E-05,0.981774,34,1,0.0182259,2.9143E-10,1.68521E-09,4.25755E-16,1.43722E-09
1011,a_mid_asteroid_rad5,8,48,714,2.322145883850552E-05,0.979335,34,1,0.0206646,2.90061E-10,1.65682E-09,1.41918E-16,1.62953E-09
1011,a_mid_asteroid_rad5,9,48,762,2.3164562238899146E-05,0.976936,34,1,0.0230641,2.88699E-10,1.6289E-09,5.67673E-16,1.81875E-09
1011,a_mid_asteroid_rad5,10,48,810,2.3108578835163716E-05,0.974575,34,1,0.0254252,2.87343E-10,1.60146E-09,1.41918E-16,2.00494E-09
1011,a_mid_asteroid_rad5,11,48,858,2.3053493230682938E-05,0.972252,34,1,0.0277483,2.85994E-10,1.57447E-09,-1.27727E-15,2.18814E-09
1011,a_mid_asteroid_rad5,12,48,906,2.299929029550971E-05,0.969966,34,1,0.0300343,2.8465E-10,1.54794E-09,-1.41918E-15,2.3684E-09
1011,a_mid_asteroid_rad5,13,48,954,2.294595516166928E-05,0.967716,34,1,0.0322836,2.83313E-10,1.52186E-09,-9.93428E-16,2.54579E-09
1011,a_mid_asteroid_rad5,14,48,1002,2.289347321854606E-05,0.965503,34,1,0.034497,2.81983E-10,1.49622E-09,-9.93428E-16,2.72033E-09
1011,a_mid_asteroid_rad5,15,48,1050,2.284183010835262E-05,0.963325,34,1,0.0366749,2.80658E-10,1.47101E-09,-1.27727E-15,2.89208E-09
1011,a_mid_asteroid_rad5,16,48,1098,2.279101172167942E-05,0.961182,34,1,0.0388181,2.7934E-10,1.44623E-09,-1.84494E-15,3.0611E-09
1011,a_mid_asteroid_rad5,17,48,1146,2.2741004193123765E-05,0.959073,34,1,0.0409272,2.78028E-10,1.42186E-09,-4.25755E-16,3.22741E-09
1011,a_mid_asteroid_rad5,18,48,1194,2.2691793896996615E-05,0.956997,34,1,0.0430025,2.76722E-10,1.3979E-09,-1.41918E-16,3.39108E-09
1011,a_mid_asteroid_rad5,19,48,1242,2.26433674431058E-05,0.954955,34,1,0.0450449,2.75423E-10,1.37435E-09,8.5151E-16,3.55213E-09
1011,a_mid_asteroid_rad5,20,48,1290,2.2595711672614323E-05,0.952945,34,1,0.0470547,2.74129E-10,1.35119E-09,5.67673E-16,3.71063E-09
1011,a_mid_asteroid_rad5,21,48,1338,2.2548813653972386E-05,0.950967,34,1,0.0490325,2.72841E-10,1.32842E-09,9.93428E-16,3.86661E-09
1011,a_mid_asteroid_rad5,22,48,1386,2.250266067892175E-05,0.949021,34,1,0.050979,2.7156E-10,1.30604E-09,1.27727E-15,4.0201E-09
1011,a_mid_asteroid_rad5,23,48,1434,2.245724025857127E-05,0.947105,34,1,0.0528945,2.70285E-10,1.28404E-09,7.09592E-16,4.17117E-09
1011,a_mid_asteroid_rad5,24,48,1482,2.241254011954218E-05,0.94522,34,1,0.0547797,2.69015E-10,1.2624E-09,5.67673E-16,4.31983E-09
1011,a_mid_asteroid_rad5,25,48,1530,2.2368548200181952E-05,0.943365,34,1,0.056635,2.67752E-10,1.24113E-09,-5.67673E-16,4.46615E-09
1011,a_mid_asteroid_rad5,26,48,1578,2.2325252646845502E-05,0.941539,34,1,0.0584609,2.66494E-10,1.22022E-09,-2.27069E-15,4.61014E-09
1011,a_mid_asteroid_rad5,27,48,1626,2.2282641810242513E-05,0.939742,34,1,0.060258,2.65242E-10,1.19966E-09,-1.98686E-15,4.75186E-09
1011,a_mid_asteroid_rad5,28,48,1674,2.2240704241849715E-05,0.937973,34,1,0.0620267,2.63997E-10,1.17944E-09,-1.41918E-15,4.89134E-09
1011,a_mid_asteroid_rad5,29,48,1722,2.2199428690386875E-05,0.936233,34,1,0.0637674,2.62757E-10,1.15957E-09,-1.5611E-15,5.02862E-09
1011,a_mid_asteroid_rad5,30,48,1770,2.2158804098355473E-05,0.934519,34,1,0.0654807,2.61522E-10,1.14003E-09,-8.5151E-16,5.16374E-09
1011,a_mid_asteroid_rad5,31,48,1818,2.211881959863891E-05,0.932833,34,1,0.067167,2.60294E-10,1.12083E-09,-5.67673E-16,5.29672E-09
1011,a_mid_asteroid_rad5,32,48,1866,2.2079464511162997E-05,0.931173,34,1,0.0688267,2.59072E-10,1.10194E-09,-5.67673E-16,5.42761E-09
1011,a_mid_asteroid_rad5,33,48,1914,2.2040728339615913E-05,0.92954,34,1,0.0704604,2.57855E-10,1.08337E-09,-5.67673E-16,5.55645E-09
1011,a_mid_asteroid_rad5,34,48,1962,2.2002600768226308E-05,0.927932,34,1,0.0720684,2.56644E-10,1.06512E-09,-2.12878E-15,5.68326E-09
1011,a_mid_asteroid_rad5,35,48,2010,2.1965071658598682E-05,0.926349,34,1,0.0736511,2.55438E-10,1.04717E-09,-2.12878E-15,5.80808E-09
1011,a_mid_asteroid_rad5,36,48,2058,2.192813104660492E-05,0.924791,34,1,0.075209,2.54239E-10,1.02953E-09,-3.40604E-15,5.93094E-09
1011,a_mid_asteroid_rad5,37,48,2106,2.1891769139330978E-05,0.923257,34,1,0.0767426,2.53044E-10,1.01218E-09,-3.97371E-15,6.05188E-09
1011,a_mid_asteroid_rad5,38,48,2154,2.1855976312077875E-05,0.921748,34,1,0.0782521,2.51856E-10,9.95128E-10,-3.97371E-15,6.17092E-09
1011,a_mid_asteroid_rad5,39,48,2202,2.1820743105415754E-05,0.920262,34,1,0.079738,2.50673E-10,9.78361E-10,-2.98029E-15,6.2881E-09
1011,a_mid_asteroid_rad5,40,48,2250,2.1786060222290307E-05,0.918799,34,1,0.0812007,2.49496E-10,9.61877E-10,-2.69645E-15,6.40346E-09
1011,a_mid_asteroid_rad5,41,48,2298,2.175191852518052E-05,0.917359,34,1,0.0826406,2.48324E-10,9.4567E-10,-3.97371E-15,6.51701E-09
1011,a_mid_asteroid_rad5,42,48,2346,2.171830903330678E-05,0.915942,34,1,0.084058,2.47158E-10,9.29736E-10,-4.39947E-15,6.62879E-09
1011,a_mid_asteroid_rad5,43,48,2394,2.168522291988856E-05,0.914547,34,1,0.0854534,2.45997E-10,9.14071E-10,-4.54139E-15,6.73884E-09
1011,a_mid_asteroid_rad5,44,48,2442,2.165265150945068E-05,0.913173,34,1,0.086827,2.44841E-10,8.9867E-10,-4.82522E-15,6.84717E-09
1011,a_mid_asteroid_rad5,45,48,2490,2.1620586275177324E-05,0.911821,34,1,0.0881793,2.43691E-10,8.83528E-10,-4.39947E-15,6.95381E-09
1011,a_mid_asteroid_rad5,46,48,2538,2.1589018836312965E-05,0.910489,34,1,0.0895107,2.42547E-10,8.68641E-10,-5.81865E-15,7.0588E-09
1011,a_mid_asteroid_rad5,47,48,2586,2.1557940955609366E-05,0.909179,34,1,0.0908213,2.41408E-10,8.54005E-10,-5.67673E-15,7.16216E-09
1011,a_mid_asteroid_rad5,48,48,2634,2.1527344536817756E-05,0.907888,34,1,0.0921117,2.40274E-10,8.39616E-10,-5.53482E-15,7.26392E-09
1011,a_mid_asteroid_rad5,49,48,2682,2.1497221622225506E-05,0.906618,34,1,0.0933821,2.39145E-10,8.25469E-10,-6.52824E-15,7.36411E-09
1011,a_mid_asteroid_rad5,50,48,2730,2.146756439023637E-05,0.905367,34,1,0.0946329,2.38022E-10,8.11561E-10,-7.23784E-15,7.46275E-09
1011,a_mid_asteroid_rad5,51,48,2778,2.1438365152993614E-05,0.904136,34,1,0.0958643,2.36904E-10,7.97886E-10,-8.79894E-15,7.55986E-09
1011,a_mid_asteroid_rad5,52,48,2826,2.1409616354045233E-05,0.902923,34,1,0.0970767,2.35791E-10,7.84443E-10,-7.94743E-15,7.65547E-09
1011,a_mid_asteroid_rad5,53,48,2874,2.1381310566050447E-05,0.90173,34,1,0.0982705,2.34684E-10,7.71225E-10,-8.65702E-15,7.74961E-09
1011,a_mid_asteroid_rad5,54,48,2922,2.1353440488526856E-05,0.900554,34,1,0.0994459,2.33582E-10,7.58231E-10,-7.09592E-15,7.84231E-09
1011,a_mid_asteroid_rad5,55,48,2970,2.1325998945637415E-05,0.899397,34,1,0.100603,2.32485E-10,7.45455E-10,-6.81208E-15,7.93357E-09
1011,a_mid_asteroid_rad5,56,48,3018,2.129897888401657E-05,0.898257,34,1,0.101743,2.31393E-10,7.32895E-10,-6.67016E-15,8.02344E-09
1011,a_mid_asteroid_rad5,57,48,3066,2.1272373370634885E-05,0.897135,34,1,0.102865,2.30306E-10,7.20546E-10,-6.81208E-15,8.11192E-09
1011,a_mid_asteroid_rad5,58,48,3114,2.1246175590701358E-05,0.89603,34,1,0.10397,2.29224E-10,7.08406E-10,-8.23126E-15,8.19905E-09
1011,a_mid_asteroid_rad5,59,48,3162,2.1220378845602916E-05,0.894942,34,1,0.105058,2.28148E-10,6.9647E-10,-8.37318E-15,8.28484E-09
1011,a_mid_asteroid_rad5,60,48,3210,2.119497655088027E-05,0.893871,34,1,0.106129,2.27076E-10,6.84735E-10,-8.23126E-15,8.36933E-09
1011,a_mid_asteroid_rad5,61,48,3258,2.1169962234239604E-05,0.892816,34,1,0.107184,2.26009E-10,6.73198E-10,-7.80551E-15,8.45252E-09
1011,a_mid_asteroid_rad5,62,48,3306,2.114532953359935E-05,0.891777,34,1,0.108223,2.24948E-10,6.61855E-10,-7.80551E-15,8.53444E-09
1011,a_mid_asteroid_rad5,63,48,3354,2.1121072195171523E-05,0.890754,34,1,0.109246,2.23891E-10,6.50703E-10,-9.65045E-15,8.61511E-09
1011,a_mid_asteroid_rad5,64,48,3402,2.1097184071576908E-05,0.889747,34,1,0.110253,2.2284E-10,6.39739E-10,-9.93428E-15,8.69455E-09
1011,a_mid_asteroid_rad5,65,48,3450,2.1073659119993583E-05,0.888755,34,1,0.111245,2.21793E-10,6.2896E-10,-1.036E-14,8.77279E-09
1011,a_mid_asteroid_rad5,66,48,3498,2.1050491400338098E-05,0.887778,34,1,0.112222,2.20751E-10,6.18363E-10,-1.02181E-14,8.84984E-09
1011,a_mid_asteroid_rad5,67,48,3546,2.1027675073478787E-05,0.886815,34,1,0.113185,2.19715E-10,6.07944E-10,-1.02181E-14,8.92572E-09
1011,a_mid_asteroid_rad5,68,48,3594,2.1005204399480627E-05,0.885868,34,1,0.114132,2.18683E-10,5.977E-10,-1.0502E-14,9.00044E-09
1011,a_mid_asteroid_rad5,69,48,3642,2.0983073735881054E-05,0.884934,34,1,0.115066,2.17656E-10,5.8763E-10,-1.02181E-14,9.07404E-09
1011,a_mid_asteroid_rad5,70,48,3690,2.096127753599621E-05,0.884015,34,1,0.115985,2.16633E-10,5.77729E-10,-1.12115E-14,9.14652E-09
1011,a_mid_asteroid_rad5,71,48,3738,2.093981034725709E-05,0.88311,34,1,0.11689,2.15616E-10,5.67994E-10,-1.09277E-14,9.21791E-09
1011,a_mid_asteroid_rad5,72,48,3786,2.0918666809575013E-05,0.882218,34,1,0.117782,2.14603E-10,5.58424E-10,-1.09277E-14,9.28823E-09
1011,a_mid_asteroid_rad5,73,48,3834,2.0897841653735923E-05,0.88134,34,1,0.11866,2.13595E-10,5.49015E-10,-1.10696E-14,9.35748E-09
1011,a_mid_asteroid_rad5,74,48,3882,2.0877329699823026E-05,0.880475,34,1,0.119525,2.12592E-10,5.39765E-10,-1.10696E-14,9.42569E-09
1011,a_mid_asteroid_rad5,75,48,3930,2.0857125855667204E-05,0.879623,34,1,0.120377,2.11593E-10,5.3067E-10,-1.09277E-14,9.49287E-09
1011,a_mid_asteroid_rad5,76,48,3978,2.083722511532475E-05,0.878783,34,1,0.121217,2.106E-10,5.21729E-10,-1.14954E-14,9.55905E-09
1011,a_mid_asteroid_rad5,77,48,4026,2.0817622557581944E-05,0.877957,34,1,0.122043,2.09611E-10,5.12938E-10,-1.13535E-14,9.62423E-09
1011,a_mid_asteroid_rad5,78,48,4074,2.079831334448594E-05,0.877142,34,1,0.122858,2.08626E-10,5.04295E-10,-1.0502E-14,9.68844E-09
1011,a_mid_asteroid_rad5,79,48,4122,2.0779292719901577E-05,0.87634,34,1,0.12366,2.07646E-10,4.95798E-10,-1.09277E-14,9.75169E-09
1011,a_mid_asteroid_rad5,80,48,4170,2.076055600809356E-05,0.87555,34,1,0.12445,2.06671E-10,4.87445E-10,-1.17792E-14,9.81399E-09
1011,a_mid_asteroid_rad5,81,48,4218,2.074209861233365E-05,0.874772,34,1,0.125228,2.057E-10,4.79232E-10,-1.0502E-14,9.87537E-09
1011,a_mid_asteroid_rad5,82,48,4266,2.072391601353232E-05,0.874005,34,1,0.125995,2.04734E-10,4.71157E-10,-1.12115E-14,9.93583E-09
1011,a_mid_asteroid_rad5,83,48,4314,2.070600376889456E-05,0.873249,34,1,0.126751,2.03772E-10,4.63218E-10,-1.19211E-14,9.99539E-09
1011,a_mid_asteroid_rad5,84,48,4362,2.0688357510599262E-05,0.872505,34,1,0.127495,2.02815E-10,4.55458E-10,-1.10696E-14,1.00541E-08
1011,a_mid_asteroid_rad5,85,48,4410,2.0670972944501912E-05,0.871772,34,1,0.128228,2.01863E-10,4.5064E-10,-1.0502E-14,1.01119E-08
1011,a_mid_asteroid_rad5,86,48,4458,2.0653845848860036E-05,0.87105,34,1,0.12895,2.00915E-10,4.45872E-10,-1.0502E-14,1.01688E-08
1011,a_mid_asteroid_rad5,87,48,4506,2.0636972073081104E-05,0.870338,34,1,0.129662,1.99971E-10,4.41154E-10,-1.12115E-14,1.02249E-08
1011,a_mid_asteroid_rad5,88,48,4554,2.062034753649244E-05,0.869637,34,1,0.130363,1.99032E-10,4.36487E-10,-1.12115E-14,1.02802E-08
1011,a_mid_asteroid_rad5,89,48,4602,2.0603968227132722E-05,0.868946,34,1,0.131054,1.98097E-10,4.31868E-10,-1.10696E-14,1.03346E-08
1011,a_mid_asteroid_rad5,90,48,4650,2.0587830200564783E-05,0.868265,34,1,0.131735,1.97167E-10,4.27299E-10,-1.00762E-14,1.03883E-08
1011,a_mid_asteroid_rad5,91,48,4698,2.0571929578709215E-05,0.867595,34,1,0.132405,1.96241E-10,4.22778E-10,-1.07858E-14,1.04412E-08
1011,a_mid_asteroid_rad5,92,48,4746,2.055626254869848E-05,0.866934,34,1,0.133066,1.95319E-10,4.18305E-10,-1.12115E-14,1.04932E-08
1011,a_mid_asteroid_rad5,93,48,4794,2.054082536175119E-05,0.866283,34,1,0.133717,1.94402E-10,4.13879E-10,-1.10696E-14,1.05446E-08
1011,a_mid_asteroid_rad5,94,48,4842,2.052561433206606E-05,0.865642,34,1,0.134358,1.93488E-10,4.095E-10,-1.02181E-14,1.05951E-08
1011,a_mid_asteroid_rad5,95,48,4890,2.0510625835735386E-05,0.865009,34,1,0.134991,1.9258E-10,4.05168E-10,-1.06439E-14,1.0645E-08
1011,a_mid_asteroid_rad5,96,48,4938,2.0495856309677523E-05,0.864387,34,1,0.135613,1.91675E-10,4.00881E-10,-9.79237E-15,1.06941E-08
1011,a_mid_asteroid_rad5,97,48,4986,2.048130225058811E-05,0.863773,34,1,0.136227,1.90775E-10,3.96639E-10,-1.06439E-14,1.07424E-08
1011,a_mid_asteroid_rad5,98,48,5034,2.0466960213909717E-05,0.863168,34,1,0.136832,1.89879E-10,3.92443E-10,-1.14954E-14,1.07901E-08
1011,a_mid_asteroid_rad5,99,48,5082,2.045282681281955E-05,0.862572,34,1,0.137428,1.88987E-10,3.88291E-10,-1.20631E-14,1.08371E-08
1011,a_mid_asteroid_rad5,100,48,5130,2.04388987172349E-05,0.861984,34,1,0.138016,1.88099E-10,3.84182E-10,-1.16373E-14,1.08834E-08
1011,b_whole_system_rad1000,1,238,568,0,0,0,0,1,5.19909E-11,2.05401E-07,2.83837E-16,1.5431E-15
1011,b_whole_system_rad1000,2,0,568,0,0,0,0,1,,,2.83837E-16,1.5431E-15
1011,b_whole_system_rad1000,3,0,568,0,0,0,0,1,,,2.83837E-16,1.5431E-15
1011,b_whole_system_rad1000,4,0,568,0,0,0,0,1,,,2.83837E-16,1.5431E-15
1011,b_whole_system_rad1000,5,0,568,0,0,0,0,1,,,2.83837E-16,1.5431E-15
1011,b_whole_system_rad1000,6,0,568,0,0,0,0,1,,,2.83837E-16,1.5431E-15
1011,b_whole_system_rad1000,7,0,568,0,0,0,0,1,,,2.83837E-16,1.5431E-15
1011,b_whole_system_rad1000,8,0,568,0,0,0,0,1,,,2.83837E-16,1.5431E-15
1011,b_whole_system_rad1000,9,0,568,0,0,0,0,1,,,2.83837E-16,1.5431E-15
1011,b_whole_system_rad1000,10,0,568,0,0,0,0,1,,,2.83837E-16,1.5431E-15
1011,b_whole_system_rad1000,11,0,568,0,0,0,0,1,,,2.83837E-16,1.5431E-15
1011,b_whole_system_rad1000,12,0,568,0,0,0,0,1,,,2.83837E-16,1.5431E-15
1011,b_whole_system_rad1000,13,0,568,0,0,0,0,1,,,2.83837E-16,1.5431E-15
1011,b_whole_system_rad1000,14,0,568,0,0,0,0,1,,,2.83837E-16,1.5431E-15
1011,b_whole_system_rad1000,15,0,568,0,0,0,0,1,,,2.83837E-16,1.5431E-15
1011,b_whole_system_rad1000,16,0,568,0,0,0,0,1,,,2.83837E-16,1.5431E-15
1011,b_whole_system_rad1000,17,0,568,0,0,0,0,1,,,2.83837E-16,1.5431E-15
1011,b_whole_system_rad1000,18,0,568,0,0,0,0,1,,,2.83837E-16,1.5431E-15
1011,b_whole_system_rad1000,19,0,568,0,0,0,0,1,,,2.83837E-16,1.5431E-15
1011,b_whole_system_rad1000,20,0,568,0,0,0,0,1,,,2.83837E-16,1.5431E-15
1011,b_whole_system_rad1000,21,0,568,0,0,0,0,1,,,2.83837E-16,1.5431E-15
1011,b_whole_system_rad1000,22,0,568,0,0,0,0,1,,,2.83837E-16,1.5431E-15
1011,b_whole_system_rad1000,23,0,568,0,0,0,0,1,,,2.83837E-16,1.5431E-15
1011,b_whole_system_rad1000,24,0,568,0,0,0,0,1,,,2.83837E-16,1.5431E-15
1011,b_whole_system_rad1000,25,0,568,0,0,0,0,1,,,2.83837E-16,1.5431E-15
1011,b_whole_system_rad1000,26,0,568,0,0,0,0,1,,,2.83837E-16,1.5431E-15
1011,b_whole_system_rad1000,27,0,568,0,0,0,0,1,,,2.83837E-16,1.5431E-15
1011,b_whole_system_rad1000,28,0,568,0,0,0,0,1,,,2.83837E-16,1.5431E-15
1011,b_whole_system_rad1000,29,0,568,0,0,0,0,1,,,2.83837E-16,1.5431E-15
1011,b_whole_system_rad1000,30,0,568,0,0,0,0,1,,,2.83837E-16,1.5431E-15
1011,b_whole_system_rad1000,31,0,568,0,0,0,0,1,,,2.83837E-16,1.5431E-15
1011,b_whole_system_rad1000,32,0,568,0,0,0,0,1,,,2.83837E-16,1.5431E-15
1011,b_whole_system_rad1000,33,0,568,0,0,0,0,1,,,2.83837E-16,1.5431E-15
1011,b_whole_system_rad1000,34,0,568,0,0,0,0,1,,,2.83837E-16,1.5431E-15
1011,b_whole_system_rad1000,35,0,568,0,0,0,0,1,,,2.83837E-16,1.5431E-15
1011,b_whole_system_rad1000,36,0,568,0,0,0,0,1,,,2.83837E-16,1.5431E-15
1011,b_whole_system_rad1000,37,0,568,0,0,0,0,1,,,2.83837E-16,1.5431E-15
1011,b_whole_system_rad1000,38,0,568,0,0,0,0,1,,,2.83837E-16,1.5431E-15
1011,b_whole_system_rad1000,39,0,568,0,0,0,0,1,,,2.83837E-16,1.5431E-15
1011,b_whole_system_rad1000,40,0,568,0,0,0,0,1,,,2.83837E-16,1.5431E-15
1011,b_whole_system_rad1000,41,0,568,0,0,0,0,1,,,2.83837E-16,1.5431E-15
1011,b_whole_system_rad1000,42,0,568,0,0,0,0,1,,,2.83837E-16,1.5431E-15
1011,b_whole_system_rad1000,43,0,568,0,0,0,0,1,,,2.83837E-16,1.5431E-15
1011,b_whole_system_rad1000,44,0,568,0,0,0,0,1,,,2.83837E-16,1.5431E-15
1011,b_whole_system_rad1000,45,0,568,0,0,0,0,1,,,2.83837E-16,1.5431E-15
1011,b_whole_system_rad1000,46,0,568,0,0,0,0,1,,,2.83837E-16,1.5431E-15
1011,b_whole_system_rad1000,47,0,568,0,0,0,0,1,,,2.83837E-16,1.5431E-15
1011,b_whole_system_rad1000,48,0,568,0,0,0,0,1,,,2.83837E-16,1.5431E-15
1011,b_whole_system_rad1000,49,0,568,0,0,0,0,1,,,2.83837E-16,1.5431E-15
1011,b_whole_system_rad1000,50,0,568,0,0,0,0,1,,,2.83837E-16,1.5431E-15
1011,b_whole_system_rad1000,51,0,568,0,0,0,0,1,,,2.83837E-16,1.5431E-15
1011,b_whole_system_rad1000,52,0,568,0,0,0,0,1,,,2.83837E-16,1.5431E-15
1011,b_whole_system_rad1000,53,0,568,0,0,0,0,1,,,2.83837E-16,1.5431E-15
1011,b_whole_system_rad1000,54,0,568,0,0,0,0,1,,,2.83837E-16,1.5431E-15
1011,b_whole_system_rad1000,55,0,568,0,0,0,0,1,,,2.83837E-16,1.5431E-15
1011,b_whole_system_rad1000,56,0,568,0,0,0,0,1,,,2.83837E-16,1.5431E-15
1011,b_whole_system_rad1000,57,0,568,0,0,0,0,1,,,2.83837E-16,1.5431E-15
1011,b_whole_system_rad1000,58,0,568,0,0,0,0,1,,,2.83837E-16,1.5431E-15
1011,b_whole_system_rad1000,59,0,568,0,0,0,0,1,,,2.83837E-16,1.5431E-15
1011,b_whole_system_rad1000,60,0,568,0,0,0,0,1,,,2.83837E-16,1.5431E-15
1011,b_whole_system_rad1000,61,0,568,0,0,0,0,1,,,2.83837E-16,1.5431E-15
1011,b_whole_system_rad1000,62,0,568,0,0,0,0,1,,,2.83837E-16,1.5431E-15
1011,b_whole_system_rad1000,63,0,568,0,0,0,0,1,,,2.83837E-16,1.5431E-15
1011,b_whole_system_rad1000,64,0,568,0,0,0,0,1,,,2.83837E-16,1.5431E-15
1011,b_whole_system_rad1000,65,0,568,0,0,0,0,1,,,2.83837E-16,1.5431E-15
1011,b_whole_system_rad1000,66,0,568,0,0,0,0,1,,,2.83837E-16,1.5431E-15
1011,b_whole_system_rad1000,67,0,568,0,0,0,0,1,,,2.83837E-16,1.5431E-15
1011,b_whole_system_rad1000,68,0,568,0,0,0,0,1,,,2.83837E-16,1.5431E-15
1011,b_whole_system_rad1000,69,0,568,0,0,0,0,1,,,2.83837E-16,1.5431E-15
1011,b_whole_system_rad1000,70,0,568,0,0,0,0,1,,,2.83837E-16,1.5431E-15
1011,b_whole_system_rad1000,71,0,568,0,0,0,0,1,,,2.83837E-16,1.5431E-15
1011,b_whole_system_rad1000,72,0,568,0,0,0,0,1,,,2.83837E-16,1.5431E-15
1011,b_whole_system_rad1000,73,0,568,0,0,0,0,1,,,2.83837E-16,1.5431E-15
1011,b_whole_system_rad1000,74,0,568,0,0,0,0,1,,,2.83837E-16,1.5431E-15
1011,b_whole_system_rad1000,75,0,568,0,0,0,0,1,,,2.83837E-16,1.5431E-15
1011,b_whole_system_rad1000,76,0,568,0,0,0,0,1,,,2.83837E-16,1.5431E-15
1011,b_whole_system_rad1000,77,0,568,0,0,0,0,1,,,2.83837E-16,1.5431E-15
1011,b_whole_system_rad1000,78,0,568,0,0,0,0,1,,,2.83837E-16,1.5431E-15
1011,b_whole_system_rad1000,79,0,568,0,0,0,0,1,,,2.83837E-16,1.5431E-15
1011,b_whole_system_rad1000,80,0,568,0,0,0,0,1,,,2.83837E-16,1.5431E-15
1011,b_whole_system_rad1000,81,0,568,0,0,0,0,1,,,2.83837E-16,1.5431E-15
1011,b_whole_system_rad1000,82,0,568,0,0,0,0,1,,,2.83837E-16,1.5431E-15
1011,b_whole_system_rad1000,83,0,568,0,0,0,0,1,,,2.83837E-16,1.5431E-15
1011,b_whole_system_rad1000,84,0,568,0,0,0,0,1,,,2.83837E-16,1.5431E-15
1011,b_whole_system_rad1000,85,0,568,0,0,0,0,1,,,2.83837E-16,1.5431E-15
1011,b_whole_system_rad1000,86,0,568,0,0,0,0,1,,,2.83837E-16,1.5431E-15
1011,b_whole_system_rad1000,87,0,568,0,0,0,0,1,,,2.83837E-16,1.5431E-15
1011,b_whole_system_rad1000,88,0,568,0,0,0,0,1,,,2.83837E-16,1.5431E-15
1011,b_whole_system_rad1000,89,0,568,0,0,0,0,1,,,2.83837E-16,1.5431E-15
1011,b_whole_system_rad1000,90,0,568,0,0,0,0,1,,,2.83837E-16,1.5431E-15
1011,b_whole_system_rad1000,91,0,568,0,0,0,0,1,,,2.83837E-16,1.5431E-15
1011,b_whole_system_rad1000,92,0,568,0,0,0,0,1,,,2.83837E-16,1.5431E-15
1011,b_whole_system_rad1000,93,0,568,0,0,0,0,1,,,2.83837E-16,1.5431E-15
1011,b_whole_system_rad1000,94,0,568,0,0,0,0,1,,,2.83837E-16,1.5431E-15
1011,b_whole_system_rad1000,95,0,568,0,0,0,0,1,,,2.83837E-16,1.5431E-15
1011,b_whole_system_rad1000,96,0,568,0,0,0,0,1,,,2.83837E-16,1.5431E-15
1011,b_whole_system_rad1000,97,0,568,0,0,0,0,1,,,2.83837E-16,1.5431E-15
1011,b_whole_system_rad1000,98,0,568,0,0,0,0,1,,,2.83837E-16,1.5431E-15
1011,b_whole_system_rad1000,99,0,568,0,0,0,0,1,,,2.83837E-16,1.5431E-15
1011,b_whole_system_rad1000,100,0,568,0,0,0,0,1,,,2.83837E-16,1.5431E-15
