seed,run,step,tracked_alive,tracked_unbound,tracked_max_ecc,tracked_min_r,tracked_max_r,live
1234,baseline_unfolded_belt_rocks,0,5000,0,0.0200977,71.2851,508.829,5250
1234,baseline_unfolded_belt_rocks,1,5000,0,0.020099,71.2849,508.829,5250
1234,baseline_unfolded_belt_rocks,2,5000,0,0.0201002,71.2848,508.829,5250
1234,baseline_unfolded_belt_rocks,3,5000,0,0.0201014,71.2848,508.829,5250
1234,baseline_unfolded_belt_rocks,4,5000,0,0.0201026,71.2848,508.829,5250
1234,baseline_unfolded_belt_rocks,5,5000,0,0.0201038,71.2849,508.829,5250
1234,baseline_unfolded_belt_rocks,6,5000,0,0.020105,71.285,508.829,5250
1234,baseline_unfolded_belt_rocks,7,5000,0,0.0201062,71.2852,508.829,5250
1234,baseline_unfolded_belt_rocks,8,5000,0,0.0201075,71.2854,508.829,5250
1234,baseline_unfolded_belt_rocks,9,5000,0,0.0201087,71.2857,508.829,5250
1234,baseline_unfolded_belt_rocks,10,5000,0,0.0201152,71.286,508.829,5250
1234,baseline_unfolded_belt_rocks,20,5000,0,0.0202074,71.2789,508.829,5250
1234,baseline_unfolded_belt_rocks,30,5000,0,0.0203,71.2656,508.829,5250
1234,baseline_unfolded_belt_rocks,40,5000,0,0.0203928,71.2476,508.829,5250
1234,baseline_unfolded_belt_rocks,50,5000,0,0.0204858,71.2251,508.829,5250
1234,baseline_unfolded_belt_rocks,60,5000,0,0.0205791,71.1982,508.829,5250
1234,baseline_unfolded_belt_rocks,70,5000,0,0.0207455,71.1671,508.829,5250
1234,baseline_unfolded_belt_rocks,80,5000,0,0.0209421,71.1318,508.83,5250
1234,baseline_unfolded_belt_rocks,90,5000,0,0.0211436,71.0925,508.83,5250
1234,baseline_unfolded_belt_rocks,100,5000,0,0.0213491,71.0495,508.83,5250
1234,baseline_unfolded_belt_rocks,110,5000,0,0.021558,71.0028,508.831,5250
1234,baseline_unfolded_belt_rocks,120,5000,0,0.021769,70.9527,508.831,5250
1234,baseline_unfolded_belt_rocks,130,5000,0,0.0219812,70.8994,508.832,5250
1234,baseline_unfolded_belt_rocks,140,5000,0,0.0221932,70.8432,508.833,5250
1234,baseline_unfolded_belt_rocks,150,5000,0,0.0224039,70.7841,508.835,5250
1234,baseline_unfolded_belt_rocks,160,5000,0,0.0226118,70.7225,508.837,5250
1234,baseline_unfolded_belt_rocks,170,5000,0,0.0228157,70.6586,508.84,5250
1234,baseline_unfolded_belt_rocks,180,5000,0,0.0230143,70.5925,508.842,5250
1234,baseline_unfolded_belt_rocks,190,5000,0,0.0232065,70.5246,508.844,5250
1234,baseline_unfolded_belt_rocks,200,5000,0,0.0233914,70.4551,508.847,5250
1234,baseline_unfolded_belt_rocks,210,5000,0,0.0235682,70.3841,508.849,5250
1234,baseline_unfolded_belt_rocks,220,5000,0,0.0237367,70.312,508.852,5250
1234,baseline_unfolded_belt_rocks,230,5000,0,0.0238966,70.2389,508.855,5250
1234,baseline_unfolded_belt_rocks,240,5000,0,0.0240481,70.165,508.858,5250
1234,baseline_unfolded_belt_rocks,250,5000,0,0.0241915,70.0906,508.861,5250
1234,baseline_unfolded_belt_rocks,260,5000,0,0.0243276,70.0159,508.865,5250
1234,baseline_unfolded_belt_rocks,270,5000,0,0.024457,69.9412,508.868,5250
1234,baseline_unfolded_belt_rocks,280,5000,0,0.0245807,69.8666,508.872,5250
1234,baseline_unfolded_belt_rocks,290,5000,0,0.0246994,69.7925,508.875,5250
1234,baseline_unfolded_belt_rocks,300,5000,0,0.0248142,69.7189,508.879,5250
1234,baseline_unfolded_belt_rocks,350,5000,0,0.0253522,69.3691,508.9,5250
1234,baseline_unfolded_belt_rocks,400,5000,0,0.0258645,69.07,508.923,5250
1234,baseline_unfolded_belt_rocks,450,5000,0,0.0272209,68.8477,508.948,5250
1234,baseline_unfolded_belt_rocks,500,5000,0,0.0290755,68.7226,508.976,5250
1234,baseline_unfolded_belt_rocks,550,5000,0,0.030983,68.7061,509.006,5250
1234,baseline_unfolded_belt_rocks,600,5000,0,0.0329085,68.7996,509.037,5250
1234,baseline_unfolded_belt_rocks,650,5000,0,0.0347836,68.9942,509.071,5250
1234,baseline_unfolded_belt_rocks,700,5000,0,0.0365292,69.2714,509.106,5250
1234,baseline_unfolded_belt_rocks,750,5000,0,0.0380949,69.6051,509.142,5250
1234,baseline_unfolded_belt_rocks,800,5000,0,0.0394673,69.965,509.18,5250
1234,baseline_unfolded_belt_rocks,850,5000,0,0.0406526,70.3189,509.219,5250
1234,baseline_unfolded_belt_rocks,900,5000,0,0.0416623,70.6363,509.258,5250
1234,baseline_unfolded_belt_rocks,950,5000,0,0.0425059,70.8903,509.299,5250
1234,baseline_unfolded_belt_rocks,1000,5000,0,0.0431943,71.06,509.341,5250
1234,baseline_unfolded_belt_rocks,1050,5000,0,0.0437418,71.0966,509.384,5250
1234,baseline_unfolded_belt_rocks,1100,5000,0,0.0441661,71.0543,509.427,5250
1234,baseline_unfolded_belt_rocks,1150,5000,0,0.0444863,70.9666,509.471,5250
1234,baseline_unfolded_belt_rocks,1200,5000,0,0.044722,70.7431,509.515,5250
1234,baseline_unfolded_belt_rocks,1250,5000,0,0.0448942,70.4475,509.561,5250
1234,baseline_unfolded_belt_rocks,1300,5000,0,0.045022,70.1044,509.606,5250
1234,baseline_unfolded_belt_rocks,1350,5000,0,0.04512,69.7433,509.653,5250
1234,baseline_unfolded_belt_rocks,1400,5000,0,0.0452,69.3959,509.701,5250
1234,baseline_unfolded_belt_rocks,1450,5000,0,0.0452735,69.0936,509.749,5250
1234,baseline_unfolded_belt_rocks,1500,5000,0,0.0453528,68.8645,509.799,5250
1234,baseline_unfolded_belt_rocks,1550,5000,0,0.0454477,68.7302,509.85,5250
1234,baseline_unfolded_belt_rocks,1600,5000,0,0.045564,68.7036,509.909,5250
1234,baseline_unfolded_belt_rocks,1650,5000,0,0.045703,68.7872,509.986,5250
1234,baseline_unfolded_belt_rocks,1700,5000,0,0.045862,68.9733,510.063,5250
1234,baseline_unfolded_belt_rocks,1750,5000,0,0.0460326,69.245,510.141,5250
1234,baseline_unfolded_belt_rocks,1800,5000,0,0.0462024,69.5784,510.218,5250
1234,baseline_unfolded_belt_rocks,1850,5000,0,0.046359,69.9457,510.295,5250
1234,baseline_unfolded_belt_rocks,1900,5000,0,0.0464949,70.3175,510.371,5250
1234,baseline_unfolded_belt_rocks,1950,5000,0,0.0466072,70.6648,510.448,5250
1234,baseline_unfolded_belt_rocks,2000,5000,0,0.0466958,70.9587,510.524,5250
1234,withdraw_a_mid_asteroid_rad5,0,48,0,4.74971E-07,78.4469,87.4201,378
1234,withdraw_a_mid_asteroid_rad5,1,48,0,2.17472E-05,78.4467,87.42,378
1234,withdraw_a_mid_asteroid_rad5,2,48,0,4.31357E-05,78.4466,87.42,378
1234,withdraw_a_mid_asteroid_rad5,3,48,0,6.45217E-05,78.4465,87.4199,378
1234,withdraw_a_mid_asteroid_rad5,4,48,0,8.59036E-05,78.4464,87.4198,378
1234,withdraw_a_mid_asteroid_rad5,5,48,0,0.00010728,78.4463,87.4197,378
1234,withdraw_a_mid_asteroid_rad5,6,48,0,0.000128653,78.4462,87.4196,378
1234,withdraw_a_mid_asteroid_rad5,7,48,0,0.000150034,78.4461,87.4196,378
1234,withdraw_a_mid_asteroid_rad5,8,48,0,0.000171412,78.446,87.4195,378
1234,withdraw_a_mid_asteroid_rad5,9,48,0,0.000192785,78.4459,87.4195,378
1234,withdraw_a_mid_asteroid_rad5,10,48,0,0.000214151,78.4458,87.4194,378
1234,withdraw_a_mid_asteroid_rad5,20,48,0,0.000427511,78.4451,87.4194,378
1234,withdraw_a_mid_asteroid_rad5,30,48,0,0.000640138,78.4446,87.4198,378
1234,withdraw_a_mid_asteroid_rad5,40,48,0,0.000851743,78.4444,87.4207,378
1234,withdraw_a_mid_asteroid_rad5,50,48,0,0.00106205,78.4445,87.4221,378
1234,withdraw_a_mid_asteroid_rad5,60,48,0,0.00127081,78.4446,87.4237,378
1234,withdraw_a_mid_asteroid_rad5,70,48,0,0.00147772,78.4449,87.4257,378
1234,withdraw_a_mid_asteroid_rad5,80,48,0,0.00168067,78.4452,87.4278,378
1234,withdraw_a_mid_asteroid_rad5,90,48,0,0.00187882,78.4456,87.4301,378
1234,withdraw_a_mid_asteroid_rad5,100,48,0,0.00207147,78.4459,87.4324,378
1234,withdraw_a_mid_asteroid_rad5,110,48,0,0.00225802,78.446,87.4346,378
1234,withdraw_a_mid_asteroid_rad5,120,48,0,0.00243798,78.4461,87.4368,378
1234,withdraw_a_mid_asteroid_rad5,130,48,0,0.00261098,78.446,87.4389,378
1234,withdraw_a_mid_asteroid_rad5,140,48,0,0.00277675,78.4457,87.4408,378
1234,withdraw_a_mid_asteroid_rad5,150,48,0,0.00293511,78.4451,87.4424,378
1234,withdraw_a_mid_asteroid_rad5,160,48,0,0.00308595,78.4443,87.4436,378
1234,withdraw_a_mid_asteroid_rad5,170,48,0,0.00322926,78.4432,87.4446,378
1234,withdraw_a_mid_asteroid_rad5,180,48,0,0.00336507,78.4418,87.4451,378
1234,withdraw_a_mid_asteroid_rad5,190,48,0,0.00349348,78.44,87.4452,378
1234,withdraw_a_mid_asteroid_rad5,200,48,0,0.00361463,78.4379,87.4448,378
1234,withdraw_a_mid_asteroid_rad5,210,48,0,0.00372871,78.4354,87.4438,378
1234,withdraw_a_mid_asteroid_rad5,220,48,0,0.00383594,78.4325,87.4424,378
1234,withdraw_a_mid_asteroid_rad5,230,48,0,0.00393655,78.4293,87.4403,378
1234,withdraw_a_mid_asteroid_rad5,240,48,0,0.00403082,78.4256,87.4377,378
1234,withdraw_a_mid_asteroid_rad5,250,48,0,0.00411905,78.4216,87.4344,378
1234,withdraw_a_mid_asteroid_rad5,260,48,0,0.00420152,78.4172,87.4305,378
1234,withdraw_a_mid_asteroid_rad5,270,48,0,0.00427855,78.4123,87.4259,378
1234,withdraw_a_mid_asteroid_rad5,280,48,0,0.00435047,78.4071,87.4206,378
1234,withdraw_a_mid_asteroid_rad5,290,48,0,0.00441757,78.4015,87.4147,378
1234,withdraw_a_mid_asteroid_rad5,300,48,0,0.0044802,78.3955,87.4081,378
1234,withdraw_a_mid_asteroid_rad5,350,48,0,0.00473643,78.3599,87.3645,378
1234,withdraw_a_mid_asteroid_rad5,400,48,0,0.00492106,78.3164,87.304,378
1234,withdraw_a_mid_asteroid_rad5,450,48,0,0.0050576,78.2671,87.228,378
1234,withdraw_a_mid_asteroid_rad5,500,48,0,0.00516127,78.215,87.139,378
1234,withdraw_a_mid_asteroid_rad5,550,48,0,0.00524233,78.1636,87.0402,378
1234,withdraw_a_mid_asteroid_rad5,600,48,0,0.00531161,78.1152,86.9357,378
1234,withdraw_a_mid_asteroid_rad5,650,48,0,0.00538088,78.0719,86.8321,378
1234,withdraw_a_mid_asteroid_rad5,700,48,0,0.00546183,78.0397,86.7468,378
1234,withdraw_a_mid_asteroid_rad5,750,48,0,0.00556438,78.0213,86.6716,378
1234,withdraw_a_mid_asteroid_rad5,800,48,0,0.00569328,78.0189,86.6106,378
1234,withdraw_a_mid_asteroid_rad5,850,48,0,0.00584623,78.0335,86.5671,378
1234,withdraw_a_mid_asteroid_rad5,900,48,0,0.00601634,78.0648,86.544,378
1234,withdraw_a_mid_asteroid_rad5,950,48,0,0.00619662,78.1115,86.5429,378
1234,withdraw_a_mid_asteroid_rad5,1000,48,0,0.00638032,78.1712,86.5646,378
1234,withdraw_a_mid_asteroid_rad5,1050,48,0,0.00656013,78.2405,86.6089,378
1234,withdraw_a_mid_asteroid_rad5,1100,48,0,0.00672925,78.3154,86.6742,378
1234,withdraw_a_mid_asteroid_rad5,1150,48,0,0.00688206,78.3912,86.7583,378
1234,withdraw_a_mid_asteroid_rad5,1200,48,0,0.0070145,78.4633,86.8576,378
1234,withdraw_a_mid_asteroid_rad5,1250,48,0,0.00712303,78.527,86.9682,378
1234,withdraw_a_mid_asteroid_rad5,1300,48,0,0.007204,78.5781,87.0853,378
1234,withdraw_a_mid_asteroid_rad5,1350,48,0,0.00725582,78.6131,87.204,378
1234,withdraw_a_mid_asteroid_rad5,1400,48,0,0.00728181,78.6267,87.319,378
1234,withdraw_a_mid_asteroid_rad5,1450,48,0,0.00728874,78.6183,87.4254,378
1234,withdraw_a_mid_asteroid_rad5,1500,48,0,0.00728289,78.5898,87.5187,378
1234,withdraw_a_mid_asteroid_rad5,1550,48,0,0.00726973,78.5421,87.5947,378
1234,withdraw_a_mid_asteroid_rad5,1600,48,0,0.00725319,78.4775,87.6501,378
1234,withdraw_a_mid_asteroid_rad5,1650,48,0,0.0072352,78.3992,87.6836,378
1234,withdraw_a_mid_asteroid_rad5,1700,48,0,0.00721555,78.3116,87.7062,378
1234,withdraw_a_mid_asteroid_rad5,1750,48,0,0.00719231,78.2196,87.7011,378
1234,withdraw_a_mid_asteroid_rad5,1800,48,0,0.00716436,78.1286,87.6685,378
1234,withdraw_a_mid_asteroid_rad5,1850,48,0,0.00713363,78.044,87.6095,378
1234,withdraw_a_mid_asteroid_rad5,1900,48,0,0.00710405,77.9709,87.5264,378
1234,withdraw_a_mid_asteroid_rad5,1950,48,0,0.00707833,77.9102,87.4228,378
1234,withdraw_a_mid_asteroid_rad5,2000,48,0,0.00705641,77.8698,87.3027,378
1234,withdraw_b_whole_system_rad1000,0,238,0,2.35608E-08,68.8862,527.725,568
1234,withdraw_b_whole_system_rad1000,1,238,0,4.35446E-05,68.8861,527.725,568
1234,withdraw_b_whole_system_rad1000,2,238,0,8.70566E-05,68.8859,527.725,568
1234,withdraw_b_whole_system_rad1000,3,238,0,0.000130535,68.8857,527.725,568
1234,withdraw_b_whole_system_rad1000,4,238,0,0.000173977,68.8856,527.725,568
1234,withdraw_b_whole_system_rad1000,5,238,0,0.000217381,68.8854,527.725,568
1234,withdraw_b_whole_system_rad1000,6,238,0,0.000260747,68.8852,527.725,568
1234,withdraw_b_whole_system_rad1000,7,238,0,0.000304073,68.8851,527.725,568
1234,withdraw_b_whole_system_rad1000,8,238,0,0.000347356,68.8849,527.725,568
1234,withdraw_b_whole_system_rad1000,9,238,0,0.000390596,68.8847,527.725,568
1234,withdraw_b_whole_system_rad1000,10,238,0,0.000433791,68.8846,527.725,568
1234,withdraw_b_whole_system_rad1000,20,238,0,0.000862934,68.8829,527.726,568
1234,withdraw_b_whole_system_rad1000,30,238,0,0.00128599,68.8812,527.726,568
1234,withdraw_b_whole_system_rad1000,40,238,0,0.00170165,68.8794,527.726,568
1234,withdraw_b_whole_system_rad1000,50,238,0,0.00210878,68.8777,527.726,568
1234,withdraw_b_whole_system_rad1000,60,238,0,0.00250642,68.8759,527.727,568
1234,withdraw_b_whole_system_rad1000,70,238,0,0.00289374,68.8742,527.727,568
1234,withdraw_b_whole_system_rad1000,80,238,0,0.0032701,68.8724,527.727,568
1234,withdraw_b_whole_system_rad1000,90,238,0,0.00363499,68.8706,527.728,568
1234,withdraw_b_whole_system_rad1000,100,238,0,0.00398802,68.8689,527.729,568
1234,withdraw_b_whole_system_rad1000,110,238,0,0.00432895,68.8672,527.729,568
1234,withdraw_b_whole_system_rad1000,120,238,0,0.00465762,68.8655,527.73,568
1234,withdraw_b_whole_system_rad1000,130,238,0,0.00497397,68.8639,527.731,568
1234,withdraw_b_whole_system_rad1000,140,238,0,0.00527801,68.8622,527.732,568
1234,withdraw_b_whole_system_rad1000,150,238,0,0.00556984,68.8606,527.733,568
1234,withdraw_b_whole_system_rad1000,160,238,0,0.0058496,68.8589,527.734,568
1234,withdraw_b_whole_system_rad1000,170,238,0,0.00611748,68.8573,527.735,568
1234,withdraw_b_whole_system_rad1000,180,238,0,0.00637372,68.8558,527.736,568
1234,withdraw_b_whole_system_rad1000,190,238,0,0.00661858,68.8543,527.737,568
1234,withdraw_b_whole_system_rad1000,200,238,0,0.00685235,68.8529,527.739,568
1234,withdraw_b_whole_system_rad1000,210,238,0,0.00707536,68.8516,527.74,568
1234,withdraw_b_whole_system_rad1000,220,238,0,0.00728793,68.8505,527.742,568
1234,withdraw_b_whole_system_rad1000,230,238,0,0.00749041,68.8494,527.743,568
1234,withdraw_b_whole_system_rad1000,240,238,0,0.00768316,68.8484,527.745,568
1234,withdraw_b_whole_system_rad1000,250,238,0,0.00786654,68.8476,527.746,568
1234,withdraw_b_whole_system_rad1000,260,238,0,0.00804091,68.8463,527.748,568
1234,withdraw_b_whole_system_rad1000,270,238,0,0.00820663,68.8424,527.75,568
1234,withdraw_b_whole_system_rad1000,280,238,0,0.00836406,68.8384,527.752,568
1234,withdraw_b_whole_system_rad1000,290,238,0,0.00851355,68.8342,527.754,568
1234,withdraw_b_whole_system_rad1000,300,238,0,0.00865544,68.8298,527.756,568
1234,withdraw_b_whole_system_rad1000,350,238,0,0.00926231,68.8057,527.768,568
1234,withdraw_b_whole_system_rad1000,400,238,0,0.00972475,68.7798,527.782,568
1234,withdraw_b_whole_system_rad1000,450,238,0,0.0100748,68.7548,527.797,568
1234,withdraw_b_whole_system_rad1000,500,238,0,0.0103386,68.7337,527.814,568
1234,withdraw_b_whole_system_rad1000,550,238,0,0.0119181,68.7192,527.833,568
1234,withdraw_b_whole_system_rad1000,600,238,0,0.013971,68.7138,527.853,568
1234,withdraw_b_whole_system_rad1000,650,238,0,0.0162843,68.7189,527.875,568
1234,withdraw_b_whole_system_rad1000,700,238,0,0.0184541,68.7346,527.898,568
1234,withdraw_b_whole_system_rad1000,750,238,0,0.0204971,68.7602,527.922,568
1234,withdraw_b_whole_system_rad1000,800,238,0,0.0224981,68.7933,527.947,568
1234,withdraw_b_whole_system_rad1000,850,238,0,0.0244689,68.7428,527.973,568
1234,withdraw_b_whole_system_rad1000,900,238,0,0.0263532,68.7073,527.999,568
1234,withdraw_b_whole_system_rad1000,950,238,0,0.02809,68.6911,528.026,568
1234,withdraw_b_whole_system_rad1000,1000,238,0,0.0296427,68.6965,528.054,568
1234,withdraw_b_whole_system_rad1000,1050,238,0,0.0309973,68.7234,528.081,568
1234,withdraw_b_whole_system_rad1000,1100,238,0,0.0321549,68.7086,528.108,568
1234,withdraw_b_whole_system_rad1000,1150,238,0,0.0331248,68.6656,528.136,568
1234,withdraw_b_whole_system_rad1000,1200,238,0,0.0339232,68.647,528.163,568
1234,withdraw_b_whole_system_rad1000,1250,238,0,0.0345712,68.6553,528.189,568
1234,withdraw_b_whole_system_rad1000,1300,238,0,0.0350901,68.6901,528.214,568
1234,withdraw_b_whole_system_rad1000,1350,238,0,0.0354976,68.6699,528.239,568
1234,withdraw_b_whole_system_rad1000,1400,238,0,0.035809,68.6325,528.263,568
1234,withdraw_b_whole_system_rad1000,1450,238,0,0.0360394,68.62,528.285,568
1234,withdraw_b_whole_system_rad1000,1500,238,0,0.0362058,68.6342,528.307,568
1234,withdraw_b_whole_system_rad1000,1550,238,0,0.0363265,68.6246,528.327,568
1234,withdraw_b_whole_system_rad1000,1600,238,0,0.0364191,68.6224,528.346,568
1234,withdraw_b_whole_system_rad1000,1650,238,0,0.0364995,68.6489,528.363,568
1234,withdraw_b_whole_system_rad1000,1700,238,0,0.0365814,68.6421,528.379,568
1234,withdraw_b_whole_system_rad1000,1750,238,0,0.0366735,68.6496,528.394,568
1234,withdraw_b_whole_system_rad1000,1800,238,0,0.0367785,68.6811,528.407,568
1234,withdraw_b_whole_system_rad1000,1850,238,0,0.0368949,68.667,528.419,568
1234,withdraw_b_whole_system_rad1000,1900,238,0,0.0370205,68.6508,528.429,568
1234,withdraw_b_whole_system_rad1000,1950,238,0,0.0371538,68.6442,528.439,568
1234,withdraw_b_whole_system_rad1000,2000,238,0,0.037293,68.6373,528.456,568
1234,control_folded_kept40x2_no_withdraw,0,80,0,0.0195431,71.5634,508.224,330
1234,control_folded_kept40x2_no_withdraw,1,80,0,0.0195366,71.5633,508.224,330
1234,control_folded_kept40x2_no_withdraw,2,80,0,0.01953,71.5631,508.224,330
1234,control_folded_kept40x2_no_withdraw,3,80,0,0.0195235,71.563,508.224,330
1234,control_folded_kept40x2_no_withdraw,4,80,0,0.0195169,71.5629,508.224,330
1234,control_folded_kept40x2_no_withdraw,5,80,0,0.0195103,71.5628,508.224,330
1234,control_folded_kept40x2_no_withdraw,6,80,0,0.0195037,71.5627,508.224,330
1234,control_folded_kept40x2_no_withdraw,7,80,0,0.0194972,71.5626,508.224,330
1234,control_folded_kept40x2_no_withdraw,8,80,0,0.0194906,71.5626,508.224,330
1234,control_folded_kept40x2_no_withdraw,9,80,0,0.0194839,71.5625,508.224,330
1234,control_folded_kept40x2_no_withdraw,10,80,0,0.0194773,71.5625,508.224,330
1234,control_folded_kept40x2_no_withdraw,20,80,0,0.0194108,71.5628,508.224,330
1234,control_folded_kept40x2_no_withdraw,30,80,0,0.0193435,71.5642,508.224,330
1234,control_folded_kept40x2_no_withdraw,40,80,0,0.0192755,71.5669,508.224,330
1234,control_folded_kept40x2_no_withdraw,50,80,0,0.019228,71.5708,508.224,330
1234,control_folded_kept40x2_no_withdraw,60,80,0,0.0193158,71.5758,508.223,330
1234,control_folded_kept40x2_no_withdraw,70,80,0,0.0194034,71.582,508.223,330
1234,control_folded_kept40x2_no_withdraw,80,80,0,0.0194909,71.5894,508.223,330
1234,control_folded_kept40x2_no_withdraw,90,80,0,0.0195782,71.5979,508.222,330
1234,control_folded_kept40x2_no_withdraw,100,80,0,0.0196654,71.6075,508.222,330
1234,control_folded_kept40x2_no_withdraw,110,80,0,0.0197525,71.6181,508.221,330
1234,control_folded_kept40x2_no_withdraw,120,80,0,0.0198395,71.6299,508.221,330
1234,control_folded_kept40x2_no_withdraw,130,80,0,0.0199265,71.6426,508.22,330
1234,control_folded_kept40x2_no_withdraw,140,80,0,0.0200135,71.6562,508.219,330
1234,control_folded_kept40x2_no_withdraw,150,80,0,0.0201005,71.6708,508.219,330
1234,control_folded_kept40x2_no_withdraw,160,80,0,0.0201875,71.6863,508.218,330
1234,control_folded_kept40x2_no_withdraw,170,80,0,0.0202745,71.7026,508.217,330
1234,control_folded_kept40x2_no_withdraw,180,80,0,0.0203616,71.7197,508.216,330
1234,control_folded_kept40x2_no_withdraw,190,80,0,0.0204488,71.7375,508.215,330
1234,control_folded_kept40x2_no_withdraw,200,80,0,0.020536,71.7559,508.214,330
1234,control_folded_kept40x2_no_withdraw,210,80,0,0.0206232,71.775,508.213,330
1234,control_folded_kept40x2_no_withdraw,220,80,0,0.0207103,71.7947,508.212,330
1234,control_folded_kept40x2_no_withdraw,230,80,0,0.0207973,71.8148,508.211,330
1234,control_folded_kept40x2_no_withdraw,240,80,0,0.020884,71.8354,508.209,330
1234,control_folded_kept40x2_no_withdraw,250,80,0,0.0209704,71.8564,508.208,330
1234,control_folded_kept40x2_no_withdraw,260,80,0,0.0210564,71.8776,508.206,330
1234,control_folded_kept40x2_no_withdraw,270,80,0,0.0211417,71.8991,508.205,330
1234,control_folded_kept40x2_no_withdraw,280,80,0,0.0212263,71.9208,508.203,330
1234,control_folded_kept40x2_no_withdraw,290,80,0,0.02131,71.9426,508.202,330
1234,control_folded_kept40x2_no_withdraw,300,80,0,0.0213926,71.9242,508.2,330
1234,control_folded_kept40x2_no_withdraw,350,80,0,0.0217845,71.675,508.19,330
1234,control_folded_kept40x2_no_withdraw,400,80,0,0.0222945,71.4582,508.178,330
1234,control_folded_kept40x2_no_withdraw,450,80,0,0.022822,71.294,508.164,330
1234,control_folded_kept40x2_no_withdraw,500,80,0,0.0233325,71.1996,508.147,330
1234,control_folded_kept40x2_no_withdraw,550,80,0,0.0238222,71.1874,508.128,330
1234,control_folded_kept40x2_no_withdraw,600,80,0,0.0242892,71.2639,508.106,330
1234,control_folded_kept40x2_no_withdraw,650,80,0,0.0247342,71.4268,508.082,330
1234,control_folded_kept40x2_no_withdraw,700,80,0,0.0251588,71.6625,508.055,330
1234,control_folded_kept40x2_no_withdraw,750,80,0,0.0255598,71.9471,508.025,330
1234,control_folded_kept40x2_no_withdraw,800,80,0,0.0259265,72.0867,507.992,330
1234,control_folded_kept40x2_no_withdraw,850,80,0,0.0262463,71.9774,507.956,330
1234,control_folded_kept40x2_no_withdraw,900,80,0,0.0265136,71.8651,507.918,330
1234,control_folded_kept40x2_no_withdraw,950,80,0,0.0267299,71.7581,507.877,330
1234,control_folded_kept40x2_no_withdraw,1000,80,0,0.0268977,71.6647,507.833,330
1234,control_folded_kept40x2_no_withdraw,1050,80,0,0.0270156,71.5919,507.786,330
1234,control_folded_kept40x2_no_withdraw,1100,80,0,0.0270811,71.5454,507.736,330
1234,control_folded_kept40x2_no_withdraw,1150,80,0,0.0270923,71.5287,507.684,330
1234,control_folded_kept40x2_no_withdraw,1200,80,0,0.0270459,71.5436,507.63,330
1234,control_folded_kept40x2_no_withdraw,1250,80,0,0.0269371,71.5895,507.574,330
1234,control_folded_kept40x2_no_withdraw,1300,80,0,0.0267653,71.6643,507.515,330
1234,control_folded_kept40x2_no_withdraw,1350,80,0,0.0267615,71.7648,507.454,330
1234,control_folded_kept40x2_no_withdraw,1400,80,0,0.0267311,71.5902,507.392,330
1234,control_folded_kept40x2_no_withdraw,1450,80,0,0.0266638,71.3443,507.328,330
1234,control_folded_kept40x2_no_withdraw,1500,80,0,0.0272376,71.1642,507.263,330
1234,control_folded_kept40x2_no_withdraw,1550,80,0,0.0280139,71.0664,507.197,330
1234,control_folded_kept40x2_no_withdraw,1600,80,0,0.0286409,71.0599,507.129,330
1234,control_folded_kept40x2_no_withdraw,1650,80,0,0.0291364,71.1453,507.06,330
1234,control_folded_kept40x2_no_withdraw,1700,80,0,0.0295214,71.3148,506.991,330
1234,control_folded_kept40x2_no_withdraw,1750,80,0,0.0298181,71.553,506.921,330
1234,control_folded_kept40x2_no_withdraw,1800,80,0,0.030047,71.8384,506.851,330
1234,control_folded_kept40x2_no_withdraw,1850,80,0,0.0302228,72.1459,506.78,330
1234,control_folded_kept40x2_no_withdraw,1900,80,0,0.0303567,72.2544,506.71,330
1234,control_folded_kept40x2_no_withdraw,1950,80,0,0.0304602,72.0711,506.64,330
1234,control_folded_kept40x2_no_withdraw,2000,80,0,0.0305459,71.8737,506.57,330
1002,baseline_unfolded_belt_rocks,0,5000,0,0.0200919,71.2925,508.801,5250
1002,baseline_unfolded_belt_rocks,1,5000,0,0.020093,71.2923,508.801,5250
1002,baseline_unfolded_belt_rocks,2,5000,0,0.0200988,71.2922,508.801,5250
1002,baseline_unfolded_belt_rocks,3,5000,0,0.0201082,71.292,508.801,5250
1002,baseline_unfolded_belt_rocks,4,5000,0,0.0201176,71.2918,508.801,5250
1002,baseline_unfolded_belt_rocks,5,5000,0,0.0201269,71.2917,508.801,5250
1002,baseline_unfolded_belt_rocks,6,5000,0,0.0201363,71.2915,508.801,5250
1002,baseline_unfolded_belt_rocks,7,5000,0,0.0201456,71.2913,508.801,5250
1002,baseline_unfolded_belt_rocks,8,5000,0,0.020155,71.2911,508.801,5250
1002,baseline_unfolded_belt_rocks,9,5000,0,0.0201643,71.2909,508.801,5250
1002,baseline_unfolded_belt_rocks,10,5000,0,0.0201737,71.2907,508.801,5250
1002,baseline_unfolded_belt_rocks,20,5000,0,0.020267,71.2884,508.8,5250
1002,baseline_unfolded_belt_rocks,30,5000,0,0.0203601,71.2855,508.8,5250
1002,baseline_unfolded_belt_rocks,40,5000,0,0.020453,71.2821,508.8,5250
1002,baseline_unfolded_belt_rocks,50,5000,0,0.020588,71.2691,508.799,5250
1002,baseline_unfolded_belt_rocks,60,5000,0,0.0208175,71.2411,508.799,5250
1002,baseline_unfolded_belt_rocks,70,5000,0,0.0210383,71.2086,508.798,5250
1002,baseline_unfolded_belt_rocks,80,5000,0,0.02125,71.1715,508.798,5250
1002,baseline_unfolded_belt_rocks,90,5000,0,0.0214524,71.1301,508.797,5250
1002,baseline_unfolded_belt_rocks,100,5000,0,0.0216452,71.0844,508.796,5250
1002,baseline_unfolded_belt_rocks,110,5000,0,0.0218286,71.0346,508.796,5250
1002,baseline_unfolded_belt_rocks,120,5000,0,0.0220025,70.9808,508.795,5250
1002,baseline_unfolded_belt_rocks,130,5000,0,0.0221671,70.9232,508.794,5250
1002,baseline_unfolded_belt_rocks,140,5000,0,0.0223226,70.862,508.793,5250
1002,baseline_unfolded_belt_rocks,150,5000,0,0.0224693,70.7975,508.795,5250
1002,baseline_unfolded_belt_rocks,160,5000,0,0.0226556,70.7297,508.797,5250
1002,baseline_unfolded_belt_rocks,170,5000,0,0.022859,70.659,508.799,5250
1002,baseline_unfolded_belt_rocks,180,5000,0,0.0230602,70.5855,508.801,5250
1002,baseline_unfolded_belt_rocks,190,5000,0,0.023258,70.5096,508.804,5250
1002,baseline_unfolded_belt_rocks,200,5000,0,0.0234516,70.4314,508.807,5250
1002,baseline_unfolded_belt_rocks,210,5000,0,0.0236399,70.3513,508.809,5250
1002,baseline_unfolded_belt_rocks,220,5000,0,0.023867,70.2695,508.812,5250
1002,baseline_unfolded_belt_rocks,230,5000,0,0.024135,70.1864,508.815,5250
1002,baseline_unfolded_belt_rocks,240,5000,0,0.0244017,70.1021,508.818,5250
1002,baseline_unfolded_belt_rocks,250,5000,0,0.0246659,70.017,508.821,5250
1002,baseline_unfolded_belt_rocks,260,5000,0,0.0249266,69.9315,508.825,5250
1002,baseline_unfolded_belt_rocks,270,5000,0,0.0251831,69.8458,508.828,5250
1002,baseline_unfolded_belt_rocks,280,5000,0,0.0254345,69.7602,508.832,5250
1002,baseline_unfolded_belt_rocks,290,5000,0,0.0256804,69.6751,508.836,5250
1002,baseline_unfolded_belt_rocks,300,5000,0,0.0259204,69.5907,508.84,5250
1002,baseline_unfolded_belt_rocks,350,5000,0,0.0270363,69.1918,508.861,5250
1002,baseline_unfolded_belt_rocks,400,5000,0,0.0281666,68.8593,508.886,5250
1002,baseline_unfolded_belt_rocks,450,5000,0,0.0295652,68.6281,508.913,5250
1002,baseline_unfolded_belt_rocks,500,5000,0,0.0309465,68.5253,508.944,5250
1002,baseline_unfolded_belt_rocks,550,5000,0,0.0322921,68.5665,508.977,5250
1002,baseline_unfolded_belt_rocks,600,5000,0,0.0335593,68.7518,509.013,5250
1002,baseline_unfolded_belt_rocks,650,5000,0,0.0347107,69.0628,509.052,5250
1002,baseline_unfolded_belt_rocks,700,5000,0,0.035728,69.4649,509.093,5250
1002,baseline_unfolded_belt_rocks,750,5000,0,0.0366061,69.9145,509.137,5250
1002,baseline_unfolded_belt_rocks,800,5000,0,0.037346,70.3656,509.183,5250
1002,baseline_unfolded_belt_rocks,850,5000,0,0.0379536,70.6786,509.23,5250
1002,baseline_unfolded_belt_rocks,900,5000,0,0.0384398,70.935,509.28,5250
1002,baseline_unfolded_belt_rocks,950,5000,0,0.0388183,71.1446,509.331,5250
1002,baseline_unfolded_belt_rocks,1000,5000,0,0.0391035,71.1823,509.383,5250
1002,baseline_unfolded_belt_rocks,1050,5000,0,0.0393116,71.1052,509.436,5250
1002,baseline_unfolded_belt_rocks,1100,5000,0,0.0397836,71.0326,509.491,5250
1002,baseline_unfolded_belt_rocks,1150,5000,0,0.0406611,70.9627,509.546,5250
1002,baseline_unfolded_belt_rocks,1200,5000,0,0.0413471,70.5949,509.603,5250
1002,baseline_unfolded_belt_rocks,1250,5000,0,0.0418723,70.1676,509.659,5250
1002,baseline_unfolded_belt_rocks,1300,5000,0,0.0422638,69.7189,509.717,5250
1002,baseline_unfolded_belt_rocks,1350,5000,0,0.042547,69.2902,509.774,5250
1002,baseline_unfolded_belt_rocks,1400,5000,0,0.0427463,68.9225,509.832,5250
1002,baseline_unfolded_belt_rocks,1450,5000,0,0.0428845,68.6518,509.89,5250
1002,baseline_unfolded_belt_rocks,1500,5000,0,0.0429822,68.5053,509.947,5250
1002,baseline_unfolded_belt_rocks,1550,5000,0,0.0430581,68.4979,510.005,5250
1002,baseline_unfolded_belt_rocks,1600,5000,0,0.0431278,68.63,510.063,5250
1002,baseline_unfolded_belt_rocks,1650,5000,0,0.0432023,68.8875,510.12,5250
1002,baseline_unfolded_belt_rocks,1700,5000,0,0.0432869,69.2441,510.177,5250
1002,baseline_unfolded_belt_rocks,1750,5000,0,0.0433834,69.6642,510.235,5250
1002,baseline_unfolded_belt_rocks,1800,5000,0,0.0434925,70.0217,510.292,5250
1002,baseline_unfolded_belt_rocks,1850,5000,0,0.0436138,70.2957,510.349,5250
1002,baseline_unfolded_belt_rocks,1900,5000,0,0.0437457,70.5803,510.406,5250
1002,baseline_unfolded_belt_rocks,1950,5000,0,0.0438839,70.8547,510.463,5250
1002,baseline_unfolded_belt_rocks,2000,5000,0,0.0440231,70.9317,510.521,5250
1002,withdraw_a_mid_asteroid_rad5,0,48,0,4.74737E-07,78.4469,87.4201,378
1002,withdraw_a_mid_asteroid_rad5,1,48,0,1.4295E-06,78.4467,87.42,378
1002,withdraw_a_mid_asteroid_rad5,2,48,0,2.53537E-06,78.4466,87.4199,378
1002,withdraw_a_mid_asteroid_rad5,3,48,0,3.65803E-06,78.4465,87.4198,378
1002,withdraw_a_mid_asteroid_rad5,4,48,0,4.78647E-06,78.4464,87.4197,378
1002,withdraw_a_mid_asteroid_rad5,5,48,0,5.91766E-06,78.4462,87.4196,378
1002,withdraw_a_mid_asteroid_rad5,6,48,0,7.05071E-06,78.4461,87.4195,378
1002,withdraw_a_mid_asteroid_rad5,7,48,0,8.18518E-06,78.446,87.4194,378
1002,withdraw_a_mid_asteroid_rad5,8,48,0,9.3209E-06,78.4459,87.4193,378
1002,withdraw_a_mid_asteroid_rad5,9,48,0,1.04578E-05,78.4457,87.4192,378
1002,withdraw_a_mid_asteroid_rad5,10,48,0,1.15956E-05,78.4456,87.4191,378
1002,withdraw_a_mid_asteroid_rad5,20,48,0,2.30315E-05,78.4444,87.4182,378
1002,withdraw_a_mid_asteroid_rad5,30,48,0,3.45817E-05,78.4432,87.4172,378
1002,withdraw_a_mid_asteroid_rad5,40,48,0,4.62681E-05,78.442,87.4163,378
1002,withdraw_a_mid_asteroid_rad5,50,48,0,5.81154E-05,78.4409,87.4155,378
1002,withdraw_a_mid_asteroid_rad5,60,48,0,7.01503E-05,78.4398,87.4147,378
1002,withdraw_a_mid_asteroid_rad5,70,48,0,8.2401E-05,78.4387,87.4138,378
1002,withdraw_a_mid_asteroid_rad5,80,48,0,9.48937E-05,78.4377,87.4131,378
1002,withdraw_a_mid_asteroid_rad5,90,48,0,0.000107649,78.4366,87.4123,378
1002,withdraw_a_mid_asteroid_rad5,100,48,0,0.000120682,78.4356,87.4116,378
1002,withdraw_a_mid_asteroid_rad5,110,48,0,0.000133994,78.4346,87.4108,378
1002,withdraw_a_mid_asteroid_rad5,120,48,0,0.000147582,78.4336,87.4101,378
1002,withdraw_a_mid_asteroid_rad5,130,48,0,0.000161431,78.4326,87.4094,378
1002,withdraw_a_mid_asteroid_rad5,140,48,0,0.000175519,78.4316,87.4088,378
1002,withdraw_a_mid_asteroid_rad5,150,48,0,0.000189817,78.4306,87.4081,378
1002,withdraw_a_mid_asteroid_rad5,160,48,0,0.000204292,78.4297,87.4074,378
1002,withdraw_a_mid_asteroid_rad5,170,48,0,0.000218906,78.4287,87.4067,378
1002,withdraw_a_mid_asteroid_rad5,180,48,0,0.00023362,78.4277,87.406,378
1002,withdraw_a_mid_asteroid_rad5,190,48,0,0.000248395,78.4266,87.4053,378
1002,withdraw_a_mid_asteroid_rad5,200,48,0,0.000263191,78.4256,87.4046,378
1002,withdraw_a_mid_asteroid_rad5,210,48,0,0.000277971,78.4246,87.4039,378
1002,withdraw_a_mid_asteroid_rad5,220,48,0,0.000292698,78.4235,87.4032,378
1002,withdraw_a_mid_asteroid_rad5,230,48,0,0.000307341,78.4224,87.4024,378
1002,withdraw_a_mid_asteroid_rad5,240,48,0,0.000321873,78.4212,87.4016,378
1002,withdraw_a_mid_asteroid_rad5,250,48,0,0.000336271,78.42,87.4008,378
1002,withdraw_a_mid_asteroid_rad5,260,48,0,0.000350515,78.4188,87.4,378
1002,withdraw_a_mid_asteroid_rad5,270,48,0,0.000364594,78.4176,87.3991,378
1002,withdraw_a_mid_asteroid_rad5,280,48,0,0.000378498,78.4163,87.3981,378
1002,withdraw_a_mid_asteroid_rad5,290,48,0,0.000392222,78.4149,87.3972,378
1002,withdraw_a_mid_asteroid_rad5,300,48,0,0.000405764,78.4135,87.3961,378
1002,withdraw_a_mid_asteroid_rad5,350,48,0,0.000470857,78.4056,87.3901,378
1002,withdraw_a_mid_asteroid_rad5,400,48,0,0.0005321,78.3961,87.3823,378
1002,withdraw_a_mid_asteroid_rad5,450,48,0,0.000590581,78.3849,87.3724,378
1002,withdraw_a_mid_asteroid_rad5,500,48,0,0.000648302,78.3722,87.3601,378
1002,withdraw_a_mid_asteroid_rad5,550,48,0,0.000709558,78.3585,87.3453,378
1002,withdraw_a_mid_asteroid_rad5,600,48,0,0.00077428,78.3447,87.3279,378
1002,withdraw_a_mid_asteroid_rad5,650,48,0,0.000884486,78.332,87.3081,378
1002,withdraw_a_mid_asteroid_rad5,700,48,0,0.00122179,78.3222,87.2865,378
1002,withdraw_a_mid_asteroid_rad5,750,48,0,0.00166071,78.3164,87.2637,378
1002,withdraw_a_mid_asteroid_rad5,800,48,0,0.00221472,78.3185,87.2406,378
1002,withdraw_a_mid_asteroid_rad5,850,48,0,0.00288314,78.3322,87.2181,378
1002,withdraw_a_mid_asteroid_rad5,900,48,0,0.00362586,78.3623,87.1977,378
1002,withdraw_a_mid_asteroid_rad5,950,48,0,0.0043491,78.4132,87.1811,378
1002,withdraw_a_mid_asteroid_rad5,1000,48,0,0.00496141,78.4871,87.1737,378
1002,withdraw_a_mid_asteroid_rad5,1050,48,0,0.00552167,78.5809,87.1748,378
1002,withdraw_a_mid_asteroid_rad5,1100,48,0,0.0060921,78.6849,87.1871,378
1002,withdraw_a_mid_asteroid_rad5,1150,48,0,0.00663851,78.7863,87.2134,378
1002,withdraw_a_mid_asteroid_rad5,1200,48,0,0.00723676,78.8723,87.2572,378
1002,withdraw_a_mid_asteroid_rad5,1250,48,0,0.00780892,78.9327,87.3227,378
1002,withdraw_a_mid_asteroid_rad5,1300,48,0,0.00845326,78.9605,87.4141,378
1002,withdraw_a_mid_asteroid_rad5,1350,48,0,0.00909052,78.9467,87.5352,378
1002,withdraw_a_mid_asteroid_rad5,1400,48,0,0.00971017,78.8934,87.6862,378
1002,withdraw_a_mid_asteroid_rad5,1450,48,0,0.0104319,78.8058,87.8607,378
1002,withdraw_a_mid_asteroid_rad5,1500,48,0,0.0110717,78.6893,88.0455,378
1002,withdraw_a_mid_asteroid_rad5,1550,48,0,0.0117245,78.5514,88.224,378
1002,withdraw_a_mid_asteroid_rad5,1600,48,0,0.0124905,78.4012,88.3802,378
1002,withdraw_a_mid_asteroid_rad5,1650,48,0,0.0131454,78.249,88.5003,378
1002,withdraw_a_mid_asteroid_rad5,1700,48,0,0.0136799,78.1054,88.574,378
1002,withdraw_a_mid_asteroid_rad5,1750,48,0,0.0140988,77.9806,88.5946,378
1002,withdraw_a_mid_asteroid_rad5,1800,48,0,0.0144139,77.8837,88.5829,378
1002,withdraw_a_mid_asteroid_rad5,1850,48,0,0.0146394,77.8219,88.5252,378
1002,withdraw_a_mid_asteroid_rad5,1900,48,0,0.0147927,77.7999,88.4112,378
1002,withdraw_a_mid_asteroid_rad5,1950,48,0,0.0148925,77.812,88.2448,378
1002,withdraw_a_mid_asteroid_rad5,2000,48,0,0.0149578,77.8657,88.0325,378
1002,withdraw_b_whole_system_rad1000,0,238,0,2.35608E-08,68.8862,527.725,568
1002,withdraw_b_whole_system_rad1000,1,238,0,4.16676E-05,68.8861,527.725,568
1002,withdraw_b_whole_system_rad1000,2,238,0,8.32608E-05,68.8859,527.725,568
1002,withdraw_b_whole_system_rad1000,3,238,0,0.000124778,68.8857,527.725,568
1002,withdraw_b_whole_system_rad1000,4,238,0,0.000166219,68.8856,527.725,568
1002,withdraw_b_whole_system_rad1000,5,238,0,0.000207582,68.8854,527.725,568
1002,withdraw_b_whole_system_rad1000,6,238,0,0.000248865,68.8852,527.725,568
1002,withdraw_b_whole_system_rad1000,7,238,0,0.000290069,68.8851,527.725,568
1002,withdraw_b_whole_system_rad1000,8,238,0,0.000331191,68.8849,527.725,568
1002,withdraw_b_whole_system_rad1000,9,238,0,0.00037223,68.8847,527.725,568
1002,withdraw_b_whole_system_rad1000,10,238,0,0.000413185,68.8846,527.725,568
1002,withdraw_b_whole_system_rad1000,20,238,0,0.00081791,68.8829,527.726,568
1002,withdraw_b_whole_system_rad1000,30,238,0,0.00121319,68.8812,527.726,568
1002,withdraw_b_whole_system_rad1000,40,238,0,0.00159819,68.8794,527.726,568
1002,withdraw_b_whole_system_rad1000,50,238,0,0.00197226,68.8777,527.726,568
1002,withdraw_b_whole_system_rad1000,60,238,0,0.0023349,68.8759,527.727,568
1002,withdraw_b_whole_system_rad1000,70,238,0,0.00268572,68.8741,527.727,568
1002,withdraw_b_whole_system_rad1000,80,238,0,0.00302451,68.8723,527.727,568
1002,withdraw_b_whole_system_rad1000,90,238,0,0.00335112,68.8705,527.728,568
1002,withdraw_b_whole_system_rad1000,100,238,0,0.00366554,68.8687,527.729,568
1002,withdraw_b_whole_system_rad1000,110,238,0,0.00396783,68.8668,527.729,568
1002,withdraw_b_whole_system_rad1000,120,238,0,0.00425815,68.865,527.73,568
1002,withdraw_b_whole_system_rad1000,130,238,0,0.00453669,68.8632,527.731,568
1002,withdraw_b_whole_system_rad1000,140,238,0,0.0048037,68.8614,527.732,568
1002,withdraw_b_whole_system_rad1000,150,238,0,0.00505947,68.8597,527.733,568
1002,withdraw_b_whole_system_rad1000,160,238,0,0.00530433,68.8579,527.734,568
1002,withdraw_b_whole_system_rad1000,170,238,0,0.00553861,68.8562,527.735,568
1002,withdraw_b_whole_system_rad1000,180,238,0,0.00576266,68.8546,527.737,568
1002,withdraw_b_whole_system_rad1000,190,238,0,0.00597686,68.853,527.738,568
1002,withdraw_b_whole_system_rad1000,200,238,0,0.00618155,68.8516,527.739,568
1002,withdraw_b_whole_system_rad1000,210,238,0,0.00637712,68.8502,527.741,568
1002,withdraw_b_whole_system_rad1000,220,238,0,0.00656393,68.8489,527.742,568
1002,withdraw_b_whole_system_rad1000,230,238,0,0.00674233,68.8478,527.744,568
1002,withdraw_b_whole_system_rad1000,240,238,0,0.00691267,68.8468,527.746,568
1002,withdraw_b_whole_system_rad1000,250,238,0,0.00707531,68.8459,527.748,568
1002,withdraw_b_whole_system_rad1000,260,238,0,0.00723057,68.8421,527.749,568
1002,withdraw_b_whole_system_rad1000,270,238,0,0.00737878,68.8381,527.751,568
1002,withdraw_b_whole_system_rad1000,280,238,0,0.00752027,68.8338,527.753,568
1002,withdraw_b_whole_system_rad1000,290,238,0,0.00765533,68.8295,527.756,568
1002,withdraw_b_whole_system_rad1000,300,238,0,0.00778429,68.8249,527.758,568
1002,withdraw_b_whole_system_rad1000,350,238,0,0.00834722,68.8,527.77,568
1002,withdraw_b_whole_system_rad1000,400,238,0,0.00879513,68.7737,527.784,568
1002,withdraw_b_whole_system_rad1000,450,238,0,0.00914936,68.7489,527.8,568
1002,withdraw_b_whole_system_rad1000,500,238,0,0.0109132,68.7287,527.817,568
1002,withdraw_b_whole_system_rad1000,550,238,0,0.0129329,68.716,527.836,568
1002,withdraw_b_whole_system_rad1000,600,238,0,0.0152978,68.713,527.857,568
1002,withdraw_b_whole_system_rad1000,650,238,0,0.0175489,68.7208,527.88,568
1002,withdraw_b_whole_system_rad1000,700,238,0,0.0196361,68.7395,527.903,568
1002,withdraw_b_whole_system_rad1000,750,238,0,0.0216491,68.7681,527.929,568
1002,withdraw_b_whole_system_rad1000,800,238,0,0.0236502,68.7771,527.955,568
1002,withdraw_b_whole_system_rad1000,850,238,0,0.0256025,68.7298,527.982,568
1002,withdraw_b_whole_system_rad1000,900,238,0,0.0274308,68.6987,528.01,568
1002,withdraw_b_whole_system_rad1000,950,238,0,0.0290781,68.6877,528.038,568
1002,withdraw_b_whole_system_rad1000,1000,238,0,0.0305172,68.6984,528.067,568
1002,withdraw_b_whole_system_rad1000,1050,238,0,0.0317437,68.7302,528.096,568
1002,withdraw_b_whole_system_rad1000,1100,238,0,0.0327686,68.6959,528.125,568
1002,withdraw_b_whole_system_rad1000,1150,238,0,0.0336123,68.6567,528.153,568
1002,withdraw_b_whole_system_rad1000,1200,238,0,0.0342983,68.643,528.182,568
1002,withdraw_b_whole_system_rad1000,1250,238,0,0.0348477,68.6569,528.21,568
1002,withdraw_b_whole_system_rad1000,1300,238,0,0.0352791,68.6972,528.238,568
1002,withdraw_b_whole_system_rad1000,1350,238,0,0.0356105,68.6603,528.265,568
1002,withdraw_b_whole_system_rad1000,1400,238,0,0.03586,68.6274,528.291,568
1002,withdraw_b_whole_system_rad1000,1450,238,0,0.0360453,68.6201,528.316,568
1002,withdraw_b_whole_system_rad1000,1500,238,0,0.0361832,68.6397,528.34,568
1002,withdraw_b_whole_system_rad1000,1550,238,0,0.0362897,68.6219,528.362,568
1002,withdraw_b_whole_system_rad1000,1600,238,0,0.0363792,68.6273,528.384,568
1002,withdraw_b_whole_system_rad1000,1650,238,0,0.0364635,68.6548,528.404,568
1002,withdraw_b_whole_system_rad1000,1700,238,0,0.0365498,68.643,528.422,568
1002,withdraw_b_whole_system_rad1000,1750,238,0,0.0366418,68.6554,528.439,568
1002,withdraw_b_whole_system_rad1000,1800,238,0,0.0367422,68.691,528.455,568
1002,withdraw_b_whole_system_rad1000,1850,238,0,0.0368538,68.6616,528.47,568
1002,withdraw_b_whole_system_rad1000,1900,238,0,0.0369782,68.6533,528.483,568
1002,withdraw_b_whole_system_rad1000,1950,238,0,0.0371145,68.6433,528.495,568
1002,withdraw_b_whole_system_rad1000,2000,238,0,0.0372595,68.6424,528.506,568
1002,control_folded_kept40x2_no_withdraw,0,80,0,0.0191977,72.3875,506.239,330
1002,control_folded_kept40x2_no_withdraw,1,80,0,0.0192065,72.3874,506.239,330
1002,control_folded_kept40x2_no_withdraw,2,80,0,0.0192154,72.3873,506.239,330
1002,control_folded_kept40x2_no_withdraw,3,80,0,0.0192244,72.3872,506.239,330
1002,control_folded_kept40x2_no_withdraw,4,80,0,0.0192334,72.3872,506.239,330
1002,control_folded_kept40x2_no_withdraw,5,80,0,0.0192424,72.3872,506.239,330
1002,control_folded_kept40x2_no_withdraw,6,80,0,0.0192515,72.3872,506.239,330
1002,control_folded_kept40x2_no_withdraw,7,80,0,0.0192606,72.3873,506.239,330
1002,control_folded_kept40x2_no_withdraw,8,80,0,0.0192698,72.3874,506.239,330
1002,control_folded_kept40x2_no_withdraw,9,80,0,0.019279,72.3876,506.239,330
1002,control_folded_kept40x2_no_withdraw,10,80,0,0.0192883,72.3877,506.239,330
1002,control_folded_kept40x2_no_withdraw,20,80,0,0.0193833,72.3914,506.239,330
1002,control_folded_kept40x2_no_withdraw,30,80,0,0.0194829,72.3986,506.239,330
1002,control_folded_kept40x2_no_withdraw,40,80,0,0.0195871,72.4091,506.239,330
1002,control_folded_kept40x2_no_withdraw,50,80,0,0.019696,72.4231,506.24,330
1002,control_folded_kept40x2_no_withdraw,60,80,0,0.0198096,72.4403,506.24,330
1002,control_folded_kept40x2_no_withdraw,70,80,0,0.0199282,72.4609,506.241,330
1002,control_folded_kept40x2_no_withdraw,80,80,0,0.0200516,72.4846,506.242,330
1002,control_folded_kept40x2_no_withdraw,90,80,0,0.02018,72.5114,506.242,330
1002,control_folded_kept40x2_no_withdraw,100,80,0,0.0203135,72.5412,506.243,330
1002,control_folded_kept40x2_no_withdraw,110,80,0,0.0204521,72.5739,506.245,330
1002,control_folded_kept40x2_no_withdraw,120,80,0,0.0205958,72.6094,506.246,330
1002,control_folded_kept40x2_no_withdraw,130,80,0,0.0207446,72.6476,506.247,330
1002,control_folded_kept40x2_no_withdraw,140,80,0,0.0208987,72.6884,506.248,330
1002,control_folded_kept40x2_no_withdraw,150,80,0,0.021058,72.7316,506.25,330
1002,control_folded_kept40x2_no_withdraw,160,80,0,0.0212226,72.777,506.252,330
1002,control_folded_kept40x2_no_withdraw,170,80,0,0.0213924,72.8246,506.253,330
1002,control_folded_kept40x2_no_withdraw,180,80,0,0.0215673,72.8741,506.255,330
1002,control_folded_kept40x2_no_withdraw,190,80,0,0.0217474,72.9255,506.257,330
1002,control_folded_kept40x2_no_withdraw,200,80,0,0.0219326,72.9785,506.259,330
1002,control_folded_kept40x2_no_withdraw,210,80,0,0.0221227,73.033,506.262,330
1002,control_folded_kept40x2_no_withdraw,220,80,0,0.0223175,73.0888,506.264,330
1002,control_folded_kept40x2_no_withdraw,230,80,0,0.0225169,73.1458,506.267,330
1002,control_folded_kept40x2_no_withdraw,240,80,0,0.0227205,73.2037,506.269,330
1002,control_folded_kept40x2_no_withdraw,250,80,0,0.022928,73.2625,506.272,330
1002,control_folded_kept40x2_no_withdraw,260,80,0,0.0231391,73.3219,506.275,330
1002,control_folded_kept40x2_no_withdraw,270,80,0,0.0233531,73.3818,506.278,330
1002,control_folded_kept40x2_no_withdraw,280,80,0,0.0235698,73.442,506.281,330
1002,control_folded_kept40x2_no_withdraw,290,80,0,0.0237884,73.5023,506.284,330
1002,control_folded_kept40x2_no_withdraw,300,80,0,0.0240085,73.5626,506.288,330
1002,control_folded_kept40x2_no_withdraw,350,80,0,0.0251126,73.858,506.307,330
1002,control_folded_kept40x2_no_withdraw,400,80,0,0.0261941,73.9053,506.329,330
1002,control_folded_kept40x2_no_withdraw,450,80,0,0.0272482,73.9144,506.354,330
1002,control_folded_kept40x2_no_withdraw,500,80,0,0.0282718,73.9298,506.383,330
1002,control_folded_kept40x2_no_withdraw,550,80,0,0.0292354,73.951,506.415,330
1002,control_folded_kept40x2_no_withdraw,600,80,0,0.030105,73.9764,506.45,330
1002,control_folded_kept40x2_no_withdraw,650,80,0,0.0308617,74.0042,506.488,330
1002,control_folded_kept40x2_no_withdraw,700,80,0,0.0315017,74.0322,506.53,330
1002,control_folded_kept40x2_no_withdraw,750,80,0,0.0320289,74.058,506.575,330
1002,control_folded_kept40x2_no_withdraw,800,80,0,0.0324509,74.0789,506.623,330
1002,control_folded_kept40x2_no_withdraw,850,80,0,0.0327776,73.7921,506.675,330
1002,control_folded_kept40x2_no_withdraw,900,80,0,0.033022,73.4443,506.729,330
1002,control_folded_kept40x2_no_withdraw,950,80,0,0.0331995,73.0942,506.786,330
1002,control_folded_kept40x2_no_withdraw,1000,80,0,0.0333253,72.7698,506.845,330
1002,control_folded_kept40x2_no_withdraw,1050,80,0,0.0334153,72.4983,506.907,330
1002,control_folded_kept40x2_no_withdraw,1100,80,0,0.0334869,72.3029,506.971,330
1002,control_folded_kept40x2_no_withdraw,1150,80,0,0.0335576,72.2013,507.037,330
1002,control_folded_kept40x2_no_withdraw,1200,80,0,0.0336411,72.2031,507.106,330
1002,control_folded_kept40x2_no_withdraw,1250,80,0,0.0337454,72.3091,507.176,330
1002,control_folded_kept40x2_no_withdraw,1300,80,0,0.0338738,72.5111,507.247,330
1002,control_folded_kept40x2_no_withdraw,1350,80,0,0.0340263,72.7926,507.321,330
1002,control_folded_kept40x2_no_withdraw,1400,80,0,0.0341991,73.1305,507.395,330
1002,control_folded_kept40x2_no_withdraw,1450,80,0,0.0343862,73.4978,507.471,330
1002,control_folded_kept40x2_no_withdraw,1500,80,0,0.0345796,73.7701,507.547,330
1002,control_folded_kept40x2_no_withdraw,1550,80,0,0.034771,73.8057,507.625,330
1002,control_folded_kept40x2_no_withdraw,1600,80,0,0.0349523,73.8682,507.702,330
1002,control_folded_kept40x2_no_withdraw,1650,80,0,0.035115,73.9558,507.781,330
1002,control_folded_kept40x2_no_withdraw,1700,80,0,0.035252,74.0603,507.859,330
1002,control_folded_kept40x2_no_withdraw,1750,80,0,0.0353594,74.1688,507.938,330
1002,control_folded_kept40x2_no_withdraw,1800,80,0,0.0354372,74.2676,508.016,330
1002,control_folded_kept40x2_no_withdraw,1850,80,0,0.0354895,74.3451,508.095,330
1002,control_folded_kept40x2_no_withdraw,1900,80,0,0.0355224,74.3287,508.174,330
1002,control_folded_kept40x2_no_withdraw,1950,80,0,0.0355411,74.0001,508.252,330
1002,control_folded_kept40x2_no_withdraw,2000,80,0,0.0355491,73.6284,508.331,330
1011,baseline_unfolded_belt_rocks,0,5000,0,0.0200981,71.3384,508.791,5250
1011,baseline_unfolded_belt_rocks,1,5000,0,0.0201056,71.3383,508.791,5250
1011,baseline_unfolded_belt_rocks,2,5000,0,0.0201133,71.3381,508.791,5250
1011,baseline_unfolded_belt_rocks,3,5000,0,0.020121,71.338,508.791,5250
1011,baseline_unfolded_belt_rocks,4,5000,0,0.0201287,71.3379,508.791,5250
1011,baseline_unfolded_belt_rocks,5,5000,0,0.0201364,71.3377,508.791,5250
1011,baseline_unfolded_belt_rocks,6,5000,0,0.0201441,71.3376,508.791,5250
1011,baseline_unfolded_belt_rocks,7,5000,0,0.0201519,71.3375,508.791,5250
1011,baseline_unfolded_belt_rocks,8,5000,0,0.0201596,71.3374,508.791,5250
1011,baseline_unfolded_belt_rocks,9,5000,0,0.0201674,71.3373,508.791,5250
1011,baseline_unfolded_belt_rocks,10,5000,0,0.0201752,71.3372,508.791,5250
1011,baseline_unfolded_belt_rocks,20,5000,0,0.0202535,71.3366,508.791,5250
1011,baseline_unfolded_belt_rocks,30,5000,0,0.0203329,71.3359,508.791,5250
1011,baseline_unfolded_belt_rocks,40,5000,0,0.0206017,71.3221,508.791,5250
1011,baseline_unfolded_belt_rocks,50,5000,0,0.0209302,71.3048,508.791,5250
1011,baseline_unfolded_belt_rocks,60,5000,0,0.0212667,71.2842,508.791,5250
1011,baseline_unfolded_belt_rocks,70,5000,0,0.0216103,71.2601,508.791,5250
1011,baseline_unfolded_belt_rocks,80,5000,0,0.0219594,71.2328,508.792,5250
1011,baseline_unfolded_belt_rocks,90,5000,0,0.0223128,71.2023,508.792,5250
1011,baseline_unfolded_belt_rocks,100,5000,0,0.0226685,71.1687,508.792,5250
1011,baseline_unfolded_belt_rocks,110,5000,0,0.0230248,71.132,508.792,5250
1011,baseline_unfolded_belt_rocks,120,5000,0,0.0233798,71.0925,508.793,5250
1011,baseline_unfolded_belt_rocks,130,5000,0,0.0237312,71.0502,508.793,5250
1011,baseline_unfolded_belt_rocks,140,5000,0,0.024077,71.0053,508.794,5250
1011,baseline_unfolded_belt_rocks,150,5000,0,0.0244152,70.9579,508.794,5250
1011,baseline_unfolded_belt_rocks,160,5000,0,0.0247438,70.9082,508.795,5250
1011,baseline_unfolded_belt_rocks,170,5000,0,0.0250612,70.8564,508.795,5250
1011,baseline_unfolded_belt_rocks,180,5000,0,0.025366,70.8027,508.796,5250
1011,baseline_unfolded_belt_rocks,190,5000,0,0.025657,70.7471,508.797,5250
1011,baseline_unfolded_belt_rocks,200,5000,0,0.0259338,70.69,508.797,5250
1011,baseline_unfolded_belt_rocks,210,5000,0,0.0261962,70.6315,508.798,5250
1011,baseline_unfolded_belt_rocks,220,5000,0,0.0264444,70.5719,508.799,5250
1011,baseline_unfolded_belt_rocks,230,5000,0,0.0266793,70.5113,508.8,5250
1011,baseline_unfolded_belt_rocks,240,5000,0,0.0269017,70.45,508.801,5250
1011,baseline_unfolded_belt_rocks,250,5000,0,0.0271133,70.3882,508.802,5250
1011,baseline_unfolded_belt_rocks,260,5000,0,0.0273155,70.3261,508.803,5250
1011,baseline_unfolded_belt_rocks,270,5000,0,0.0275099,70.2639,508.804,5250
1011,baseline_unfolded_belt_rocks,280,5000,0,0.0276983,70.2016,508.805,5250
1011,baseline_unfolded_belt_rocks,290,5000,0,0.0278823,70.135,508.807,5250
1011,baseline_unfolded_belt_rocks,300,5000,0,0.0280634,70.0684,508.808,5250
1011,baseline_unfolded_belt_rocks,350,5000,0,0.0289619,69.7157,508.816,5250
1011,baseline_unfolded_belt_rocks,400,5000,0,0.029892,69.4026,508.825,5250
1011,baseline_unfolded_belt_rocks,450,5000,0,0.030842,69.1743,508.854,5250
1011,baseline_unfolded_belt_rocks,500,5000,0,0.0317655,69.0538,508.886,5250
1011,baseline_unfolded_belt_rocks,550,5000,0,0.0326198,69.0543,508.921,5250
1011,baseline_unfolded_belt_rocks,600,5000,0,0.0333783,69.1457,508.959,5250
1011,baseline_unfolded_belt_rocks,650,5000,0,0.0340314,69.3136,508.999,5250
1011,baseline_unfolded_belt_rocks,700,5000,0,0.0345804,69.5633,509.041,5250
1011,baseline_unfolded_belt_rocks,750,5000,0,0.0350318,69.8716,509.086,5250
1011,baseline_unfolded_belt_rocks,800,5000,0,0.0359847,70.2107,509.132,5250
1011,baseline_unfolded_belt_rocks,850,5000,0,0.0381817,70.5502,509.18,5250
1011,baseline_unfolded_belt_rocks,900,5000,0,0.0401198,70.8605,509.23,5250
1011,baseline_unfolded_belt_rocks,950,5000,0,0.0417638,71.0923,509.281,5250
1011,baseline_unfolded_belt_rocks,1000,5000,0,0.0431152,71.2016,509.333,5250
1011,baseline_unfolded_belt_rocks,1050,5000,0,0.0441969,71.2579,509.386,5250
1011,baseline_unfolded_belt_rocks,1100,5000,0,0.0450442,71.1904,509.441,5250
1011,baseline_unfolded_belt_rocks,1150,5000,0,0.0456977,71.126,509.496,5250
1011,baseline_unfolded_belt_rocks,1200,5000,0,0.0461953,70.9132,509.552,5250
1011,baseline_unfolded_belt_rocks,1250,5000,0,0.0465686,70.661,509.609,5250
1011,baseline_unfolded_belt_rocks,1300,5000,0,0.0468416,70.3491,509.666,5250
1011,baseline_unfolded_belt_rocks,1350,5000,0,0.0470335,69.9327,509.724,5250
1011,baseline_unfolded_belt_rocks,1400,5000,0,0.0471614,69.5121,509.782,5250
1011,baseline_unfolded_belt_rocks,1450,5000,0,0.0472418,69.1681,509.841,5250
1011,baseline_unfolded_belt_rocks,1500,5000,0,0.0472927,68.9349,509.901,5250
1011,baseline_unfolded_belt_rocks,1550,5000,0,0.0473326,68.8365,509.961,5250
1011,baseline_unfolded_belt_rocks,1600,5000,0,0.0473772,68.8834,510.051,5250
1011,baseline_unfolded_belt_rocks,1650,5000,0,0.0474354,69.0543,510.143,5250
1011,baseline_unfolded_belt_rocks,1700,5000,0,0.0475098,69.224,510.235,5250
1011,baseline_unfolded_belt_rocks,1750,5000,0,0.0476005,69.4901,510.328,5250
1011,baseline_unfolded_belt_rocks,1800,5000,0,0.0477068,69.8321,510.421,5250
1011,baseline_unfolded_belt_rocks,1850,5000,0,0.047825,70.2216,510.515,5250
1011,baseline_unfolded_belt_rocks,1900,5000,0,0.0479496,70.6201,510.609,5250
1011,baseline_unfolded_belt_rocks,1950,5000,0,0.048076,70.8206,510.703,5250
1011,baseline_unfolded_belt_rocks,2000,5000,0,0.0489641,71.0007,510.798,5250
1011,withdraw_a_mid_asteroid_rad5,0,48,0,4.70863E-07,78.4469,87.4201,378
1011,withdraw_a_mid_asteroid_rad5,1,48,0,1.34011E-06,78.4467,87.42,378
1011,withdraw_a_mid_asteroid_rad5,2,48,0,2.22719E-06,78.4466,87.4199,378
1011,withdraw_a_mid_asteroid_rad5,3,48,0,3.11687E-06,78.4465,87.4198,378
1011,withdraw_a_mid_asteroid_rad5,4,48,0,4.00751E-06,78.4464,87.4197,378
1011,withdraw_a_mid_asteroid_rad5,5,48,0,4.89874E-06,78.4462,87.4196,378
1011,withdraw_a_mid_asteroid_rad5,6,48,0,5.79036E-06,78.4461,87.4195,378
1011,withdraw_a_mid_asteroid_rad5,7,48,0,6.68236E-06,78.446,87.4194,378
1011,withdraw_a_mid_asteroid_rad5,8,48,0,7.5747E-06,78.4458,87.4193,378
1011,withdraw_a_mid_asteroid_rad5,9,48,0,8.46737E-06,78.4457,87.4192,378
1011,withdraw_a_mid_asteroid_rad5,10,48,0,9.36036E-06,78.4456,87.4191,378
1011,withdraw_a_mid_asteroid_rad5,20,48,0,1.83117E-05,78.4443,87.4181,378
1011,withdraw_a_mid_asteroid_rad5,30,48,0,2.7314E-05,78.443,87.417,378
1011,withdraw_a_mid_asteroid_rad5,40,48,0,3.63828E-05,78.4416,87.4159,378
1011,withdraw_a_mid_asteroid_rad5,50,48,0,4.55299E-05,78.4403,87.4148,378
1011,withdraw_a_mid_asteroid_rad5,60,48,0,5.47629E-05,78.4389,87.4137,378
1011,withdraw_a_mid_asteroid_rad5,70,48,0,6.40845E-05,78.4375,87.4125,378
1011,withdraw_a_mid_asteroid_rad5,80,48,0,7.34936E-05,78.436,87.4113,378
1011,withdraw_a_mid_asteroid_rad5,90,48,0,8.29849E-05,78.4346,87.4101,378
1011,withdraw_a_mid_asteroid_rad5,100,48,0,9.25498E-05,78.4331,87.4089,378
1011,withdraw_a_mid_asteroid_rad5,110,48,0,0.000102176,78.4315,87.4076,378
1011,withdraw_a_mid_asteroid_rad5,120,48,0,0.000111849,78.43,87.4062,378
1011,withdraw_a_mid_asteroid_rad5,130,48,0,0.00012155,78.4284,87.4048,378
1011,withdraw_a_mid_asteroid_rad5,140,48,0,0.000131262,78.4268,87.4034,378
1011,withdraw_a_mid_asteroid_rad5,150,48,0,0.000140972,78.4252,87.402,378
1011,withdraw_a_mid_asteroid_rad5,160,48,0,0.000150672,78.4235,87.4005,378
1011,withdraw_a_mid_asteroid_rad5,170,48,0,0.00016159,78.4219,87.3989,378
1011,withdraw_a_mid_asteroid_rad5,180,48,0,0.000179234,78.4202,87.3973,378
1011,withdraw_a_mid_asteroid_rad5,190,48,0,0.000198188,78.4185,87.3957,378
1011,withdraw_a_mid_asteroid_rad5,200,48,0,0.000218527,78.4167,87.394,378
1011,withdraw_a_mid_asteroid_rad5,210,48,0,0.000240333,78.415,87.3922,378
1011,withdraw_a_mid_asteroid_rad5,220,48,0,0.000263695,78.4133,87.3905,378
1011,withdraw_a_mid_asteroid_rad5,230,48,0,0.000288711,78.4115,87.3886,378
1011,withdraw_a_mid_asteroid_rad5,240,48,0,0.000315483,78.4098,87.3868,378
1011,withdraw_a_mid_asteroid_rad5,250,48,0,0.000344117,78.4081,87.3849,378
1011,withdraw_a_mid_asteroid_rad5,260,48,0,0.000374722,78.4064,87.3829,378
1011,withdraw_a_mid_asteroid_rad5,270,48,0,0.000407411,78.4047,87.3809,378
1011,withdraw_a_mid_asteroid_rad5,280,48,0,0.000442297,78.403,87.3789,378
1011,withdraw_a_mid_asteroid_rad5,290,48,0,0.000479498,78.4013,87.3768,378
1011,withdraw_a_mid_asteroid_rad5,300,48,0,0.000519136,78.3997,87.3747,378
1011,withdraw_a_mid_asteroid_rad5,350,48,0,0.000758454,78.3925,87.3637,378
1011,withdraw_a_mid_asteroid_rad5,400,48,0,0.00107958,78.3881,87.3528,378
1011,withdraw_a_mid_asteroid_rad5,450,48,0,0.00150159,78.3882,87.3429,378
1011,withdraw_a_mid_asteroid_rad5,500,48,0,0.00203948,78.3955,87.3347,378
1011,withdraw_a_mid_asteroid_rad5,550,48,0,0.0026893,78.4135,87.3297,378
1011,withdraw_a_mid_asteroid_rad5,600,48,0,0.00340331,78.4464,87.3294,378
1011,withdraw_a_mid_asteroid_rad5,650,48,0,0.00408252,78.4984,87.3359,378
1011,withdraw_a_mid_asteroid_rad5,700,48,0,0.00477271,78.5707,87.3518,378
1011,withdraw_a_mid_asteroid_rad5,750,48,0,0.00542017,78.6594,87.3806,378
1011,withdraw_a_mid_asteroid_rad5,800,48,0,0.00606248,78.7545,87.4267,378
1011,withdraw_a_mid_asteroid_rad5,850,48,0,0.00679095,78.844,87.4953,378
1011,withdraw_a_mid_asteroid_rad5,900,48,0,0.0075088,78.9167,87.5917,378
1011,withdraw_a_mid_asteroid_rad5,950,48,0,0.00828952,78.9643,87.7188,378
1011,withdraw_a_mid_asteroid_rad5,1000,48,0,0.00903902,78.981,87.8733,378
1011,withdraw_a_mid_asteroid_rad5,1050,48,0,0.00990377,78.9573,88.0445,378
1011,withdraw_a_mid_asteroid_rad5,1100,48,0,0.0107484,78.8998,88.2169,378
1011,withdraw_a_mid_asteroid_rad5,1150,48,0,0.0115269,78.8115,88.3748,378
1011,withdraw_a_mid_asteroid_rad5,1200,48,0,0.0122084,78.6973,88.5043,378
1011,withdraw_a_mid_asteroid_rad5,1250,48,0,0.0127831,78.5644,88.5944,378
1011,withdraw_a_mid_asteroid_rad5,1300,48,0,0.0132556,78.4214,88.6372,378
1011,withdraw_a_mid_asteroid_rad5,1350,48,0,0.0136357,78.2779,88.6379,378
1011,withdraw_a_mid_asteroid_rad5,1400,48,0,0.0139317,78.1439,88.6095,378
1011,withdraw_a_mid_asteroid_rad5,1450,48,0,0.0141522,78.0287,88.5266,378
1011,withdraw_a_mid_asteroid_rad5,1500,48,0,0.0143088,77.941,88.3912,378
1011,withdraw_a_mid_asteroid_rad5,1550,48,0,0.014418,77.8874,88.2079,378
1011,withdraw_a_mid_asteroid_rad5,1600,48,0,0.0145052,77.8702,87.9839,378
1011,withdraw_a_mid_asteroid_rad5,1650,48,0,0.0145811,77.8874,87.7286,378
1011,withdraw_a_mid_asteroid_rad5,1700,48,0,0.0146513,77.9444,87.4535,378
1011,withdraw_a_mid_asteroid_rad5,1750,48,0,0.0147273,78.0381,87.1711,378
1011,withdraw_a_mid_asteroid_rad5,1800,48,0,0.0148299,78.1625,86.8949,378
1011,withdraw_a_mid_asteroid_rad5,1850,48,0,0.0149536,78.3099,86.6385,378
1011,withdraw_a_mid_asteroid_rad5,1900,48,0,0.0150971,78.4708,86.4149,378
1011,withdraw_a_mid_asteroid_rad5,1950,48,0,0.0152586,78.6349,86.2356,378
1011,withdraw_a_mid_asteroid_rad5,2000,48,0,0.0154363,78.7916,86.1104,378
1011,withdraw_b_whole_system_rad1000,0,238,0,2.35608E-08,68.8862,527.725,568
1011,withdraw_b_whole_system_rad1000,1,238,0,4.30862E-05,68.8861,527.725,568
1011,withdraw_b_whole_system_rad1000,2,238,0,8.62144E-05,68.8859,527.725,568
1011,withdraw_b_whole_system_rad1000,3,238,0,0.000129384,68.8857,527.725,568
1011,withdraw_b_whole_system_rad1000,4,238,0,0.000172594,68.8856,527.725,568
1011,withdraw_b_whole_system_rad1000,5,238,0,0.000215843,68.8854,527.725,568
1011,withdraw_b_whole_system_rad1000,6,238,0,0.000259131,68.8852,527.725,568
1011,withdraw_b_whole_system_rad1000,7,238,0,0.000302457,68.8851,527.725,568
1011,withdraw_b_whole_system_rad1000,8,238,0,0.00034582,68.8849,527.725,568
1011,withdraw_b_whole_system_rad1000,9,238,0,0.000389218,68.8847,527.725,568
1011,withdraw_b_whole_system_rad1000,10,238,0,0.000432651,68.8846,527.725,568
1011,withdraw_b_whole_system_rad1000,20,238,0,0.000868659,68.8829,527.726,568
1011,withdraw_b_whole_system_rad1000,30,238,0,0.00130686,68.8811,527.726,568
1011,withdraw_b_whole_system_rad1000,40,238,0,0.0017459,68.8793,527.726,568
1011,withdraw_b_whole_system_rad1000,50,238,0,0.0021843,68.8775,527.726,568
1011,withdraw_b_whole_system_rad1000,60,238,0,0.00262055,68.8756,527.726,568
1011,withdraw_b_whole_system_rad1000,70,238,0,0.00305318,68.8738,527.727,568
1011,withdraw_b_whole_system_rad1000,80,238,0,0.00348075,68.8719,527.727,568
1011,withdraw_b_whole_system_rad1000,90,238,0,0.00390198,68.8701,527.728,568
1011,withdraw_b_whole_system_rad1000,100,238,0,0.0043157,68.8682,527.728,568
1011,withdraw_b_whole_system_rad1000,110,238,0,0.00472088,68.8664,527.729,568
1011,withdraw_b_whole_system_rad1000,120,238,0,0.00511668,68.8646,527.73,568
1011,withdraw_b_whole_system_rad1000,130,238,0,0.00550238,68.8628,527.731,568
1011,withdraw_b_whole_system_rad1000,140,238,0,0.00587742,68.8612,527.731,568
1011,withdraw_b_whole_system_rad1000,150,238,0,0.00624139,68.8595,527.732,568
1011,withdraw_b_whole_system_rad1000,160,238,0,0.00659399,68.858,527.733,568
1011,withdraw_b_whole_system_rad1000,170,238,0,0.00693503,68.8566,527.734,568
1011,withdraw_b_whole_system_rad1000,180,238,0,0.00726442,68.8553,527.736,568
1011,withdraw_b_whole_system_rad1000,190,238,0,0.00758216,68.8541,527.737,568
1011,withdraw_b_whole_system_rad1000,200,238,0,0.00788829,68.8527,527.738,568
1011,withdraw_b_whole_system_rad1000,210,238,0,0.00818293,68.8513,527.739,568
1011,withdraw_b_whole_system_rad1000,220,238,0,0.00846623,68.85,527.741,568
1011,withdraw_b_whole_system_rad1000,230,238,0,0.00873837,68.8488,527.742,568
1011,withdraw_b_whole_system_rad1000,240,238,0,0.00899957,68.8477,527.744,568
1011,withdraw_b_whole_system_rad1000,250,238,0,0.00925006,68.8468,527.746,568
1011,withdraw_b_whole_system_rad1000,260,238,0,0.0094901,68.846,527.747,568
1011,withdraw_b_whole_system_rad1000,270,238,0,0.00971996,68.8453,527.749,568
1011,withdraw_b_whole_system_rad1000,280,238,0,0.0099399,68.8435,527.751,568
1011,withdraw_b_whole_system_rad1000,290,238,0,0.0101502,68.839,527.753,568
1011,withdraw_b_whole_system_rad1000,300,238,0,0.0103512,68.8343,527.755,568
1011,withdraw_b_whole_system_rad1000,350,238,0,0.0112261,68.808,527.766,568
1011,withdraw_b_whole_system_rad1000,400,238,0,0.0119097,68.7796,527.778,568
1011,withdraw_b_whole_system_rad1000,450,238,0,0.0124314,68.7521,527.792,568
1011,withdraw_b_whole_system_rad1000,500,238,0,0.0128167,68.7288,527.808,568
1011,withdraw_b_whole_system_rad1000,550,238,0,0.0130897,68.7125,527.825,568
1011,withdraw_b_whole_system_rad1000,600,238,0,0.013276,68.7053,527.843,568
1011,withdraw_b_whole_system_rad1000,650,238,0,0.013901,68.7086,527.863,568
1011,withdraw_b_whole_system_rad1000,700,238,0,0.0161011,68.7228,527.883,568
1011,withdraw_b_whole_system_rad1000,750,238,0,0.01827,68.7472,527.905,568
1011,withdraw_b_whole_system_rad1000,800,238,0,0.0203199,68.7801,527.927,568
1011,withdraw_b_whole_system_rad1000,850,238,0,0.022333,68.7632,527.95,568
1011,withdraw_b_whole_system_rad1000,900,238,0,0.0243167,68.7229,527.973,568
1011,withdraw_b_whole_system_rad1000,950,238,0,0.026201,68.7001,527.996,568
1011,withdraw_b_whole_system_rad1000,1000,238,0,0.0279112,68.6976,528.02,568
1011,withdraw_b_whole_system_rad1000,1050,238,0,0.0294062,68.7163,528.043,568
1011,withdraw_b_whole_system_rad1000,1100,238,0,0.0306792,68.7294,528.066,568
1011,withdraw_b_whole_system_rad1000,1150,238,0,0.0317465,68.681,528.089,568
1011,withdraw_b_whole_system_rad1000,1200,238,0,0.0326348,68.6547,528.111,568
1011,withdraw_b_whole_system_rad1000,1250,238,0,0.0333717,68.654,528.132,568
1011,withdraw_b_whole_system_rad1000,1300,238,0,0.0339811,68.6793,528.152,568
1011,withdraw_b_whole_system_rad1000,1350,238,0,0.0344807,68.6974,528.172,568
1011,withdraw_b_whole_system_rad1000,1400,238,0,0.0348822,68.6538,528.19,568
1011,withdraw_b_whole_system_rad1000,1450,238,0,0.0351947,68.6325,528.207,568
1011,withdraw_b_whole_system_rad1000,1500,238,0,0.0354296,68.6362,528.222,568
1011,withdraw_b_whole_system_rad1000,1550,238,0,0.0356025,68.623,528.236,568
1011,withdraw_b_whole_system_rad1000,1600,238,0,0.0357305,68.6105,528.257,568
1011,withdraw_b_whole_system_rad1000,1650,238,0,0.0358288,68.6252,528.28,568
1011,withdraw_b_whole_system_rad1000,1700,238,0,0.0359092,68.6557,528.302,568
1011,withdraw_b_whole_system_rad1000,1750,238,0,0.0359817,68.6521,528.323,568
1011,withdraw_b_whole_system_rad1000,1800,238,0,0.0360546,68.6722,528.343,568
1011,withdraw_b_whole_system_rad1000,1850,238,0,0.0361342,68.6821,528.361,568
1011,withdraw_b_whole_system_rad1000,1900,238,0,0.0362252,68.6521,528.377,568
1011,withdraw_b_whole_system_rad1000,1950,238,0,0.0363314,68.6448,528.392,568
1011,withdraw_b_whole_system_rad1000,2000,238,0,0.0364559,68.6289,528.405,568
1011,control_folded_kept40x2_no_withdraw,0,80,0,0.0198721,72.5021,506.669,330
1011,control_folded_kept40x2_no_withdraw,1,80,0,0.0198726,72.5019,506.669,330
1011,control_folded_kept40x2_no_withdraw,2,80,0,0.019873,72.5017,506.669,330
1011,control_folded_kept40x2_no_withdraw,3,80,0,0.0198734,72.5014,506.669,330
1011,control_folded_kept40x2_no_withdraw,4,80,0,0.0198738,72.5011,506.669,330
1011,control_folded_kept40x2_no_withdraw,5,80,0,0.0198742,72.5008,506.669,330
1011,control_folded_kept40x2_no_withdraw,6,80,0,0.0198747,72.5004,506.669,330
1011,control_folded_kept40x2_no_withdraw,7,80,0,0.0198751,72.4999,506.669,330
1011,control_folded_kept40x2_no_withdraw,8,80,0,0.0198755,72.4994,506.669,330
1011,control_folded_kept40x2_no_withdraw,9,80,0,0.0198759,72.4989,506.669,330
1011,control_folded_kept40x2_no_withdraw,10,80,0,0.0198763,72.4983,506.669,330
1011,control_folded_kept40x2_no_withdraw,20,80,0,0.0198804,72.4899,506.669,330
1011,control_folded_kept40x2_no_withdraw,30,80,0,0.0198844,72.4769,506.669,330
1011,control_folded_kept40x2_no_withdraw,40,80,0,0.0198884,72.4594,506.669,330
1011,control_folded_kept40x2_no_withdraw,50,80,0,0.0198923,72.4374,506.669,330
1011,control_folded_kept40x2_no_withdraw,60,80,0,0.0198961,72.411,506.669,330
1011,control_folded_kept40x2_no_withdraw,70,80,0,0.0199,72.3803,506.669,330
1011,control_folded_kept40x2_no_withdraw,80,80,0,0.0199038,72.3454,506.669,330
1011,control_folded_kept40x2_no_withdraw,90,80,0,0.0199077,72.3063,506.669,330
1011,control_folded_kept40x2_no_withdraw,100,80,0,0.0199115,72.2633,506.67,330
1011,control_folded_kept40x2_no_withdraw,110,80,0,0.0199154,72.2163,506.67,330
1011,control_folded_kept40x2_no_withdraw,120,80,0,0.0199193,72.1657,506.67,330
1011,control_folded_kept40x2_no_withdraw,130,80,0,0.0199232,72.1115,506.67,330
1011,control_folded_kept40x2_no_withdraw,140,80,0,0.0199847,72.054,506.67,330
1011,control_folded_kept40x2_no_withdraw,150,80,0,0.0200597,71.9932,506.671,330
1011,control_folded_kept40x2_no_withdraw,160,80,0,0.0201363,71.9295,506.671,330
1011,control_folded_kept40x2_no_withdraw,170,80,0,0.0202143,71.8629,506.671,330
1011,control_folded_kept40x2_no_withdraw,180,80,0,0.0202938,71.7938,506.672,330
1011,control_folded_kept40x2_no_withdraw,190,80,0,0.0203746,71.7223,506.672,330
1011,control_folded_kept40x2_no_withdraw,200,80,0,0.0204566,71.6487,506.673,330
1011,control_folded_kept40x2_no_withdraw,210,80,0,0.0205397,71.5732,506.673,330
1011,control_folded_kept40x2_no_withdraw,220,80,0,0.0206238,71.4961,506.674,330
1011,control_folded_kept40x2_no_withdraw,230,80,0,0.0207088,71.4176,506.674,330
1011,control_folded_kept40x2_no_withdraw,240,80,0,0.0207946,71.3379,506.675,330
1011,control_folded_kept40x2_no_withdraw,250,80,0,0.0208812,71.2575,506.676,330
1011,control_folded_kept40x2_no_withdraw,260,80,0,0.0209684,71.1764,506.676,330
1011,control_folded_kept40x2_no_withdraw,270,80,0,0.021056,71.0951,506.677,330
1011,control_folded_kept40x2_no_withdraw,280,80,0,0.0211441,71.0137,506.678,330
1011,control_folded_kept40x2_no_withdraw,290,80,0,0.0212326,70.9326,506.679,330
1011,control_folded_kept40x2_no_withdraw,300,80,0,0.0213213,70.8521,506.68,330
1011,control_folded_kept40x2_no_withdraw,350,80,0,0.0217651,70.4671,506.685,330
1011,control_folded_kept40x2_no_withdraw,400,80,0,0.0222014,70.1363,506.691,330
1011,control_folded_kept40x2_no_withdraw,450,80,0,0.0226225,69.8893,506.699,330
1011,control_folded_kept40x2_no_withdraw,500,80,0,0.0230295,69.7487,506.709,330
1011,control_folded_kept40x2_no_withdraw,550,80,0,0.0234302,69.727,506.719,330
1011,control_folded_kept40x2_no_withdraw,600,80,0,0.0238295,69.8254,506.731,330
1011,control_folded_kept40x2_no_withdraw,650,80,0,0.0242223,70.0338,506.745,330
1011,control_folded_kept40x2_no_withdraw,700,80,0,0.0245955,70.332,506.76,330
1011,control_folded_kept40x2_no_withdraw,750,80,0,0.0249357,70.6925,506.776,330
1011,control_folded_kept40x2_no_withdraw,800,80,0,0.0252323,71.0836,506.795,330
1011,control_folded_kept40x2_no_withdraw,850,80,0,0.0260445,71.4728,506.814,330
1011,control_folded_kept40x2_no_withdraw,900,80,0,0.0269453,71.8299,506.835,330
1011,control_folded_kept40x2_no_withdraw,950,80,0,0.0275647,72.1298,506.857,330
1011,control_folded_kept40x2_no_withdraw,1000,80,0,0.0280179,72.354,506.88,330
1011,control_folded_kept40x2_no_withdraw,1050,80,0,0.0284384,72.4888,506.905,330
1011,control_folded_kept40x2_no_withdraw,1100,80,0,0.0288767,72.524,506.93,330
1011,control_folded_kept40x2_no_withdraw,1150,80,0,0.0293261,72.4533,506.955,330
1011,control_folded_kept40x2_no_withdraw,1200,80,0,0.0297666,72.277,506.982,330
1011,control_folded_kept40x2_no_withdraw,1250,80,0,0.0301827,72.0045,507.009,330
1011,control_folded_kept40x2_no_withdraw,1300,80,0,0.0305634,71.6542,507.036,330
1011,control_folded_kept40x2_no_withdraw,1350,80,0,0.0309011,71.2523,507.063,330
1011,control_folded_kept40x2_no_withdraw,1400,80,0,0.031189,70.8312,507.091,330
1011,control_folded_kept40x2_no_withdraw,1450,80,0,0.0314226,70.4269,507.118,330
1011,control_folded_kept40x2_no_withdraw,1500,80,0,0.0316017,70.0754,507.144,330
1011,control_folded_kept40x2_no_withdraw,1550,80,0,0.0317321,69.8098,507.17,330
1011,control_folded_kept40x2_no_withdraw,1600,80,0,0.0318247,69.6558,507.196,330
1011,control_folded_kept40x2_no_withdraw,1650,80,0,0.0318926,69.6292,507.22,330
1011,control_folded_kept40x2_no_withdraw,1700,80,0,0.0319481,69.7336,507.243,330
1011,control_folded_kept40x2_no_withdraw,1750,80,0,0.0320013,69.9597,507.265,330
1011,control_folded_kept40x2_no_withdraw,1800,80,0,0.0320602,70.2868,507.286,330
1011,control_folded_kept40x2_no_withdraw,1850,80,0,0.0321309,70.6851,507.305,330
1011,control_folded_kept40x2_no_withdraw,1900,80,0,0.0322185,71.1191,507.323,330
1011,control_folded_kept40x2_no_withdraw,1950,80,0,0.0323269,71.5509,507.339,330
1011,control_folded_kept40x2_no_withdraw,2000,80,0,0.0324596,71.9442,507.354,330
