step,hash,live,N,merges,roche_events,reservoir_count,reservoir_mass,escaped_mass,roche_dissipated,ns_slot_mass,ns_slot_gen,ns_slot_alive,hash_dial_neutral
0,1BDACCF6C4A4C5CF,5251,5251,0,0,0,0,2.5412754901320824E-10,0,70.005,1,1,1BDACCF6C4A4C5CF
50,94C3EAC02EF84B9A,5038,5251,0,213,0,0,6.3031816067538075E-09,0.3328611469105719,70.00500147827184,1,1,NA
100,476FB06B1D1AF21D,4867,5251,0,384,0,0,1.068945474855596E-08,0.33648164846795325,70.00504918192055,1,1,NA
150,CE89D14BFB9FEF00,4730,5251,0,521,0,0,1.4506350549763477E-08,14.699399859285894,70.00524032054668,1,1,NA
200,B0BD714FD2330FD8,4640,5251,26,585,0,0,0.00016037347078547932,14.699403804781895,70.00560144360512,1,1,NA
250,314033C97016CC9C,4618,5251,28,605,0,0,0.00016037347078547932,14.699404354286516,120.00726936832112,1,1,NA
300,CE22D2B1E8376564,4611,5251,28,612,0,0,0.00016037347078547932,14.69940446863083,120.00915907233932,1,1,NA
350,F66CEBA73746BABD,4610,5251,28,613,0,0,0.00016037347078547932,14.699404474815342,120.01093102389983,1,1,NA
400,C57B42D70035060C,4610,5251,28,613,0,0,0.00016037347078547932,14.699404474815342,120.0125159164606,1,1,NA
450,720200A462C8BEE0,4609,5251,29,613,0,0,0.00016037347078547932,14.699404474815342,120.01391933900753,1,1,NA
500,4626922F3B73A909,4608,5251,30,613,0,0,0.00016037347078547932,14.699404474815342,120.01516406114443,1,1,NA
550,3735B401CC668EB2,4608,5251,30,613,0,0,0.00016037347078547932,14.699404474815342,120.01627402735713,1,1,NA
600,611A5CE9CDC9AE7A,4607,5251,31,613,0,0,0.00016037347078547932,14.699404474815342,120.01727026267945,1,1,NA
650,E2B513C157571E20,4606,5251,32,613,0,0,0.00016037347078547932,14.699404474815342,120.01817025961829,1,1,NA
700,74AA113122F02C12,4606,5251,32,613,0,0,0.00016037347078547932,14.699404474815342,120.0189883316465,1,1,NA
750,21F7BAF8F58B9E32,4605,5251,33,613,0,0,0.00016037347078547932,14.699404474815342,120.01973616236675,1,1,NA
800,0CEEBEE0B5B2D2D5,4604,5251,33,614,0,0,0.00016037347078547932,14.705349203407843,120.02042332266595,1,1,NA
850,D6467C504A0F7F77,4604,5251,33,614,0,0,0.00016037347078547932,14.705349203407843,120.0210577011791,1,1,NA
900,AF9C7C2B4E8448E7,4604,5251,33,614,0,0,0.00016037347078547932,14.705349203407843,120.0216458470286,1,1,NA
950,09FA95DED0C55878,4604,5251,33,614,0,0,0.00016037347078547932,14.705349203407843,120.0221932382551,1,1,NA
1000,8DC5EC1E08C7D645,4604,5251,33,614,0,0,0.00016037347078547932,14.705349203407843,120.02270449113811,1,1,NA
1050,A2E710F31237658B,4604,5251,33,614,0,0,0.00016037347078547932,14.705349203407843,120.02318352367621,1,1,NA
1100,F5573B4ABF0130BB,4604,5251,33,614,0,0,0.00016037347078547932,14.705349203407843,120.02363368385309,1,1,NA
1150,A3EA7E8A30344703,4604,5251,33,614,0,0,0.00016037347078547932,14.705349203407843,120.02405785089802,1,1,NA
1200,F63F734AEBFAF494,4604,5251,33,614,0,0,0.00016037347078547932,14.705349203407843,120.02445851578207,1,1,NA
1250,764E6E8A47F3B937,4603,5251,33,615,1,3.8134999885042075E-09,0.00016037347078547932,14.705349203407843,120.02483784567318,1,1,NA
1300,62A651BE09F4C96C,4603,5251,33,615,1,3.8134999885042075E-09,0.00016037347078547932,14.705349203407843,120.02519773592053,1,1,NA
1350,F984F847FDA1502A,4601,5251,34,616,2,7.212078061598617E-09,0.00016037347078547932,14.705349203407843,120.02553985227941,1,1,NA
1400,A485CBF4EF3B5158,4601,5251,34,616,2,7.212078061598617E-09,0.00016037347078547932,14.705349203407843,120.02586566544369,1,1,NA
1450,22DFDA1757FA6A44,4601,5251,34,616,2,7.212078061598617E-09,0.00016037347078547932,14.705349203407843,120.0261764794716,1,1,NA
1500,810A14DE99D0D6D8,4600,5251,34,617,3,7.306661468292637E-09,0.00016037347078547932,14.705349203407843,120.0264734553307,1,1,NA
1550,5E11122186F0D5CB,4599,5251,35,617,3,7.306661468292637E-09,0.00016037347078547932,14.705349203407843,120.02675763051462,1,1,NA
1600,35E2338086811BED,4599,5251,35,617,3,7.306661468292637E-09,0.00016037347078547932,14.705349203407843,120.02702993547909,1,1,NA
1650,33EAB9079C2547C6,4598,5251,36,617,3,7.306661468292637E-09,0.00016037347078547932,14.705349203407843,120.02729120748506,1,1,NA
1700,C25A8506886EB1ED,4598,5251,36,617,3,7.306661468292637E-09,0.00016037347078547932,14.705349203407843,120.02754220231787,1,1,NA
1750,4E7E36A611CB41BC,4598,5251,36,617,3,7.306661468292637E-09,0.00016037347078547932,14.705349203407843,120.02778360425415,1,1,NA
1800,C593AF195641D6D2,4598,5251,36,617,3,7.306661468292637E-09,0.00016037347078547932,14.705349203407843,120.02801603457753,1,1,NA
1850,BED25940D9C30D48,4597,5251,37,617,3,7.306661468292637E-09,0.00016037347078547932,14.705349203407843,120.02824005888661,1,1,NA
1900,97BC88308E90C4D3,4596,5251,38,617,3,7.306661468292637E-09,0.00016037347078547932,14.705349203407843,120.02845619339088,1,1,NA
1950,1CFB359B211C1DE0,4595,5251,38,618,4,1.3407272274498281E-08,0.00016037347078547932,14.705349203407843,120.02866491035667,1,1,NA
2000,E61F2D098E77ECFB,4594,5251,39,618,4,1.3407272274498281E-08,0.00016037347078547932,14.705349203407843,120.02886664283541,1,1,NA
