step,index,formation_direct,host_slot,host_kind,source_slot,source_gen,source_origin,origin_class,source_mass_E_direct,captured_mass_E_direct,escaped_mass_E_direct,bound_fraction_direct,dissipated_direct,dissipated_over_vapor_direct,excess_over_vapor_est,specific_energy_est,source_dist_over_rocheLimit_est
1,0,disc,5250,compact,5,1,planet,direct,317.8,317.8,0,1,0.33270406142568815,558.345,559.219,-2.29077,NA
1,1,disc,5250,compact,107,1,belt_rock,direct,0.00010962293591868804,0.00010962293591868804,0,1,1.5130775199717696E-06,7361.37,7388.04,-8.51388,NA
1,2,disc,5250,compact,346,1,belt_rock,direct,7.139050134743185E-05,7.139050134743185E-05,0,1,6.739066094757976E-07,5034.52,5051.19,-8.11325,NA
1,3,disc,5250,compact,1351,1,belt_rock,direct,2.4024751856216143E-05,2.4024751856216143E-05,0,1,6.012276812673534E-08,1334.69,1336.28,-4.66721,NA
1,4,disc,5250,compact,1917,1,belt_rock,direct,2.573944836153322E-05,2.573944836153322E-05,0,1,4.212710273348694E-07,8728.93,8768.82,-7.25072,NA
3,5,disc,5250,compact,504,1,belt_rock,direct,2.7543142760383607E-05,2.7543142760383607E-05,0,1,3.593130884924102E-07,6957.58,6961.68,-9.89825,NA
4,6,disc,5250,compact,368,1,belt_rock,direct,7.970666732991016E-05,7.970666732991016E-05,0,1,1.2618298033252079E-06,8443.16,8451.82,-6.39058,NA
4,7,disc,5250,compact,836,1,belt_rock,direct,2.919611922465733E-06,2.919611922465733E-06,0,1,2.6065679313304107E-08,4761.49,4766.87,-8.31094,NA
5,8,disc,5250,compact,88,1,belt_rock,direct,4.7693092838732814E-05,4.7693092838732814E-05,0,1,2.8862037646096506E-07,3227.53,3229.71,-6.34231,NA
6,9,disc,5250,compact,630,1,belt_rock,direct,9.841144812271728E-06,9.841144812271728E-06,0,1,6.704963465543381E-08,3633.7,3635.91,-6.53034,NA
6,10,disc,5250,compact,1185,1,belt_rock,direct,0.00013196070265580022,0.00013196070265580022,0,1,1.139534064556839E-06,4605.55,4604.15,-6.79424,NA
7,11,disc,5250,compact,206,1,belt_rock,direct,0.00012011306883764538,0.00012011306883764538,0,1,5.503821992850656E-07,2443.84,2443.9,-6.12059,NA
7,12,disc,5250,compact,1673,1,belt_rock,direct,1.5712155664169994E-06,1.5712155664169994E-06,0,1,2.4905987152495822E-08,8454.09,8456.1,-4.85716,NA
7,13,disc,5250,compact,825,1,belt_rock,direct,3.965425342543766E-05,3.965425342543766E-05,0,1,2.2878688133742287E-07,3077.09,3080.76,-6.7549,NA
7,14,disc,5250,compact,1135,1,belt_rock,direct,8.066583076969242E-06,8.066583076969242E-06,0,1,1.8220799749727955E-07,12046.9,12058.9,-5.55115,NA
7,15,disc,5250,compact,1786,1,belt_rock,direct,6.815820090161428E-05,6.815820090161428E-05,0,1,5.195675726929705E-07,4065.58,4070.37,-5.21687,NA
7,16,disc,5250,compact,713,1,belt_rock,direct,6.665947475491091E-07,6.665947475491091E-07,0,1,6.2071950211302236E-09,4966.29,5066.28,-8.28021,NA
8,17,disc,5250,compact,79,1,belt_rock,direct,3.547564992438159E-05,3.547564992438159E-05,0,1,7.128112467256258E-07,10716.3,10727.5,-4.84793,NA
8,18,disc,5250,compact,327,1,belt_rock,direct,0.00011083945579323304,0.00011083945579323304,0,1,4.176583622384462E-07,2009.67,2012.19,-4.81828,NA
10,19,disc,5250,compact,1365,1,belt_rock,direct,6.89551133513936E-07,6.89551133513936E-07,0,1,2.786865631276486E-09,2155.5,2164.93,-6.03024,NA
10,20,disc,5250,compact,1006,1,belt_rock,direct,9.86048221636503E-07,9.86048221636503E-07,0,1,5.570359605537493E-09,3012.89,3023.61,-5.41376,NA
11,21,disc,5250,compact,1853,1,belt_rock,direct,6.918123012752433E-07,6.918123012752433E-07,0,1,9.690790608484104E-09,7470.84,7541.28,-7.27867,NA
11,22,disc,5250,compact,731,1,belt_rock,direct,9.32001576417598E-06,9.32001576417598E-06,0,1,3.388112268780474E-08,1938.83,1935.02,-4.33738,NA
12,23,disc,5250,compact,708,1,belt_rock,direct,7.378529608898608E-07,7.378529608898608E-07,0,1,2.7786640999196515E-09,2008.47,2042.51,-6.28986,NA
12,24,disc,5250,compact,1004,1,belt_rock,direct,6.861990934281684E-07,6.861990934281684E-07,0,1,2.164181175458344E-09,1682.06,1687.33,-5.45868,NA
12,25,disc,5250,compact,1473,1,belt_rock,direct,2.03634154756641E-06,2.03634154756641E-06,0,1,1.7867059609393023E-08,4679.52,4687.41,-5.7326,NA
13,26,disc,5250,compact,1977,1,belt_rock,direct,3.229831702099626E-05,3.229831702099626E-05,0,1,9.384635911858522E-08,1549.66,1550.12,-4.0443,NA
13,27,disc,5250,compact,1726,1,belt_rock,direct,2.261850765527095E-05,2.261850765527095E-05,0,1,5.030709732236226E-08,1186.22,1187.44,-4.53895,NA
14,28,disc,5250,compact,1700,1,belt_rock,direct,6.730458130507827E-05,6.730458130507827E-05,0,1,2.7074748584771025E-07,2145.45,2145.5,-4.82627,NA
14,29,disc,5250,compact,635,1,belt_rock,direct,6.119032222734581E-05,6.119032222734581E-05,0,1,1.312684011410336E-07,1144.13,1149.9,-4.41553,NA
14,30,disc,5250,compact,474,1,belt_rock,direct,1.009756441465186E-05,1.009756441465186E-05,0,1,1.5869660483407427E-07,8382.04,8395.06,-3.58599,NA
14,31,disc,5250,compact,279,1,belt_rock,direct,1.1947123433557406E-05,1.1947123433557406E-05,0,1,4.7348718095545454E-08,2113.7,2133.34,-4.02909,NA
15,32,disc,5250,compact,1590,1,belt_rock,direct,1.4141256939558502E-05,1.4141256939558502E-05,0,1,3.7284546004369976E-08,1406.18,1406.91,-3.80838,NA
15,33,disc,5250,compact,1985,1,belt_rock,direct,1.6701857193583668E-06,1.6701857193583668E-06,0,1,5.666603412010662E-09,1809.49,1814.56,-5.15451,NA
15,34,disc,5250,compact,902,1,belt_rock,direct,6.723873470367626E-07,6.723873470367626E-07,0,1,1.1450030440515597E-08,9082.09,9114.71,-3.73467,NA
15,35,disc,5250,compact,1687,1,belt_rock,direct,1.5753464646998252E-05,1.5753464646998252E-05,0,1,2.938626851549786E-08,994.872,997.547,-4.25592,NA
15,36,disc,5250,compact,1979,1,belt_rock,direct,2.089812776311341E-05,2.089812776311341E-05,0,1,3.1406741889857115E-07,8015.2,8027.34,-3.31395,NA
15,37,disc,5250,compact,1932,1,belt_rock,direct,3.907273071674883E-06,3.907273071674883E-06,0,1,2.873800532455738E-08,3922.67,3934.8,-3.53498,NA
16,38,disc,5250,compact,1394,1,belt_rock,direct,3.410297856470956E-05,3.410297856470956E-05,0,1,7.182719926676023E-08,1123.3,1124.69,-3.59552,NA
16,39,disc,5250,compact,1586,1,belt_rock,direct,1.591796555298752E-05,1.591796555298752E-05,0,1,4.490636435995315E-07,15045.9,15068.2,-3.18713,NA
17,40,disc,5250,compact,356,1,belt_rock,direct,6.606752296073463E-06,6.606752296073463E-06,0,1,5.137392540805975E-08,4147.19,4149.45,-4.82522,NA
17,41,disc,5250,compact,878,1,belt_rock,direct,7.36446554798866E-06,7.36446554798866E-06,0,1,1.577108893260299E-08,1142.14,1145.79,-4.30987,NA
18,42,disc,5250,compact,1511,1,belt_rock,direct,1.003676169238738E-05,1.003676169238738E-05,0,1,2.6062651355593412E-08,1384.92,1389.22,-3.75242,NA
18,43,disc,5250,compact,1036,1,belt_rock,direct,4.437878387418616E-06,4.437878387418616E-06,0,1,9.96987021096964E-09,1198.15,1218.42,-4.65664,NA
18,44,disc,5250,compact,1173,1,belt_rock,direct,1.391993815759708E-06,1.391993815759708E-06,0,1,7.2226567239406725E-09,2767.31,2779.61,-3.39484,NA
18,45,disc,5250,compact,517,1,belt_rock,direct,3.2349835610213655E-06,3.2349835610213655E-06,0,1,5.344901118717444E-09,881.183,888.113,-4.07786,NA
18,46,disc,5250,compact,1595,1,belt_rock,direct,5.608391276381645E-06,5.608391276381645E-06,0,1,1.562792688588083E-08,1486.15,1492.99,-3.23741,NA
18,47,disc,5250,compact,1840,1,belt_rock,direct,6.047188924322748E-06,6.047188924322748E-06,0,1,2.3774191322875635E-08,2096.77,2101.26,-4.45156,NA
19,48,disc,5250,compact,617,1,belt_rock,direct,2.128760439454756E-06,2.128760439454756E-06,0,1,3.2775344150692767E-09,821.144,824.867,-3.7647,NA
19,49,disc,5250,compact,1754,1,belt_rock,direct,8.240822566009303E-05,8.240822566009303E-05,0,1,7.189603588460853E-07,4653,4655.12,-2.83747,NA
19,50,disc,5250,compact,574,1,belt_rock,direct,4.300450747878069E-05,4.300450747878069E-05,0,1,7.187685411191796E-08,891.402,892.659,-3.17454,NA
19,51,disc,5250,compact,888,1,belt_rock,direct,9.150050404295194E-05,9.150050404295194E-05,0,1,1.3018441143153102E-07,758.812,761.805,-3.64598,NA
19,52,disc,5250,compact,1215,1,belt_rock,direct,1.9248870786119317E-06,1.9248870786119317E-06,0,1,1.4519603236509361E-08,4022.98,4034.01,-4.63948,NA
19,53,disc,5250,compact,722,1,belt_rock,direct,7.274224553539367E-07,7.274224553539367E-07,0,1,1.4928346451789543E-09,1094.52,1097.92,-2.98514,NA
19,54,disc,5250,compact,1057,1,belt_rock,direct,2.210391452537796E-05,2.210391452537796E-05,0,1,4.1534587619877774E-08,1002.17,1004.89,-3.97988,NA
20,55,disc,5250,compact,621,1,belt_rock,direct,3.578246459513571E-05,3.578246459513571E-05,0,1,4.5771873845020315E-08,682.224,682.576,-3.22938,NA
20,56,disc,5250,compact,1424,1,belt_rock,direct,5.615522312526532E-05,5.615522312526532E-05,0,1,3.8516319215352434E-08,365.808,365.817,-2.54014,NA
20,57,disc,5250,compact,171,1,belt_rock,direct,0.00010841442711410889,0.00010841442711410889,0,1,1.093836723476454E-07,538.101,539.235,-2.17663,NA
21,58,disc,5250,compact,1748,1,belt_rock,direct,1.7723004919311438E-05,1.7723004919311438E-05,0,1,7.811868865766651E-07,23508,23551.2,-2.61459,NA
22,59,disc,5250,compact,1474,1,belt_rock,direct,0.00013088547493540477,0.00013088547493540477,0,1,2.0158351872289443E-07,821.414,821.8,-2.79966,NA
22,60,disc,5250,compact,466,1,belt_rock,direct,5.796740649111355E-06,5.796740649111355E-06,0,1,3.809968885736707E-08,3505.39,3508.79,-2.78891,NA
22,61,disc,5250,compact,1442,1,belt_rock,direct,5.757609317597836E-05,5.757609317597836E-05,0,1,2.776421316171323E-07,2571.83,2573.19,-2.58114,NA
22,62,disc,5250,compact,431,1,belt_rock,direct,5.1508511089013025E-05,5.1508511089013025E-05,0,1,5.495846005720005E-08,569.055,570.706,-3.01792,NA
22,63,disc,5250,compact,447,1,belt_rock,direct,6.09293109100495E-07,6.09293109100495E-07,0,1,9.49134222866404E-10,830.807,833.308,-2.81557,NA
22,64,disc,5250,compact,1869,1,belt_rock,direct,9.242925798296974E-05,9.242925798296974E-05,0,1,1.5883885289363906E-07,916.529,919.088,-2.70289,NA
23,65,disc,5250,compact,311,1,belt_rock,direct,1.7858713745489433E-06,1.7858713745489433E-06,0,1,3.9794702382055085E-09,1188.43,1216.63,-3.48605,NA
23,66,disc,5250,compact,307,1,belt_rock,direct,2.179897920010996E-05,2.179897920010996E-05,0,1,2.3999179803830387E-07,5871.63,5872.18,-4.04992,NA
23,67,disc,5250,compact,896,1,belt_rock,direct,0.00011149307123414603,0.00011149307123414603,0,1,4.931645223790179E-06,23590.8,23621,-2.42874,NA
23,68,disc,5250,compact,1699,1,belt_rock,direct,7.581500009859295E-06,7.581500009859295E-06,0,1,7.727823866580878E-08,5436.27,5444.38,-2.57366,NA
23,69,disc,5250,compact,196,1,belt_rock,direct,9.115128127076985E-05,9.115128127076985E-05,0,1,5.137167228996471E-07,3005.8,3006.4,-3.88669,NA
23,70,disc,5250,compact,1466,1,belt_rock,direct,5.99456935253239E-05,5.99456935253239E-05,0,1,1.384095854893722E-07,1231.42,1233.17,-3.71925,NA
23,71,disc,5250,compact,1951,1,belt_rock,direct,1.0290069355507306E-05,1.0290069355507306E-05,0,1,3.888729957381364E-07,20155.3,20185.5,-2.49806,NA
24,72,disc,5250,compact,1561,1,belt_rock,direct,1.260591554667822E-05,1.260591554667822E-05,0,1,3.005428144859927E-07,12715.4,12723.9,-4.28378,NA
24,73,disc,5250,compact,478,1,belt_rock,direct,4.314724352485342E-05,4.314724352485342E-05,0,1,7.646312929298226E-08,945.143,952.107,-2.76501,NA
25,74,disc,5250,compact,1316,1,belt_rock,direct,8.090422554845264E-06,8.090422554845264E-06,0,1,9.273550854827812E-09,611.327,612.828,-2.78658,NA
25,75,disc,5250,compact,1843,1,belt_rock,direct,0.00012658503144813774,0.00012658503144813774,0,1,1.2761625330789138E-07,537.678,537.972,-1.92382,NA
25,76,disc,5250,compact,1243,1,belt_rock,direct,2.5654829811148837E-06,2.5654829811148837E-06,0,1,1.9515109411818556E-08,4056.96,4070.41,-2.4572,NA
25,77,disc,5250,compact,1972,1,belt_rock,direct,8.404033316764082E-05,8.404033316764082E-05,0,1,1.0700698323437312E-07,679.083,685.114,-3.48309,NA
26,78,disc,5250,compact,877,1,belt_rock,direct,8.140119647913827E-07,8.140119647913827E-07,0,1,8.645547681412166E-10,566.449,569.697,-3.65114,NA
26,79,disc,5250,compact,1133,1,belt_rock,direct,3.7802585735971846E-05,3.7802585735971846E-05,0,1,6.051983419463545E-08,853.837,854.398,-2.48415,NA
26,80,disc,5250,compact,191,1,belt_rock,direct,5.5342905660108196E-06,5.5342905660108196E-06,0,1,5.241390783027424E-08,5051.07,5048.72,-3.46929,NA
26,81,disc,5250,compact,1610,1,belt_rock,direct,7.95958096043579E-06,7.95958096043579E-06,0,1,6.736178923362107E-09,451.359,453.268,-3.10672,NA
26,82,disc,5250,compact,451,1,belt_rock,direct,7.776645704093822E-07,7.776645704093822E-07,0,1,2.287902149566714E-09,1569.08,1586.93,-2.69242,NA
26,83,disc,5250,compact,862,1,belt_rock,direct,6.06831071976622E-06,6.06831071976622E-06,0,1,2.2571465498233197E-08,1983.77,1988.91,-2.42128,NA
26,84,disc,5250,compact,1241,1,belt_rock,direct,3.086781805658353E-05,3.086781805658353E-05,0,1,9.438355307263355E-08,1630.76,1632.23,-3.60604,NA
26,85,disc,5250,compact,1092,1,belt_rock,direct,1.7154711132500325E-06,1.7154711132500325E-06,0,1,4.802518290321435E-09,1493.08,1505,-2.50994,NA
27,86,disc,5250,compact,208,1,belt_rock,direct,6.593367917759852E-07,6.593367917759852E-07,0,1,1.899595857911501E-09,1536.57,1543.23,-2.82177,NA
27,87,disc,5250,compact,857,1,belt_rock,direct,4.4260394468858944E-05,4.4260394468858944E-05,0,1,1.6656120274418234E-07,2007.05,2007.81,-2.27281,NA
27,88,disc,5250,compact,834,1,belt_rock,direct,7.08259177008004E-07,7.08259177008004E-07,0,1,9.852397465979916E-10,741.905,753.183,-2.77248,NA
28,89,disc,5250,compact,1321,1,belt_rock,direct,6.603053904913403E-07,6.603053904913403E-07,0,1,9.506403316692515E-09,7678.39,7684.64,-4.1453,NA
28,90,disc,5250,compact,1174,1,belt_rock,direct,2.1087489027954084E-06,2.1087489027954084E-06,0,1,7.2261430593280345E-09,1827.6,1834.71,-2.40869,NA
28,91,disc,5250,compact,709,1,belt_rock,direct,1.0296590668868306E-06,1.0296590668868306E-06,0,1,1.0608107643288556E-09,549.469,558.586,-3.45259,NA
28,92,disc,5250,compact,96,1,belt_rock,direct,3.10024089554678E-05,3.10024089554678E-05,0,1,4.4882402724340893E-08,772.11,774.352,-3.2906,NA
28,93,disc,5250,compact,703,1,belt_rock,direct,1.380576752199671E-05,1.380576752199671E-05,0,1,2.0439147120155473E-07,7895.89,7910.7,-2.12479,NA
29,94,disc,5250,compact,1089,1,belt_rock,direct,6.765238978593829E-05,6.765238978593829E-05,0,1,8.104748602301538E-08,638.933,639.262,-3.21377,NA
29,95,disc,5250,compact,1449,1,belt_rock,direct,6.66300118671733E-06,6.66300118671733E-06,0,1,5.301902459734215E-09,424.386,427.111,-3.31614,NA
29,96,disc,5250,compact,218,1,belt_rock,direct,6.178805157200338E-05,6.178805157200338E-05,0,1,6.838806407037625E-07,5903.02,5903.18,-3.55358,NA
29,97,disc,5250,compact,1713,1,belt_rock,direct,7.703620677928666E-07,7.703620677928666E-07,0,1,2.3833972767747903E-09,1650.06,1664.17,-2.49632,NA
29,98,disc,5250,compact,1094,1,belt_rock,direct,2.692512811129628E-05,2.692512811129628E-05,0,1,2.8853868553500164E-08,571.538,579.17,-2.47699,NA
29,99,disc,5250,compact,634,1,belt_rock,direct,3.619182014735217E-05,3.619182014735217E-05,0,1,2.3780195999822872E-08,350.432,352.421,-2.76715,NA
29,100,disc,5250,compact,175,1,belt_rock,direct,0.00011011213653890214,0.00011011213653890214,0,1,6.435567617541513E-07,3117.1,3123.49,-2.01951,NA
30,101,disc,5250,compact,367,1,belt_rock,direct,3.7371565645758176E-06,3.7371565645758176E-06,0,1,2.787356308097773E-09,397.786,413.263,-2.79117,NA
30,102,disc,5250,compact,644,1,belt_rock,direct,1.0536122699501501E-05,1.0536122699501501E-05,0,1,3.6700004163879665E-08,1857.74,1878.2,-2.22812,NA
30,103,disc,5250,compact,646,1,belt_rock,direct,2.3232760542370278E-06,2.3232760542370278E-06,0,1,4.674627871720792E-09,1073.11,1083.79,-2.21087,NA
30,104,disc,5250,compact,1041,1,belt_rock,direct,6.570881429766518E-07,6.570881429766518E-07,0,1,2.087575904107294E-08,16944.1,16986.3,-2.17974,NA
31,105,disc,5250,compact,433,1,belt_rock,direct,6.0084386255066854E-05,6.0084386255066854E-05,0,1,9.038709823751923E-07,8023.12,8025.97,-3.61463,NA
31,106,disc,5250,compact,1906,1,belt_rock,direct,0.00010014072207033484,0.00010014072207033484,0,1,1.4337816873282062E-07,763.609,764.313,-2.05489,NA
31,107,disc,5250,compact,521,1,belt_rock,direct,3.3721395152871285E-05,3.3721395152871285E-05,0,1,2.1396769328979635E-08,338.409,339.414,-2.43594,NA
31,108,disc,5250,compact,1060,1,belt_rock,direct,7.946426656431658E-07,7.946426656431658E-07,0,1,8.81938743820186E-09,5919.23,5938.43,-2.24303,NA
31,109,disc,5250,compact,189,1,belt_rock,direct,4.293132143880044E-06,4.293132143880044E-06,0,1,1.695548978330849E-08,2106.37,2134.78,-2.30856,NA
31,110,disc,5250,compact,293,1,belt_rock,direct,3.377420704420025E-06,3.377420704420025E-06,0,1,5.572531448032494E-09,879.966,908.664,-3.53261,NA
31,111,disc,5250,compact,1949,1,belt_rock,direct,1.234665177191382E-06,1.234665177191382E-06,0,1,7.770141431235316E-10,335.644,346.8,-3.0467,NA
31,112,disc,5250,compact,484,1,belt_rock,direct,2.8621915653220478E-05,2.8621915653220478E-05,0,1,1.821678363644247E-08,339.447,345.444,-2.79441,NA
32,113,disc,5250,compact,768,1,belt_rock,direct,5.776421198235248E-06,5.776421198235248E-06,0,1,3.870226111688428E-09,357.336,358.105,-2.91725,NA
32,114,disc,5250,compact,1958,1,belt_rock,direct,6.071378239442219E-06,6.071378239442219E-06,0,1,1.0216552874582149E-08,897.461,900.654,-2.13103,NA
32,115,disc,5250,compact,1931,1,belt_rock,direct,4.082472338657175E-05,4.082472338657175E-05,0,1,7.040669191089866E-07,9197.92,9210.83,-1.88745,NA
32,116,disc,5250,compact,509,1,belt_rock,direct,4.8586424083130394E-05,4.8586424083130394E-05,0,1,9.84361530365342E-08,1080.53,1084.01,-1.9465,NA
33,117,disc,5250,compact,555,1,belt_rock,direct,6.918421597373761E-05,6.918421597373761E-05,0,1,6.807297645402355E-06,52476.7,52573.8,-1.83071,NA
33,118,disc,5250,compact,622,1,belt_rock,direct,0.00011401056201481174,0.00011401056201481174,0,1,6.272065827799822E-08,293.403,294.653,-2.6246,NA
33,119,disc,5250,compact,1443,1,belt_rock,direct,1.7844556821309257E-06,1.7844556821309257E-06,0,1,7.03535463314605E-08,21027.1,21035.6,-3.46355,NA
33,120,disc,5250,compact,1734,1,belt_rock,direct,3.360816443502622E-05,3.360816443502622E-05,0,1,5.533656951731209E-06,87814.5,88119.4,-1.82479,NA
34,121,disc,5250,compact,36,1,belt_rock,direct,8.918654595463749E-05,8.918654595463749E-05,0,1,1.8522761880602188E-06,11076.6,11077.7,-3.43654,NA
34,122,disc,5250,compact,370,1,belt_rock,direct,0.00013048852627113973,0.00013048852627113973,0,1,1.0013983642398955E-07,409.292,409.611,-2.05288,NA
34,123,disc,5250,compact,1670,1,belt_rock,direct,1.460480095138865E-05,1.460480095138865E-05,0,1,3.267430247443507E-08,1193.19,1194.52,-3.19225,NA
34,124,disc,5250,compact,1364,1,belt_rock,direct,4.135725403684367E-05,4.135725403684367E-05,0,1,5.852311121695425E-08,754.7,755.336,-1.55347,NA
34,125,disc,5250,compact,960,1,belt_rock,direct,6.762437553379901E-07,6.762437553379901E-07,0,1,6.881703442899917E-10,542.739,555.333,-3.26684,NA
34,126,disc,5250,compact,1764,1,belt_rock,direct,1.4775171965267037E-06,1.4775171965267037E-06,0,1,2.6670084863397383E-06,962699,964485,-2.05584,NA
34,127,disc,5250,compact,1402,1,belt_rock,direct,7.331798584193881E-07,7.331798584193881E-07,0,1,1.4605755373664963E-09,1062.46,1080.91,-3.3851,NA
34,128,disc,5250,compact,604,1,belt_rock,direct,2.3146408965490608E-05,2.3146408965490608E-05,0,1,1.4760473652040364E-08,340.107,345.774,-2.3177,NA
35,129,disc,5250,compact,781,1,belt_rock,direct,9.401207296504959E-05,9.401207296504959E-05,0,1,2.1320430223136013E-07,1209.51,1210.06,-1.84438,NA
35,130,disc,5250,compact,1756,1,belt_rock,direct,7.296110875892249E-06,7.296110875892249E-06,0,1,1.3185861181562872E-08,963.864,965.055,-1.99335,NA
35,131,disc,5250,compact,1054,1,belt_rock,direct,3.59985240734282E-06,3.59985240734282E-06,0,1,2.422156096628072E-08,3588.53,3593.6,-3.34432,NA
35,132,disc,5250,compact,374,1,belt_rock,direct,2.792271266447914E-06,2.792271266447914E-06,0,1,3.800488145430424E-09,725.906,735.845,-1.96501,NA
36,133,disc,5250,compact,1059,1,belt_rock,direct,1.682359455820059E-05,1.682359455820059E-05,0,1,1.8713192915850614E-08,593.236,594.269,-2.94844,NA
36,134,disc,5250,compact,882,1,belt_rock,direct,1.4250823334815805E-06,1.4250823334815805E-06,0,1,2.633366636276908E-06,985531,986271,-2.37052,NA
36,135,disc,5250,compact,325,1,belt_rock,direct,5.983152324806678E-05,5.983152324806678E-05,0,1,8.870574892520349E-08,790.716,792.638,-1.8102,NA
36,136,disc,5250,compact,775,1,belt_rock,direct,1.8607500839175687E-06,1.8607500839175687E-06,0,1,2.8984061208589623E-09,830.749,840.188,-1.98005,NA
36,137,disc,5250,compact,55,1,belt_rock,direct,6.568410476392078E-07,6.568410476392078E-07,0,1,2.996339676610163E-09,2432.93,2548.45,-2.14491,NA
36,138,disc,5250,compact,1588,1,belt_rock,direct,4.4451408043854346E-05,4.4451408043854346E-05,0,1,2.1507926724558262E-08,258.055,259.731,-2.14934,NA
36,139,disc,5250,compact,1993,1,belt_rock,direct,2.257601127704808E-05,2.257601127704808E-05,0,1,8.416008851175672E-08,1988.19,1991.13,-3.08321,NA
37,140,disc,5250,compact,1902,1,belt_rock,direct,2.328116221809832E-06,2.328116221809832E-06,0,1,3.810957063611054E-09,873.028,880.642,-3.09134,NA
37,141,disc,5250,compact,1128,1,belt_rock,direct,1.4896786604373343E-06,1.4896786604373343E-06,0,1,3.0615334236624214E-07,109609,109819,-1.99125,NA
38,142,disc,5250,compact,1327,1,belt_rock,direct,7.862013430923191E-07,7.862013430923191E-07,0,1,6.602138415884414E-10,447.868,454.826,-2.12273,NA
38,143,disc,5250,compact,1122,1,belt_rock,direct,2.9834254224107565E-06,2.9834254224107565E-06,0,1,3.669508862250485E-08,6559.81,6572.82,-1.79152,NA
38,144,disc,5250,compact,1572,1,belt_rock,direct,5.083109946293434E-06,5.083109946293434E-06,0,1,1.641240946070287E-06,172203,172392,-1.968,NA
38,145,disc,5250,compact,1262,1,belt_rock,direct,5.7466175926732636E-05,5.7466175926732636E-05,0,1,4.970292861891136E-08,461.284,463.551,-1.76799,NA
39,146,disc,5250,compact,766,1,belt_rock,direct,0.00010144370355332816,0.00010144370355332816,0,1,1.8998745629952108E-06,9988.46,9990.84,-1.63672,NA
39,147,disc,5250,compact,310,1,belt_rock,direct,6.634147990561366E-07,6.634147990561366E-07,0,1,1.360224898289791E-09,1093.51,1103.34,-2.03619,NA
39,148,disc,5250,compact,458,1,belt_rock,direct,5.830082791151261E-05,5.830082791151261E-05,0,1,8.29874344169389E-07,7591.65,7595.3,-1.63591,NA
39,149,disc,5250,compact,1378,1,belt_rock,direct,2.2446055985676766E-05,2.2446055985676766E-05,0,1,3.861729996443904E-08,917.573,925.706,-1.85292,NA
39,150,disc,5250,compact,471,1,belt_rock,direct,7.219987556538745E-07,7.219987556538745E-07,0,1,9.557637591016924E-10,706.013,774.407,-3.35589,NA
39,151,disc,5250,compact,1248,1,belt_rock,direct,1.615716840413041E-05,1.615716840413041E-05,0,1,7.175038970547318E-09,236.841,238.859,-2.05109,NA
39,152,disc,5250,compact,791,1,belt_rock,direct,6.582748053006007E-07,6.582748053006007E-07,0,1,4.790767243361294E-08,38814.7,38888.7,-1.76605,NA
40,153,disc,5250,compact,357,1,belt_rock,direct,9.772755472152273E-05,9.772755472152273E-05,0,1,4.750158992452054E-08,259.233,259.481,-1.90894,NA
40,154,disc,5250,compact,782,1,belt_rock,direct,3.801716708310761E-05,3.801716708310761E-05,0,1,1.427286450451319E-08,200.23,200.608,-2.15322,NA
40,155,disc,5250,compact,1234,1,belt_rock,direct,9.339397048500532E-05,9.339397048500532E-05,0,1,1.1139618874169371E-06,6361.36,6361.34,-2.94676,NA
40,156,disc,5250,compact,1377,1,belt_rock,direct,6.963765588455465E-05,6.963765588455465E-05,0,1,2.7197496878871043E-07,2082.97,2087.08,-1.54551,NA
40,157,disc,5250,compact,1370,1,belt_rock,direct,7.905560108776994E-06,7.905560108776994E-06,0,1,5.0807107685026865E-06,342760,341517,-1.61019,NA
40,158,disc,5250,compact,1777,1,belt_rock,direct,7.043471830733643E-07,7.043471830733643E-07,0,1,5.558130749117324E-10,420.863,438.588,-2.16739,NA
41,159,disc,5250,compact,785,1,belt_rock,direct,1.0535049697305595E-05,1.0535049697305595E-05,0,1,9.842024272427832E-08,4982.49,4992.43,-1.86137,NA
41,160,disc,5250,compact,1810,1,belt_rock,direct,1.970209273929639E-05,1.970209273929639E-05,0,1,1.0288976166394788E-08,278.521,279.67,-2.51329,NA
41,161,disc,5250,compact,1121,1,belt_rock,direct,9.340604743120929E-05,9.340604743120929E-05,0,1,1.8002561350845135E-07,1027.92,1029.84,-1.54337,NA
41,162,disc,5250,compact,1471,1,belt_rock,direct,1.5892895600618978E-06,1.5892895600618978E-06,0,1,4.40067902244758E-06,1.47678E+06,1.49162E+06,-1.50501,NA
42,163,disc,5250,compact,1859,1,belt_rock,direct,7.18332953319282E-05,7.18332953319282E-05,0,1,6.522778386409172E-05,484290,484521,-1.72027,NA
42,164,disc,5250,compact,914,1,belt_rock,direct,6.869379130170366E-07,6.869379130170366E-07,0,1,3.2301001131250697E-10,250.782,251.677,-2.07809,NA
42,165,disc,5250,compact,1008,1,belt_rock,direct,2.2561665202314574E-05,2.2561665202314574E-05,0,1,4.1738256887274584E-08,986.647,989.313,-1.5707,NA
42,166,disc,5250,compact,1309,1,belt_rock,direct,0.00011210225960369238,0.00011210225960369238,0,1,8.859209550675147E-08,421.482,422.517,-1.60332,NA
42,167,disc,5250,compact,429,1,belt_rock,direct,6.0509542329365924E-06,6.0509542329365924E-06,0,1,5.8133991739588085E-08,5123.95,5154.96,-1.6962,NA
43,168,disc,5250,compact,824,1,belt_rock,direct,1.2072461308761543E-05,1.2072461308761543E-05,0,1,4.126240056220017E-09,182.288,182.523,-2.14489,NA
43,169,disc,5250,compact,1781,1,belt_rock,direct,2.2041960385650004E-06,2.2041960385650004E-06,0,1,1.6557153624105294E-09,400.621,401.967,-2.78703,NA
43,170,disc,5250,compact,1558,1,belt_rock,direct,2.1443104362125642E-05,2.1443104362125642E-05,0,1,2.0514267304631853E-08,510.231,511.846,-1.60672,NA
43,171,disc,5250,compact,1265,1,belt_rock,direct,1.3016006095180584E-06,1.3016006095180584E-06,0,1,3.5114377011417335E-09,1438.82,1503.18,-3.06948,NA
44,172,disc,5250,compact,105,1,belt_rock,direct,1.516472917097593E-05,1.516472917097593E-05,0,1,8.021294923108444E-09,282.104,282.516,-1.75488,NA
44,173,disc,5250,compact,268,1,belt_rock,direct,8.538187576088943E-05,8.538187576088943E-05,0,1,4.419630452000682E-06,27607,27600.9,-2.82336,NA
44,174,disc,5250,compact,1340,1,belt_rock,direct,4.4682391503330065E-06,4.4682391503330065E-06,0,1,1.8696793351534766E-08,2231.67,2236.83,-1.5832,NA
44,175,disc,5250,compact,1891,1,belt_rock,direct,1.4216071571320409E-06,1.4216071571320409E-06,0,1,9.166368670219169E-10,343.888,347.408,-1.81976,NA
44,176,disc,5250,compact,1946,1,belt_rock,direct,2.183925082976353E-06,2.183925082976353E-06,0,1,8.494235128673713E-09,2074.37,2083.5,-1.61729,NA
44,177,disc,5250,compact,586,1,belt_rock,direct,6.576314105085299E-07,6.576314105085299E-07,0,1,2.808192872857549E-10,227.742,225.722,-2.00845,NA
44,178,disc,5250,compact,245,1,belt_rock,direct,4.3856843464126685E-06,4.3856843464126685E-06,0,1,1.5401342055275003E-09,187.292,189.273,-2.02074,NA
45,179,disc,5250,compact,786,1,belt_rock,direct,0.0001138650391011468,0.0001138650391011468,0,1,1.1151010862888061E-07,522.303,522.697,-1.52062,NA
45,180,disc,5250,compact,1383,1,belt_rock,direct,1.2764704377165062E-06,1.2764704377165062E-06,0,1,1.3904111534860947E-09,580.94,587.516,-2.84257,NA
45,181,disc,5250,compact,1627,1,belt_rock,direct,6.787388667505036E-05,6.787388667505036E-05,0,1,5.0779838539614714E-06,39901.3,39885,-2.78567,NA
45,182,disc,5250,compact,1870,1,belt_rock,direct,9.042274132858424E-05,9.042274132858424E-05,0,1,1.2943711864599852E-07,763.449,765.51,-2.62226,NA
46,183,disc,5250,compact,687,1,belt_rock,direct,2.6840399522552747E-05,2.6840399522552747E-05,0,1,6.985690485620527E-07,13880.9,13887.7,-1.44152,NA
46,184,disc,5250,compact,1470,1,belt_rock,direct,1.481134732339244E-05,1.481134732339244E-05,0,1,3.4788950482994815E-08,1252.7,1254.09,-2.73721,NA
46,185,disc,5250,compact,747,1,belt_rock,direct,1.888867697232783E-06,1.888867697232783E-06,0,1,1.4409905917180742E-05,4.06872E+06,4.08889E+06,-1.58489,NA
46,186,disc,5250,compact,1763,1,belt_rock,direct,9.955582130612429E-06,9.955582130612429E-06,0,1,5.027369572167429E-07,26932.3,26979.1,-1.45276,NA
46,187,disc,5250,compact,1996,1,belt_rock,direct,1.994372357651258E-05,1.994372357651258E-05,0,1,7.49388789832539E-09,200.401,203.22,-2.37138,NA
47,188,disc,5250,compact,236,1,belt_rock,direct,1.529427714520681E-05,1.529427714520681E-05,0,1,1.0173740390891308E-08,354.773,355.481,-1.59926,NA
47,189,disc,5250,compact,1731,1,belt_rock,direct,0.00012195934799525451,0.00012195934799525451,0,1,2.846506400058254E-07,1244.79,1247.46,-1.49942,NA
47,190,disc,5250,compact,1650,1,belt_rock,direct,0.00011201657532152532,0.00011201657532152532,0,1,7.84553040498541E-08,373.541,374.748,-1.47845,NA
47,191,disc,5250,compact,1698,1,belt_rock,direct,9.605315367071448E-07,9.605315367071448E-07,0,1,2.466558181122105E-07,136955,137170,-1.77145,NA
47,192,disc,5250,compact,2000,1,belt_rock,direct,6.596944423175944E-07,6.596944423175944E-07,0,1,4.264162081337416E-10,344.738,353.166,-1.7401,NA
47,193,disc,5250,compact,1361,1,belt_rock,direct,6.57223004262068E-07,6.57223004262068E-07,0,1,2.052121462118283E-08,16652.9,16696.1,-1.54703,NA
48,194,disc,5250,compact,525,1,belt_rock,direct,5.405573410981149E-05,5.405573410981149E-05,0,1,5.035745168973072E-07,4968.45,4969.77,-1.37337,NA
48,195,disc,5250,compact,1285,1,belt_rock,direct,3.4692362533031123E-06,3.4692362533031123E-06,0,1,2.1202757740628596E-08,3259.55,3261.92,-1.51352,NA
48,196,disc,5250,compact,643,1,belt_rock,direct,6.556198717798708E-06,6.556198717798708E-06,0,1,4.1965549966464236E-09,341.381,343.003,-2.55199,NA
48,197,disc,5250,compact,679,1,belt_rock,direct,0.00010271354303005482,0.00010271354303005482,0,1,6.708122801238913E-07,3483.15,3487.01,-1.34066,NA
48,198,disc,5250,compact,494,1,belt_rock,direct,2.5517658423787483E-05,2.5517658423787483E-05,0,1,9.490711378912962E-08,1983.61,1985.72,-2.64538,NA
48,199,disc,5250,compact,448,1,belt_rock,direct,0.00012113067863890039,0.00012113067863890039,0,1,2.308843478063676E-07,1016.57,1019.99,-1.31042,NA
48,200,disc,5250,compact,1504,1,belt_rock,direct,8.915879502368898E-06,8.915879502368898E-06,0,1,4.640399272761075E-09,277.581,277.655,-2.22182,NA
49,201,disc,5250,compact,254,1,belt_rock,direct,9.717084849424641E-05,9.717084849424641E-05,0,1,1.239034429016249E-07,680.058,680.777,-2.53335,NA
49,202,disc,5250,compact,158,1,belt_rock,direct,8.848457316858487E-07,8.848457316858487E-07,0,1,1.1023392176712219E-07,66442.6,66488.6,-1.60663,NA
49,203,disc,5250,compact,108,1,belt_rock,direct,9.149469131634927E-05,9.149469131634927E-05,0,1,9.14861929717915E-08,533.284,534.778,-1.36049,NA
50,204,disc,5250,compact,470,1,belt_rock,direct,9.143120331596203E-05,9.143120331596203E-05,0,1,3.886179050870145E-07,2266.87,2267.56,-1.27257,NA
50,205,disc,5250,compact,575,1,belt_rock,direct,3.250982120341898E-05,3.250982120341898E-05,0,1,1.4409799540679754E-06,23639.7,23645.9,-1.53578,NA
50,206,disc,5250,compact,920,1,belt_rock,direct,1.834197380273565E-05,1.834197380273565E-05,0,1,8.232430311406628E-08,2393.76,2395.1,-2.64504,NA
50,207,disc,5250,compact,1422,1,belt_rock,direct,0.0001037835994555518,0.0001037835994555518,0,1,2.6891375887726474E-07,1381.92,1384.41,-2.68494,NA
50,208,disc,5250,compact,1480,1,belt_rock,direct,5.149362026684397E-05,5.149362026684397E-05,0,1,6.386548757001388E-08,661.472,662.263,-2.51114,NA
50,209,disc,5250,compact,1497,1,belt_rock,direct,3.326677985495318E-05,3.326677985495318E-05,0,1,6.512412913120297E-07,10440.7,10463.3,-1.0856,NA
50,210,disc,5250,compact,1779,1,belt_rock,direct,8.532543481505004E-05,8.532543481505004E-05,0,1,1.7751808248868136E-07,1109.59,1111.39,-2.53808,NA
50,211,disc,5250,compact,417,1,belt_rock,direct,2.9775859489734625E-05,2.9775859489734625E-05,0,1,7.580529059257337E-08,1357.79,1361.57,-1.29003,NA
50,212,disc,5250,compact,864,1,belt_rock,direct,4.499172741058528E-06,4.499172741058528E-06,0,1,1.4474611194004033E-08,1715.82,1722.69,-2.65368,NA
51,213,disc,5250,compact,732,1,belt_rock,direct,7.23699995910779E-05,7.23699995910779E-05,0,1,7.092951900851765E-05,522718,522260,-1.2929,NA
51,214,disc,5250,compact,1746,1,belt_rock,direct,6.41047341550396E-05,6.41047341550396E-05,0,1,8.87291446258106E-08,738.201,739.461,-2.62789,NA
51,215,disc,5250,compact,1651,1,belt_rock,direct,6.569437186654989E-07,6.569437186654989E-07,0,1,7.316692676748892E-08,59399.9,59410.8,-1.64419,NA
51,216,disc,5250,compact,220,1,belt_rock,direct,1.3589473042997936E-05,1.3589473042997936E-05,0,1,2.08771071609928E-08,819.344,822.456,-1.32228,NA
51,217,disc,5250,compact,1775,1,belt_rock,direct,6.713312468030229E-07,6.713312468030229E-07,0,1,1.1773566704303428E-08,9353.41,9389.02,-1.47536,NA
51,218,disc,5250,compact,316,1,belt_rock,direct,1.7107914208933843E-06,1.7107914208933843E-06,0,1,1.3468761009692247E-07,41988.4,42074.5,-1.3468,NA
52,219,disc,5250,compact,1643,1,belt_rock,direct,2.9141786281844563E-05,2.9141786281844563E-05,0,1,1.3924555865630837E-08,254.838,255.424,-2.30173,NA
52,220,disc,5250,compact,1076,1,belt_rock,direct,1.1117317470125938E-05,1.1117317470125938E-05,0,1,7.216136686553286E-07,34618.1,34647.4,-1.30223,NA
52,221,disc,5250,compact,489,1,belt_rock,direct,1.2406725433793743E-06,1.2406725433793743E-06,0,1,3.660260040226394E-07,157345,157627,-1.53171,NA
53,222,disc,5250,compact,1671,1,belt_rock,direct,1.3398809926210434E-05,1.3398809926210434E-05,0,1,5.644502449274356E-05,2.24677E+06,2.24333E+06,-1.29665,NA
53,223,disc,5250,compact,1827,1,belt_rock,direct,4.739869403103484E-06,4.739869403103484E-06,0,1,2.9830599708616806E-09,335.656,340.166,-1.58747,NA
53,224,disc,5250,compact,1295,1,belt_rock,direct,8.621277006557087E-06,8.621277006557087E-06,0,1,2.96988100918529E-07,18372.4,18391.2,-2.71485,NA
53,225,disc,5250,compact,829,1,belt_rock,direct,5.1391041787205914E-05,5.1391041787205914E-05,0,1,3.4994415699743213E-07,3631.7,3639.69,-1.17748,NA
54,226,disc,5250,compact,43,1,belt_rock,direct,5.709264524901967E-05,5.709264524901967E-05,0,1,1.050452097151016E-07,981.284,982.981,-0.989901,NA
54,227,disc,5250,compact,320,1,belt_rock,direct,1.2872960698560737E-05,1.2872960698560737E-05,0,1,1.1077947732519052E-08,458.965,468.107,-1.40454,NA
54,228,disc,5250,compact,1129,1,belt_rock,direct,3.313480881504691E-05,3.313480881504691E-05,0,1,5.623291026195539E-07,9051.17,9065.34,-1.18521,NA
54,229,disc,5250,compact,26,1,belt_rock,direct,5.8788627978839665E-05,5.8788627978839665E-05,0,1,1.0062738121133486E-06,9128.97,9126.79,-2.48124,NA
55,230,disc,5250,compact,894,1,belt_rock,direct,1.6217327280634548E-06,1.6217327280634548E-06,0,1,4.026048829461697E-09,1324.03,1330.52,-1.41855,NA
55,231,disc,5250,compact,1556,1,belt_rock,direct,6.993397893510033E-07,6.993397893510033E-07,0,1,5.837610827868455E-10,445.19,460.835,-2.97872,NA
55,232,disc,5250,compact,2005,1,belt_rock,direct,3.3799685051573375E-06,3.3799685051573375E-06,0,1,3.719983882228856E-09,586.985,591.765,-1.3228,NA
55,233,disc,5250,compact,337,1,belt_rock,direct,1.0825788519952853E-05,1.0825788519952853E-05,0,1,1.2231522351704755E-08,602.587,606.074,-2.40152,NA
56,234,disc,5250,compact,377,1,belt_rock,direct,2.7345845412238577E-05,2.7345845412238577E-05,0,1,4.334451577835432E-07,8453.6,8462.39,-1.15999,NA
56,235,disc,5250,compact,1999,1,belt_rock,direct,1.0428322284447059E-06,1.0428322284447059E-06,0,1,1.4452997813248735E-09,739.166,755.614,-1.28855,NA
57,236,disc,5250,compact,67,1,belt_rock,direct,0.00012977028486609789,0.00012977028486609789,0,1,1.3172439717390002E-05,54136.4,54160.2,-1.15204,NA
57,237,disc,5250,compact,596,1,belt_rock,direct,9.356620633488159E-07,9.356620633488159E-07,0,1,7.484193735608066E-10,426.604,435.617,-2.4671,NA
57,238,disc,5250,compact,956,1,belt_rock,direct,4.669872319171079E-05,4.669872319171079E-05,0,1,7.673743618878258E-06,87639.7,88003.7,-1.11297,NA
57,239,disc,5250,compact,1319,1,belt_rock,direct,8.55524488744603E-07,8.55524488744603E-07,0,1,1.6933208841721187E-08,10556.1,10591.3,-1.24025,NA
58,240,disc,5250,compact,1789,1,belt_rock,direct,6.336397391863665E-05,6.336397391863665E-05,0,1,2.8352826929897545E-05,238645,238340,-1.14036,NA
58,241,disc,5250,compact,1544,1,belt_rock,direct,1.2774687026846546E-06,1.2774687026846546E-06,0,1,1.088735409905158E-09,454.539,473.676,-2.7169,NA
59,242,disc,5250,compact,626,1,belt_rock,direct,6.994723388615429E-06,6.994723388615429E-06,0,1,2.0989508334042756E-08,1600.41,1614.7,-1.37115,NA
59,243,disc,5250,compact,981,1,belt_rock,direct,6.56669885325061E-07,6.56669885325061E-07,0,1,6.496367798647279E-08,52762.1,52880.1,-1.98709,NA
59,244,disc,5250,compact,1552,1,belt_rock,direct,3.5688342885082924E-05,3.5688342885082924E-05,0,1,1.6509693409857648E-06,24672.4,24703.8,-1.10361,NA
59,245,disc,5250,compact,80,1,belt_rock,direct,5.290661850878837E-06,5.290661850878837E-06,0,1,3.174477771862253E-09,320.008,322.98,-2.26831,NA
59,246,disc,5250,compact,1860,1,belt_rock,direct,5.983100286494928E-06,5.983100286494928E-06,0,1,2.8265237160990094E-08,2519.56,2526.49,-1.14321,NA
59,247,disc,5250,compact,991,1,belt_rock,direct,6.643645928094288E-07,6.643645928094288E-07,0,1,6.50580999656984E-09,5222.68,5251.7,-1.27232,NA
59,248,disc,5250,compact,1160,1,belt_rock,direct,4.650400613769161E-06,4.650400613769161E-06,0,1,9.161739279388638E-07,105072,105435,-1.13173,NA
60,249,disc,5250,compact,671,1,belt_rock,direct,1.585098870562806E-05,1.585098870562806E-05,0,1,1.6158088550325761E-07,5436.66,5441.02,-1.3401,NA
60,250,disc,5250,compact,1366,1,belt_rock,direct,2.0078326050142794E-05,2.0078326050142794E-05,0,1,2.2931851294968036E-08,609.13,609.793,-1.15462,NA
60,251,disc,5250,compact,1783,1,belt_rock,direct,5.998596675655305E-06,5.998596675655305E-06,0,1,3.046777443346198E-08,2708.88,2712.69,-2.44008,NA
61,252,disc,5250,compact,1073,1,belt_rock,direct,9.372905252038321E-05,9.372905252038321E-05,0,1,3.6300128132308184E-05,206554,208769,-0.872872,NA
61,253,disc,5250,compact,1759,1,belt_rock,direct,7.174484398145851E-07,7.174484398145851E-07,0,1,3.779000356578474E-08,28092.1,28109,-1.29264,NA
62,254,disc,5250,compact,1029,1,belt_rock,direct,6.42010249741081E-05,6.42010249741081E-05,0,1,6.730310088257994E-08,559.103,560.548,-2.22212,NA
62,255,disc,5250,compact,699,1,belt_rock,direct,4.4714058899335014E-05,4.4714058899335014E-05,0,1,1.1331654955118362E-07,1351.6,1354.52,-2.27032,NA
63,256,disc,5250,compact,134,1,belt_rock,direct,4.005000455873454E-05,4.005000455873454E-05,0,1,5.936971718965675E-08,790.608,792.889,-1.03352,NA
63,257,disc,5250,compact,618,1,belt_rock,direct,8.200518837456402E-07,8.200518837456402E-07,0,1,8.399452048913266E-08,54627.1,54561.2,-1.03031,NA
63,258,disc,5250,compact,1879,1,belt_rock,direct,9.28843459216667E-05,9.28843459216667E-05,0,1,1.2640717562780742E-05,72581.8,72743.8,-1.0124,NA
64,259,disc,5250,compact,1255,1,belt_rock,direct,1.7174089778194406E-06,1.7174089778194406E-06,0,1,1.216881104541806E-08,3778.97,3810.27,-1.6247,NA
64,260,disc,5250,compact,716,1,belt_rock,direct,6.790477425541724E-07,6.790477425541724E-07,0,1,7.273908245668139E-09,5713.03,5746.68,-2.45231,NA
65,261,disc,5250,compact,1904,1,belt_rock,direct,7.814175172645201E-07,7.814175172645201E-07,0,1,1.6887464824090358E-07,115260,115251,-1.40451,NA
65,262,disc,5250,compact,562,1,belt_rock,direct,3.8298381176723464E-05,3.8298381176723464E-05,0,1,9.868444672818328E-08,1374.25,1380.22,-1.10993,NA
65,263,disc,5250,compact,1693,1,belt_rock,direct,6.78118432607467E-05,6.78118432607467E-05,0,1,4.2947159114665904E-07,3377.75,3380.83,-0.985454,NA
65,264,disc,5250,compact,689,1,belt_rock,direct,5.415321190928553E-06,5.415321190928553E-06,0,1,2.851390319220293E-08,2808.22,2814.43,-2.31489,NA
65,265,disc,5250,compact,419,1,belt_rock,direct,1.1679628323022948E-06,1.1679628323022948E-06,0,1,4.912404114110724E-08,22431.8,22533.2,-1.19638,NA
66,266,disc,5250,compact,1938,1,belt_rock,direct,9.858183814763472E-07,9.858183814763472E-07,0,1,1.1419661427709503E-09,617.81,620.844,-1.26666,NA
66,267,disc,5250,compact,1334,1,belt_rock,direct,3.7469936062025E-05,3.7469936062025E-05,0,1,7.331216784690617E-08,1043.5,1045.39,-0.969668,NA
66,268,disc,5250,compact,1187,1,belt_rock,direct,1.5464147007725505E-05,1.5464147007725505E-05,0,1,9.196741499489937E-08,3171.81,3175.56,-2.24148,NA
67,269,disc,5250,compact,475,1,belt_rock,direct,1.3085649138544868E-06,1.3085649138544868E-06,0,1,2.849599348602545E-08,11614.1,11639,-1.90879,NA
67,270,disc,5250,compact,1612,1,belt_rock,direct,8.264067397507725E-05,8.264067397507725E-05,0,1,2.0178444761926614E-06,13022.4,13030.1,-0.95064,NA
67,271,disc,5250,compact,333,1,belt_rock,direct,1.219726476498709E-05,1.219726476498709E-05,0,1,1.290078532139826E-06,56409.5,56055.9,-0.819472,NA
67,272,disc,5250,compact,1306,1,belt_rock,direct,2.2631982701686563E-05,2.2631982701686563E-05,0,1,5.8915061996366065E-08,1388.36,1393.16,-0.931435,NA
67,273,disc,5250,compact,41,1,belt_rock,direct,5.542683085456272E-06,5.542683085456272E-06,0,1,6.39082662131163E-08,6149.44,6182.38,-2.35683,NA
67,274,disc,5250,compact,1397,1,belt_rock,direct,9.930657313024047E-05,9.930657313024047E-05,0,1,5.239576639006085E-07,2813.95,2825.56,-0.972421,NA
67,275,disc,5250,compact,1478,1,belt_rock,direct,6.736365649081922E-07,6.736365649081922E-07,0,1,1.4269290017209991E-09,1129.73,1153.59,-2.31905,NA
68,276,disc,5250,compact,347,1,belt_rock,direct,0.00012532972335126472,0.00012532972335126472,0,1,9.633764321535424E-06,40995.9,41013.8,-0.946505,NA
68,277,disc,5250,compact,893,1,belt_rock,direct,4.074084017316545E-06,4.074084017316545E-06,0,1,3.77344972982339E-09,493.978,495.103,-2.23556,NA
68,278,disc,5250,compact,423,1,belt_rock,direct,3.223306010245421E-06,3.223306010245421E-06,0,1,9.572059232821714E-08,15838.1,15860.5,-1.45884,NA
68,279,disc,5250,compact,1024,1,belt_rock,direct,6.99404123128788E-05,6.99404123128788E-05,0,1,1.6387674649158849E-06,12496.5,12492,-0.949596,NA
68,280,disc,5250,compact,335,1,belt_rock,direct,2.425899568127916E-05,2.425899568127916E-05,0,1,2.2272365463200103E-07,4896.57,4899.4,-0.952962,NA
68,281,disc,5250,compact,1090,1,belt_rock,direct,6.5384182749123374E-06,6.5384182749123374E-06,0,1,3.5025239220421764E-06,285698,287200,-0.975883,NA
69,282,disc,5250,compact,126,1,belt_rock,direct,9.280059976664646E-05,9.280059976664646E-05,0,1,1.0940615420682108E-06,6287.67,6287.75,-2.18445,NA
69,283,disc,5250,compact,1919,1,belt_rock,direct,1.8679833772819683E-06,1.8679833772819683E-06,0,1,3.1230181975106464E-09,891.662,896.688,-1.11636,NA
69,284,disc,5250,compact,535,1,belt_rock,direct,6.291948826215874E-05,6.291948826215874E-05,0,1,9.408972579617893E-06,79754.6,81377.7,-0.744859,NA
70,285,disc,5250,compact,194,1,belt_rock,direct,1.4080787396884603E-05,1.4080787396884603E-05,0,1,1.7602832752000867E-06,66673.7,66630.1,-2.18497,NA
70,286,disc,5250,compact,1535,1,belt_rock,direct,3.543871116585593E-05,3.543871116585593E-05,0,1,6.138404228951432E-06,92379.6,92661.4,-0.899196,NA
70,287,disc,5250,compact,1986,1,belt_rock,direct,6.601993715399538E-07,6.601993715399538E-07,0,1,2.525476343987132E-09,2040.17,2135.49,-1.21638,NA
70,288,disc,5250,compact,1507,1,belt_rock,direct,2.057421967636521E-05,2.057421967636521E-05,0,1,3.530022660596918E-07,9150.67,9150.07,-0.920458,NA
71,289,disc,5250,compact,663,1,belt_rock,direct,7.81120755640072E-06,7.81120755640072E-06,0,1,5.657471244938814E-08,3862.81,3866.39,-0.968384,NA
71,290,disc,5250,compact,1666,1,belt_rock,direct,1.1016752285638322E-05,1.1016752285638322E-05,0,1,3.917136595812945E-05,1.89633E+06,1.88185E+06,-0.931961,NA
71,291,disc,5250,compact,642,1,belt_rock,direct,1.9037599015744224E-05,1.9037599015744224E-05,0,1,2.2190451798793923E-07,6216.6,6219.77,-0.926981,NA
71,292,disc,5250,compact,47,1,belt_rock,direct,6.448088660519537E-05,6.448088660519537E-05,0,1,1.5200017270007307E-05,125722,125170,-0.871154,NA
71,293,disc,5250,compact,125,1,belt_rock,direct,1.6110268567934547E-05,1.6110268567934547E-05,0,1,2.8302522261778834E-07,9369.6,9369.63,-0.898409,NA
71,294,disc,5250,compact,1960,1,belt_rock,direct,0.00013027624245217156,0.00013027624245217156,0,1,5.674449249412096E-06,23230.4,23197.9,-2.09756,NA
72,295,disc,5250,compact,263,1,belt_rock,direct,1.3809692747135077E-05,1.3809692747135077E-05,0,1,9.050831956822003E-09,349.545,350.088,-2.07402,NA
72,296,disc,5250,compact,1559,1,belt_rock,direct,2.3619355463858762E-05,2.3619355463858762E-05,0,1,2.513733781624236E-07,5676.1,5677.6,-0.950095,NA
72,297,disc,5250,compact,723,1,belt_rock,direct,8.017515738589452E-06,8.017515738589452E-06,0,1,3.199278828448542E-07,21281.9,21313.2,-0.904144,NA
72,298,disc,5250,compact,667,1,belt_rock,direct,7.69467672053042E-06,7.69467672053042E-06,0,1,1.3431630920477295E-08,930.973,936.758,-0.899988,NA
72,299,disc,5250,compact,1750,1,belt_rock,direct,2.7521182904394158E-05,2.7521182904394158E-05,0,1,9.429943818401308E-08,1827.43,1832.24,-0.852823,NA
72,300,disc,5250,compact,1727,1,belt_rock,direct,7.170460366830967E-05,7.170460366830967E-05,0,1,7.9367337318716E-07,5903.28,5904.58,-0.881144,NA
73,301,disc,5250,compact,705,1,belt_rock,direct,6.980957917092354E-05,6.980957917092354E-05,0,1,3.4178381101332477E-06,26111.7,26164.2,-0.841083,NA
73,302,disc,5250,compact,454,1,belt_rock,direct,1.2643064833204936E-06,1.2643064833204936E-06,0,1,1.598093093256815E-08,6741.37,6762.77,-0.977072,NA
74,303,disc,5250,compact,1329,1,belt_rock,direct,0.00011767309876617744,0.00011767309876617744,0,1,8.375223656693632E-05,379593,379267,-2.06369,NA
74,304,disc,5250,compact,267,1,belt_rock,direct,6.711783346240887E-05,6.711783346240887E-05,0,1,3.074967062126048E-07,2443.44,2445.21,-0.839315,NA
74,305,disc,5250,compact,1668,1,belt_rock,direct,2.0525493808669032E-05,2.0525493808669032E-05,0,1,4.3059150691407865E-08,1118.85,1120.53,-0.873923,NA
74,306,disc,5250,compact,1387,1,belt_rock,direct,7.674731261719431E-07,7.674731261719431E-07,0,1,4.730619198666344E-09,3287.41,3305.38,-1.10181,NA
74,307,disc,5250,compact,1844,1,belt_rock,direct,8.169210618190779E-07,8.169210618190779E-07,0,1,2.3798699927996324E-08,15537.2,15563.7,-1.06228,NA
74,308,disc,5250,compact,856,1,belt_rock,direct,8.388089285828902E-05,8.388089285828902E-05,0,1,2.2042471970688277E-07,1401.51,1408.31,-0.893374,NA
75,309,disc,5250,compact,1190,1,belt_rock,direct,0.00011545468735136213,0.00011545468735136213,0,1,0.0016889627241797448,7.80202E+06,8.23149E+06,-0.794337,NA
76,310,disc,5250,compact,493,1,belt_rock,direct,5.6135156959531876E-05,5.6135156959531876E-05,0,1,3.8924252087669307E-07,3698.15,3702.73,-0.792224,NA
77,311,disc,5250,compact,260,1,belt_rock,direct,9.58560221287507E-05,9.58560221287507E-05,0,1,5.262572043011672E-07,2928.04,2928.48,-2.05247,NA
77,312,disc,5250,compact,1460,1,belt_rock,direct,3.253757380252252E-05,3.253757380252252E-05,0,1,9.139560850761962E-07,14980.9,14984.5,-0.994864,NA
77,313,disc,5250,compact,303,1,belt_rock,direct,1.6443259599017662E-05,1.6443259599017662E-05,0,1,2.3560862756109027E-07,7641.91,7648.67,-0.828616,NA
77,314,disc,5250,compact,1836,1,belt_rock,direct,0.00010830417591733932,0.00010830417591733932,0,1,0.000883093701248836,4.34871E+06,4.3848E+06,-2.06674,NA
77,315,disc,5250,compact,1332,1,belt_rock,direct,9.618890941490908E-07,9.618890941490908E-07,0,1,9.970849159073167E-07,552848,554537,-0.99803,NA
78,316,disc,5250,compact,565,1,belt_rock,direct,2.2286423369545222E-05,2.2286423369545222E-05,0,1,1.6230773544306784E-07,3884.16,3881.91,-0.675923,NA
79,317,disc,5250,compact,774,1,belt_rock,direct,7.619835503985227E-07,7.619835503985227E-07,0,1,1.5768147265984346E-08,11036.6,11125.3,-1.85947,NA
79,318,disc,5250,compact,1282,1,belt_rock,direct,1.4622823671792473E-06,1.4622823671792473E-06,0,1,5.356351858361288E-09,1953.6,1960.29,-2.2287,NA
79,319,disc,5250,compact,1626,1,belt_rock,direct,1.4362499332116837E-05,1.4362499332116837E-05,0,1,6.804206063755797E-08,2526.66,2537.65,-0.95651,NA
79,320,disc,5250,compact,1227,1,belt_rock,direct,2.376168565486922E-06,2.376168565486922E-06,0,1,2.167107186078532E-08,4864.09,4878.17,-0.853342,NA
80,321,disc,5250,compact,118,1,belt_rock,direct,1.160129731814546E-06,1.160129731814546E-06,0,1,4.898873618186636E-09,2252.1,2265.62,-2.17731,NA
80,322,disc,5250,compact,1207,1,belt_rock,direct,0.00010036746806715387,0.00010036746806715387,0,1,2.458498994463596E-06,13064,12994.2,-0.598256,NA
81,323,disc,5250,compact,1152,1,belt_rock,direct,4.16824022781921E-05,4.16824022781921E-05,0,1,6.022292722222439E-05,770562,765102,-0.748278,NA
81,324,disc,5250,compact,441,1,belt_rock,direct,3.1673527364542515E-06,3.1673527364542515E-06,0,1,4.659004040130995E-09,784.504,792.522,-2.03023,NA
81,325,disc,5250,compact,1658,1,belt_rock,direct,3.701066741457488E-05,3.701066741457488E-05,0,1,1.3610206632387206E-07,1961.27,1965.89,-0.712282,NA
81,326,disc,5250,compact,1935,1,belt_rock,direct,7.004689455138169E-07,7.004689455138169E-07,0,1,9.235088686901227E-10,703.155,723.479,-2.0773,NA
82,327,disc,5250,compact,114,1,belt_rock,direct,1.0410778928286129E-06,1.0410778928286129E-06,0,1,2.591811882892093E-09,1327.76,1336.02,-0.992695,NA
82,328,disc,5250,compact,27,1,belt_rock,direct,8.222477067361813E-05,8.222477067361813E-05,0,1,2.926208902686128E-07,1898.02,1903.27,-0.67564,NA
83,329,disc,5250,compact,1218,1,belt_rock,direct,1.5591881867865015E-05,1.5591881867865015E-05,0,1,1.417959088830686E-05,485025,486178,-0.775842,NA
83,330,disc,5250,compact,355,1,belt_rock,direct,4.398372981878257E-05,4.398372981878257E-05,0,1,2.4056044230047865E-06,29169.6,29146,-0.726376,NA
83,331,disc,5250,compact,544,1,belt_rock,direct,6.580815420381564E-07,6.580815420381564E-07,0,1,5.29460513434579E-09,4290.94,4296.44,-0.718024,NA
83,332,disc,5250,compact,800,1,belt_rock,direct,5.353078322317868E-05,5.353078322317868E-05,0,1,9.619173566563458E-07,9583.69,9580.29,-0.717982,NA
84,333,disc,5250,compact,1984,1,belt_rock,direct,2.5327386257464415E-05,2.5327386257464415E-05,0,1,1.1975436993928862E-07,2521.74,2525.23,-0.747557,NA
84,334,disc,5250,compact,939,1,belt_rock,direct,3.4196213636993785E-06,3.4196213636993785E-06,0,1,2.2720955019004506E-06,354362,356539,-0.766835,NA
84,335,disc,5250,compact,1037,1,belt_rock,direct,5.751229149091124E-05,5.751229149091124E-05,0,1,7.65618780641404E-06,70998.7,71468.8,-0.650983,NA
85,336,disc,5250,compact,1611,1,belt_rock,direct,7.947356648347286E-05,7.947356648347286E-05,0,1,2.7836379668848264E-07,1868.05,1869.67,-0.719103,NA
85,337,disc,5250,compact,1809,1,belt_rock,direct,0.00010452252505044007,0.00010452252505044007,0,1,2.1891811678289515E-06,11170.4,11130.8,-0.535939,NA
85,338,disc,5250,compact,382,1,belt_rock,direct,1.0859052484432568E-06,1.0859052484432568E-06,0,1,2.1994167256845127E-09,1080.23,1144.25,-2.20199,NA
86,339,disc,5250,compact,921,1,belt_rock,direct,6.674711254667874E-07,6.674711254667874E-07,0,1,5.937271173483085E-08,47440.9,47443.8,-1.11132,NA
86,340,disc,5250,compact,1118,1,belt_rock,direct,4.5509853495094296E-05,4.5509853495094296E-05,0,1,9.861051624046131E-08,1155.62,1158.67,-1.88539,NA
87,341,disc,5250,compact,854,1,belt_rock,direct,8.008019614490198E-05,8.008019614490198E-05,0,1,1.4236635970484115E-06,9481.59,9485.31,-0.747257,NA
88,342,disc,5250,compact,385,1,belt_rock,direct,1.0684274275162959E-06,1.0684274275162959E-06,0,1,4.5745269146027064E-08,22834.9,22842.5,-2.09915,NA
88,343,disc,5250,compact,1652,1,belt_rock,direct,2.4857195029143642E-05,2.4857195029143642E-05,0,1,7.27529199323379E-07,15609.8,15605.7,-1.90394,NA
88,344,disc,5250,compact,110,1,belt_rock,direct,2.3015576158714745E-05,2.3015576158714745E-05,0,1,1.2653929422720687E-06,29322.6,29389.3,-0.72862,NA
89,345,disc,5250,compact,1788,1,belt_rock,direct,3.15701743999554E-05,3.15701743999554E-05,0,1,3.9702094153471926E-07,6707.11,6707.43,-0.710193,NA
89,346,disc,5250,compact,683,1,belt_rock,direct,1.116976409625789E-05,1.116976409625789E-05,0,1,1.8387301476213848E-07,8779.56,8785.06,-0.68821,NA
89,347,disc,5250,compact,1287,1,belt_rock,direct,9.62282806386954E-05,9.62282806386954E-05,0,1,7.748384628593512E-07,4294.45,4297.15,-0.629612,NA
89,348,disc,5250,compact,1288,1,belt_rock,direct,5.6223710821504806E-05,5.6223710821504806E-05,0,1,4.633289486139357E-07,4395.1,4399.28,-0.633887,NA
90,349,disc,5250,compact,214,1,belt_rock,direct,0.00012734650999472207,0.00012734650999472207,0,1,1.1024951871122393E-05,46173,46152.1,-0.632806,NA
90,350,disc,5250,compact,1493,1,belt_rock,direct,3.860224823501214E-05,3.860224823501214E-05,0,1,2.0148076931834953E-06,27836.8,27813.3,-0.646029,NA
90,351,disc,5250,compact,1391,1,belt_rock,direct,4.552830621917541E-05,4.552830621917541E-05,0,1,1.6787942821336025E-07,1966.59,1967.97,-1.84301,NA
91,352,disc,5250,compact,1266,1,belt_rock,direct,5.466285441948147E-05,5.466285441948147E-05,0,1,2.537108923400582E-07,2475.4,2478.48,-0.651159,NA
91,353,disc,5250,compact,290,1,belt_rock,direct,2.284690991464013E-06,2.284690991464013E-06,0,1,1.698740757718128E-08,3965.5,3963,-0.562592,NA
92,354,disc,5250,compact,1049,1,belt_rock,direct,3.7210343275596335E-05,3.7210343275596335E-05,0,1,2.4247240314770794E-07,3475.34,3476.73,-0.614012,NA
93,355,disc,5250,compact,65,1,belt_rock,direct,4.8374574180469014E-05,4.8374574180469014E-05,0,1,1.0236554694203432E-06,11285.9,11285.1,-1.84069,NA
93,356,disc,5250,compact,753,1,belt_rock,direct,7.4087196209067525E-06,7.4087196209067525E-06,0,1,1.8169410380223955E-06,130797,130726,-0.691611,NA
93,357,disc,5250,compact,1828,1,belt_rock,direct,0.00011884665233217843,0.00011884665233217843,0,1,4.4679929426009405E-05,200505,200837,-1.80301,NA
93,358,disc,5250,compact,691,1,belt_rock,direct,5.2846760613572636E-05,5.2846760613572636E-05,0,1,1.2331278389405999E-06,12444.8,12435.4,-1.80496,NA
94,359,disc,5250,compact,1667,1,belt_rock,direct,1.1220913531656514E-06,1.1220913531656514E-06,0,1,1.6614352196180686E-06,789685,790586,-2.08471,NA
94,360,disc,5250,compact,875,1,belt_rock,direct,0.00012881328838078537,0.00012881328838078537,0,1,3.435492197966272E-07,1422.42,1428.29,-0.680184,NA
94,361,disc,5250,compact,961,1,belt_rock,direct,5.347650012292806E-05,5.347650012292806E-05,0,1,1.7382413179576853E-06,17335.9,17318.5,-1.78398,NA
95,362,disc,5250,compact,1065,1,belt_rock,direct,4.184004089355352E-05,4.184004089355352E-05,0,1,2.2916443001437076E-07,2921.15,2921.82,-1.8014,NA
95,363,disc,5250,compact,1609,1,belt_rock,direct,7.448869756732576E-06,7.448869756732576E-06,0,1,2.9742450545833258E-06,212954,211792,-0.472521,NA
95,364,disc,5250,compact,831,1,belt_rock,direct,2.082100806499951E-05,2.082100806499951E-05,0,1,3.476414115714244E-06,89048.9,88686.4,-0.561645,NA
95,365,disc,5250,compact,305,1,belt_rock,direct,7.134898000707806E-07,7.134898000707806E-07,0,1,6.546074152963108E-07,489319,488281,-2.0437,NA
96,366,disc,5250,compact,931,1,belt_rock,direct,6.383718976064442E-06,6.383718976064442E-06,0,1,1.0056299114772841E-06,84016.2,84081,-1.85313,NA
96,367,disc,5250,compact,1647,1,belt_rock,direct,3.3005350961776044E-06,3.3005350961776044E-06,0,1,3.986518234081305E-08,6441.81,6451.33,-0.686957,NA
96,368,disc,5250,compact,1242,1,belt_rock,direct,0.00011639669377719303,0.00011639669377719303,0,1,5.0010452645606316E-06,22914.9,22961.1,-0.537319,NA
96,369,disc,5250,compact,1348,1,belt_rock,direct,7.343041283969219E-07,7.343041283969219E-07,0,1,8.686469490434778E-09,6309.08,6331.86,-0.790239,NA
96,370,disc,5250,compact,727,1,belt_rock,direct,1.1947221133018426E-05,1.1947221133018426E-05,0,1,1.8338774618678649E-06,81865.7,82142.8,-1.77131,NA
96,371,disc,5250,compact,1555,1,belt_rock,direct,5.054471768285598E-05,5.054471768285598E-05,0,1,1.453561284746518E-06,15337.6,15312.4,-0.552887,NA
98,372,disc,5250,compact,1851,1,belt_rock,direct,1.8230470527233035E-05,1.8230470527233035E-05,0,1,8.630969299935374E-07,25249.9,25237.4,-0.577636,NA
98,373,disc,5250,compact,127,1,belt_rock,direct,1.9397118477442295E-06,1.9397118477442295E-06,0,1,1.0981818153319919E-08,3019.51,3028.22,-0.731543,NA
98,374,disc,5250,compact,139,1,belt_rock,direct,1.9757780312429676E-05,1.9757780312429676E-05,0,1,2.266188294317275E-07,6117.25,6129.37,-0.6721,NA
98,375,disc,5250,compact,702,1,belt_rock,direct,6.160081864495163E-05,6.160081864495163E-05,0,1,1.0789554454443995E-06,9341.48,9332.08,-1.72901,NA
98,376,disc,5250,compact,1876,1,belt_rock,direct,2.391542116775538E-05,2.391542116775538E-05,0,1,1.068615240610275E-07,2383.1,2387.11,-0.561113,NA
99,377,disc,5250,compact,1313,1,belt_rock,direct,6.0671526127847095E-05,6.0671526127847095E-05,0,1,2.942585580646836E-07,2586.68,2595.45,-0.606015,NA
99,378,disc,5250,compact,1605,1,belt_rock,direct,6.900215529949679E-06,6.900215529949679E-06,0,1,3.6933263438367544E-07,28546.6,28507.5,-0.577854,NA
99,379,disc,5250,compact,430,1,belt_rock,direct,1.1893431066733642E-06,1.1893431066733642E-06,0,1,2.369354203409232E-09,1062.48,1122.8,-0.803005,NA
100,380,disc,5250,compact,68,1,belt_rock,direct,6.177978207144158E-05,6.177978207144158E-05,0,1,1.6890532657813247E-07,1458.13,1458.8,-0.571687,NA
100,381,disc,5250,compact,147,1,belt_rock,direct,2.758389432846053E-05,2.758389432846053E-05,0,1,5.73091425757462E-08,1108.07,1109.83,-0.574193,NA
100,382,disc,5250,compact,948,1,belt_rock,direct,2.327701608237952E-06,2.327701608237952E-06,0,1,4.161393874058586E-08,9534.77,9542.76,-0.655838,NA
100,383,disc,5250,compact,1914,1,belt_rock,direct,8.066475063495929E-05,8.066475063495929E-05,0,1,0.0004386626380672289,2.90032E+06,2.83358E+06,-1.69507,NA
101,384,disc,5250,compact,1027,1,belt_rock,direct,6.7232867931928935E-06,6.7232867931928935E-06,0,1,1.937160680422533E-07,15366.8,15396.6,-0.738534,NA
101,385,disc,5250,compact,1640,1,belt_rock,direct,0.00012686361368812797,0.00012686361368812797,0,1,14.36246607764579,6.03797E+10,1.37885E+10,-1.74886,NA
101,386,disc,5250,compact,1145,1,belt_rock,direct,0.0001302415990655016,0.0001302415990655016,0,1,1.86520120696852E-07,763.791,766.472,-0.549177,NA
102,387,disc,5250,compact,1194,1,belt_rock,direct,5.175198292838069E-05,5.175198292838069E-05,0,1,7.788750284981868E-07,8026.75,8029.59,-0.633589,NA
102,388,disc,5250,compact,843,1,belt_rock,direct,3.0667765664041165E-05,3.0667765664041165E-05,0,1,6.253794846214606E-06,108758,108920,-0.640861,NA
102,389,disc,5250,compact,1521,1,belt_rock,direct,1.2077087728448838E-06,1.2077087728448838E-06,0,1,4.179503832739053E-07,184570,184970,-0.671382,NA
102,390,disc,5250,compact,1389,1,belt_rock,direct,4.914065241023131E-06,4.914065241023131E-06,0,1,3.4682138272711995E-08,3764.12,3802.42,-0.718674,NA
102,391,disc,5250,compact,1672,1,belt_rock,direct,3.917221201442736E-05,3.917221201442736E-05,0,1,9.87370889669957E-08,1344.31,1347.42,-1.7118,NA
102,392,disc,5250,compact,209,1,belt_rock,direct,1.4672044064061146E-06,1.4672044064061146E-06,0,1,4.45891476020781E-09,1620.83,1640.1,-0.614077,NA
103,393,disc,5250,compact,163,1,belt_rock,direct,2.801406292602746E-05,2.801406292602746E-05,0,1,6.946869760701045E-08,1322.55,1323.24,-1.74971,NA
103,394,disc,5250,compact,637,1,belt_rock,direct,8.44850477879869E-07,8.44850477879869E-07,0,1,4.473193436095988E-09,2823.82,2894.49,-1.49715,NA
103,395,disc,5250,compact,578,1,belt_rock,direct,2.6229088541814963E-06,2.6229088541814963E-06,0,1,1.1188806959827851E-08,2275.09,2284.32,-0.619635,NA
104,396,disc,5250,compact,463,1,belt_rock,direct,6.324339588524714E-05,6.324339588524714E-05,0,1,3.715186182746308E-07,3133.03,3134.42,-1.69924,NA
105,397,disc,5250,compact,1247,1,belt_rock,direct,1.0137778709914647E-06,1.0137778709914647E-06,0,1,2.0454295923673074E-09,1076.07,1090.7,-0.657432,NA
105,398,disc,5250,compact,461,1,belt_rock,direct,4.707719276633363E-05,4.707719276633363E-05,0,1,6.017205045739623E-07,6816.84,6812.86,-0.453142,NA
105,399,disc,5250,compact,1793,1,belt_rock,direct,2.0437379302111744E-05,2.0437379302111744E-05,0,1,1.72061964364845E-07,4490.12,4504.54,-0.529595,NA
106,400,disc,5250,compact,1209,1,belt_rock,direct,6.80547796015723E-05,6.80547796015723E-05,0,1,0.0001042321267427913,816849,815290,-1.68122,NA
106,401,disc,5250,compact,623,1,belt_rock,direct,0.00011610893657943614,0.00011610893657943614,0,1,3.6310113394812843E-06,16678.6,16662.9,-0.4485,NA
106,402,disc,5250,compact,1168,1,belt_rock,direct,1.9350455810520844E-05,1.9350455810520844E-05,0,1,2.7324736163234477E-07,7531.19,7531.15,-1.71418,NA
106,403,disc,5250,compact,1965,1,belt_rock,direct,8.278030505257026E-06,8.278030505257026E-06,0,1,1.372164875190235E-06,88405.2,88123.5,-1.69262,NA
106,404,disc,5250,compact,1339,1,belt_rock,direct,3.905475195064676E-06,3.905475195064676E-06,0,1,3.440139164992514E-08,4697.87,4740.32,-0.60921,NA
107,405,disc,5250,compact,1484,1,belt_rock,direct,4.430816686231014E-06,4.430816686231014E-06,0,1,1.6924216488082922E-08,2037.15,2040.76,-0.58322,NA
107,406,disc,5250,compact,1603,1,belt_rock,direct,3.4552967426719834E-06,3.4552967426719834E-06,0,1,1.486884471917515E-07,22950.4,22914.5,-0.487188,NA
108,407,disc,5250,compact,1796,1,belt_rock,direct,6.415832915066964E-05,6.415832915066964E-05,0,1,7.26121155139088E-08,603.608,604.616,-0.510305,NA
108,408,disc,5250,compact,266,1,belt_rock,direct,6.330910650601656E-05,6.330910650601656E-05,0,1,8.258810586480342E-08,695.745,699.928,-0.590006,NA
108,409,disc,5250,compact,372,1,belt_rock,direct,3.8460660293015666E-05,3.8460660293015666E-05,0,1,6.704623947336132E-08,929.729,933.523,-0.512627,NA
108,410,disc,5250,compact,1495,1,belt_rock,direct,8.984992138900392E-06,8.984992138900392E-06,0,1,2.978146657901228E-07,17677.8,17706.8,-1.65169,NA
109,411,disc,5250,compact,1957,1,belt_rock,direct,1.7879690950729936E-05,1.7879690950729936E-05,0,1,2.6756627004242965E-06,79812.3,79907.9,-1.65792,NA
109,412,disc,5250,compact,37,1,belt_rock,direct,9.842480692421445E-07,9.842480692421445E-07,0,1,2.6334174188922764E-09,1426.97,1442.68,-0.661463,NA
109,413,disc,5250,compact,718,1,belt_rock,direct,1.2597604242213122E-05,1.2597604242213122E-05,0,1,3.9278468988791787E-07,16629,16670.7,-1.72159,NA
109,414,disc,5250,compact,1275,1,belt_rock,direct,4.012249614137483E-05,4.012249614137483E-05,0,1,3.6543038031744556E-06,48575.3,48477.3,-1.69338,NA
110,415,disc,5250,compact,1842,1,belt_rock,direct,1.2423785397316495E-05,1.2423785397316495E-05,0,1,3.18121811925294E-08,1365.65,1366.74,-0.51974,NA
110,416,disc,5250,compact,930,1,belt_rock,direct,2.1330231878642116E-05,2.1330231878642116E-05,0,1,2.2447475651116105E-06,56126.8,56242.8,-0.441869,NA
110,417,disc,5250,compact,963,1,belt_rock,direct,0.00010488459481708322,0.00010488459481708322,0,1,1.5557255039422498E-07,791.079,792.503,-0.453635,NA
110,418,disc,5250,compact,1663,1,belt_rock,direct,2.6432896563331884E-06,2.6432896563331884E-06,0,1,3.137171369379675E-08,6329.83,6378.4,-0.81617,NA
111,419,disc,5250,compact,57,1,belt_rock,direct,2.3499340889532652E-05,2.3499340889532652E-05,0,1,1.8441579643083196E-07,4185.44,4186.64,-0.437932,NA
111,420,disc,5250,compact,975,1,belt_rock,direct,2.7096107008394922E-05,2.7096107008394922E-05,0,1,3.0300641601898924E-07,5964.08,5963.63,-0.417496,NA
111,421,disc,5250,compact,1537,1,belt_rock,direct,1.4660697475782594E-05,1.4660697475782594E-05,0,1,1.948263440002607E-07,7087.48,7084.2,-0.400793,NA
112,422,disc,5250,compact,613,1,belt_rock,direct,1.1595941152839164E-06,1.1595941152839164E-06,0,1,3.086216557405035E-09,1419.45,1423.62,-1.92087,NA
112,423,disc,5250,compact,552,1,belt_rock,direct,5.1456242467987484E-05,5.1456242467987484E-05,0,1,1.3773720977854472E-07,1427.62,1429.34,-0.419543,NA
112,424,disc,5250,compact,546,1,belt_rock,direct,1.2059907046819269E-06,1.2059907046819269E-06,0,1,1.6853394585036571E-09,745.319,780.278,-0.880656,NA
112,425,disc,5250,compact,133,1,belt_rock,direct,4.5063835420122536E-06,4.5063835420122536E-06,0,1,1.7842185859290253E-08,2111.63,2148.61,-0.546475,NA
113,426,disc,5250,compact,1719,1,belt_rock,direct,7.858120811876666E-07,7.858120811876666E-07,0,1,1.4694764668874413E-09,997.339,1003.1,-0.804716,NA
113,427,disc,5250,compact,142,1,belt_rock,direct,8.380647181948051E-07,8.380647181948051E-07,0,1,1.194955191292711E-09,760.454,770.72,-0.659289,NA
113,428,disc,5250,compact,1945,1,belt_rock,direct,2.365372051264526E-05,2.365372051264526E-05,0,1,5.8751325692128404E-08,1324.7,1327.17,-1.64049,NA
113,429,disc,5250,compact,91,1,belt_rock,direct,3.1876191698385306E-06,3.1876191698385306E-06,0,1,9.7568588818104E-08,16324.6,16359.5,-0.612702,NA
113,430,disc,5250,compact,483,1,belt_rock,direct,6.173608964044709E-06,6.173608964044709E-06,0,1,1.4968829886261415E-07,12931.5,12922.3,-0.410702,NA
113,431,disc,5250,compact,1079,1,belt_rock,direct,2.151953079398538E-05,2.151953079398538E-05,0,1,1.3341985039204536E-06,33066.4,33028.3,-0.486054,NA
113,432,disc,5250,compact,911,1,belt_rock,direct,2.610443169231576E-06,2.610443169231576E-06,0,1,1.3045391642725309E-08,2665.27,2679.15,-0.434783,NA
113,433,disc,5250,compact,1922,1,belt_rock,direct,1.70045172037421E-06,1.70045172037421E-06,0,1,4.426931498419366E-08,13884.7,13885.7,-0.448648,NA
114,434,disc,5250,compact,1661,1,belt_rock,direct,7.35256862921162E-05,7.35256862921162E-05,0,1,1.9064231746962184E-06,13828.6,13824.8,-0.378407,NA
114,435,disc,5250,compact,758,1,belt_rock,direct,7.409078247737696E-06,7.409078247737696E-06,0,1,8.577687237268476E-09,617.454,618.155,-0.339705,NA
115,436,disc,5250,compact,1085,1,belt_rock,direct,7.693864779686134E-06,7.693864779686134E-06,0,1,2.122534982455653E-05,1.47133E+06,1.44149E+06,-0.269201,NA
115,437,disc,5250,compact,589,1,belt_rock,direct,3.227237865854014E-06,3.227237865854014E-06,0,1,3.441905339983329E-08,5688.09,5695.42,-0.442382,NA
116,438,disc,5250,compact,1435,1,belt_rock,direct,9.387441132364908E-05,9.387441132364908E-05,0,1,1.7742047192370057E-07,1007.99,1008.53,-0.397504,NA
116,439,disc,5250,compact,1018,1,belt_rock,direct,4.671645969638349E-05,4.671645969638349E-05,0,1,2.8377655015293465E-07,3239.7,3240.12,-0.354723,NA
116,440,disc,5250,compact,49,1,belt_rock,direct,9.288932985978536E-05,9.288932985978536E-05,0,1,1.1132731100081177E-07,639.197,641.71,-0.456908,NA
116,441,disc,5250,compact,1576,1,belt_rock,direct,8.087558641339983E-05,8.087558641339983E-05,0,1,0.00014527255338270262,957999,937728,-0.31765,NA
117,442,disc,5250,compact,567,1,belt_rock,direct,1.7492079797405458E-06,1.7492079797405458E-06,0,1,1.7952965838284264E-07,54738.6,54718.2,-1.77958,NA
117,443,disc,5250,compact,20,1,belt_rock,direct,3.565334157002391E-05,3.565334157002391E-05,0,1,9.068085663175769E-07,13564.8,13505.6,-0.212637,NA
117,444,disc,5250,compact,185,1,belt_rock,direct,6.571663516007635E-07,6.571663516007635E-07,0,1,2.11022188850614E-09,1712.58,1783.08,-2.29978,NA
117,445,disc,5250,compact,1136,1,belt_rock,direct,3.0736880472472424E-06,3.0736880472472424E-06,0,1,6.90526257264502E-08,11981.7,11980,-1.62708,NA
118,446,disc,5250,compact,1615,1,belt_rock,direct,6.642276704558427E-07,6.642276704558427E-07,0,1,4.320070526689916E-08,34687.5,34752.8,-1.73551,NA
118,447,disc,5250,compact,95,1,belt_rock,direct,4.0240080497728405E-05,4.0240080497728405E-05,0,1,1.1223093055683953E-06,14874.8,14920.5,-1.51117,NA
121,448,disc,5250,compact,1768,1,belt_rock,direct,9.071697703769202E-05,9.071697703769202E-05,0,1,1.7290905109617803E-07,1016.55,1020.83,-0.414891,NA
121,449,disc,5250,compact,989,1,belt_rock,direct,1.917221318723596E-06,1.917221318723596E-06,0,1,1.4899814974018775E-09,414.484,421.068,-0.476004,NA
121,450,disc,5250,compact,1592,1,belt_rock,direct,1.2343146646997553E-05,1.2343146646997553E-05,0,1,1.0469798602623596E-08,452.388,456.154,-0.370972,NA
122,451,disc,5250,compact,641,1,belt_rock,direct,2.44708954687738E-05,2.44708954687738E-05,0,1,1.9830783885816926E-08,432.204,433.218,-0.37499,NA
122,452,disc,5250,compact,1467,1,belt_rock,direct,2.4978824165330255E-05,2.4978824165330255E-05,0,1,2.1463937177894896E-07,4582.86,4579.75,-0.254666,NA
123,453,disc,5250,compact,1587,1,belt_rock,direct,7.347953748543736E-07,7.347953748543736E-07,0,1,4.822338482664363E-08,35001.8,35086.5,-1.64338,NA
124,454,disc,5250,compact,755,1,belt_rock,direct,1.755233143876677E-05,1.755233143876677E-05,0,1,5.772324870966422E-07,17539.4,17547.1,-1.73357,NA
124,455,disc,5250,compact,564,1,belt_rock,direct,0.0001317981074711577,0.0001317981074711577,0,1,3.2723551483177597E-07,1324.19,1325.21,-0.289937,NA
124,456,disc,5250,compact,149,1,belt_rock,direct,1.6488790161158572E-05,1.6488790161158572E-05,0,1,1.8286416676967587E-07,5914.78,5914.12,-0.286576,NA
124,457,disc,5250,compact,823,1,belt_rock,direct,2.8479255168940173E-05,2.8479255168940173E-05,0,1,8.032924425031548E-08,1504.33,1512.18,-0.43863,NA
124,458,disc,5250,compact,1252,1,belt_rock,direct,6.589394411241986E-07,6.589394411241986E-07,0,1,7.467422363655475E-08,60439.9,60583.2,-2.31673,NA
125,459,disc,5250,compact,409,1,belt_rock,direct,8.808260121762182E-05,8.808260121762182E-05,0,1,9.165401373146765E-08,554.958,555.445,-0.302622,NA
125,460,disc,5250,compact,2001,1,belt_rock,direct,0.00012015228625507034,0.00012015228625507034,0,1,1.5916877158785086E-06,7065.2,7065.39,-1.59194,NA
125,461,disc,5250,compact,652,1,belt_rock,direct,1.7072498435038183E-05,1.7072498435038183E-05,0,1,2.4619132769514804E-08,769.085,770.465,-0.317853,NA
125,462,disc,5250,compact,468,1,belt_rock,direct,6.760941920900544E-07,6.760941920900544E-07,0,1,2.1471464975534254E-08,16937.7,17075.8,-2.11226,NA
126,463,disc,5250,compact,993,1,belt_rock,direct,0.0001254776588599695,0.0001254776588599695,0,1,1.1540361449660779E-07,490.514,492.913,-0.270633,NA
128,464,disc,5250,compact,1888,1,belt_rock,direct,3.210729682567852E-05,3.210729682567852E-05,0,1,1.720656405680409E-08,285.818,286.109,-0.335307,NA
128,465,disc,5250,compact,314,1,belt_rock,direct,6.861137703462858E-07,6.861137703462858E-07,0,1,9.402224568258982E-10,730.858,748.545,-0.397223,NA
128,466,disc,5250,compact,958,1,belt_rock,direct,0.00010772630079587851,0.00010772630079587851,0,1,1.622564986691718E-06,8033.02,8016.24,-1.46366,NA
128,467,disc,5250,compact,286,1,belt_rock,direct,1.4715422455282121E-06,1.4715422455282121E-06,0,1,1.2525261344241885E-09,453.955,463.826,-0.363997,NA
129,468,disc,5250,compact,359,1,belt_rock,direct,5.71547734269214E-07,5.71547734269214E-07,0,1,8.153623519793293E-10,760.846,764.27,-0.262128,NA
130,469,disc,5250,compact,1510,1,belt_rock,direct,4.306192008560216E-05,4.306192008560216E-05,0,1,6.590932523445806E-08,816.305,817.997,-0.224694,NA
130,470,disc,5250,compact,1315,1,belt_rock,direct,2.450166608871747E-06,2.450166608871747E-06,0,1,4.305518937157674E-09,937.192,938.32,-0.16188,NA
131,471,disc,5250,compact,1939,1,belt_rock,direct,2.949322720062133E-05,2.949322720062133E-05,0,1,6.100021317005281E-07,11030.8,11011.6,-1.46903,NA
131,472,disc,5250,compact,252,1,belt_rock,direct,4.4849407599709095E-05,4.4849407599709095E-05,0,1,4.064058622106861E-06,48328.4,49879.6,-1.31911,NA
132,473,disc,5250,compact,87,1,belt_rock,direct,5.39121690362673E-05,5.39121690362673E-05,0,1,6.053391942272805E-08,598.84,599.374,-0.240973,NA
132,474,disc,5250,compact,235,1,belt_rock,direct,1.4405544427292999E-05,1.4405544427292999E-05,0,1,9.20824276427577E-09,340.915,341.395,-0.30342,NA
132,475,disc,5250,compact,1601,1,belt_rock,direct,5.976655914465784E-05,5.976655914465784E-05,0,1,3.441708635328895E-07,3071.25,3071.71,-0.190275,NA
132,476,disc,5250,compact,1000,1,belt_rock,direct,0.00012934194966434078,0.00012934194966434078,0,1,1.822158269848463E-07,751.355,752.667,-0.185784,NA
132,477,disc,5250,compact,1962,1,belt_rock,direct,9.979508100602019E-05,9.979508100602019E-05,0,1,2.006929359431268E-06,10725.6,10719.5,-1.51776,NA
132,478,disc,5250,compact,1562,1,belt_rock,direct,8.475647236098885E-07,8.475647236098885E-07,0,1,5.910612794040386E-10,371.928,378.642,-0.369271,NA
133,479,disc,5250,compact,1524,1,belt_rock,direct,2.104579371651506E-06,2.104579371651506E-06,0,1,7.955351641312739E-09,2016.01,2030.42,-0.245002,NA
133,480,disc,5250,compact,1669,1,belt_rock,direct,9.70229957654932E-07,9.70229957654932E-07,0,1,2.651838371756329E-09,1457.71,1478.25,-0.298399,NA
133,481,disc,5250,compact,1824,1,belt_rock,direct,3.4152690131927634E-06,3.4152690131927634E-06,0,1,2.2622819738665545E-09,353.281,348.176,-0.410327,NA
134,482,disc,5250,compact,446,1,belt_rock,direct,4.032809285154226E-05,4.032809285154226E-05,0,1,4.663278875093493E-07,6167.12,6173.01,-1.39738,NA
135,483,disc,5250,compact,949,1,belt_rock,direct,2.756140363686949E-05,2.756140363686949E-05,0,1,5.82413726755039E-08,1127.01,1129.81,-0.365853,NA
135,484,disc,5250,compact,1296,1,belt_rock,direct,1.1657210236507284E-05,1.1657210236507284E-05,0,1,2.753302544332286E-08,1259.67,1260.87,-0.242596,NA
135,485,disc,5250,compact,334,1,belt_rock,direct,4.308944311136485E-05,4.308944311136485E-05,0,1,9.40600225539202E-07,11642.1,11655.3,-1.39987,NA
135,486,disc,5250,compact,594,1,belt_rock,direct,7.472514671847851E-05,7.472514671847851E-05,0,1,7.823638824574607E-08,558.394,560.397,-0.155375,NA
136,487,disc,5250,compact,828,1,belt_rock,direct,0.00011209219815912778,0.00011209219815912778,0,1,1.4225885923040309E-06,6768.66,6772.41,-1.3563,NA
136,488,disc,5250,compact,879,1,belt_rock,direct,9.798579366566776E-05,9.798579366566776E-05,0,1,4.6288566518708385E-08,251.947,252.438,-0.224131,NA
136,489,disc,5250,compact,1172,1,belt_rock,direct,2.9099507511423463E-06,2.9099507511423463E-06,0,1,2.365277141543064E-09,433.506,437.585,-0.276955,NA
138,490,disc,5250,compact,751,1,belt_rock,direct,7.41273793364315E-06,7.41273793364315E-06,0,1,1.5025733817760881E-06,108107,108771,-1.44326,NA
138,491,disc,5250,compact,1134,1,belt_rock,direct,8.924080564230254E-06,8.924080564230254E-06,0,1,6.082778240191537E-09,363.527,366.637,-0.205623,NA
139,492,disc,5250,compact,271,1,belt_rock,direct,0.00011877250016941795,0.00011877250016941795,0,1,1.0649550790811023E-07,478.205,479.321,-0.130349,NA
139,493,disc,5250,compact,1730,1,belt_rock,direct,5.567309516196196E-05,5.567309516196196E-05,0,1,3.890542645557887E-08,372.704,372.749,-0.0264651,NA
139,494,disc,5250,compact,1769,1,belt_rock,direct,5.042573642892483E-05,5.042573642892483E-05,0,1,7.346524632048178E-07,7770.13,7793.09,-1.34427,NA
140,495,disc,5250,compact,1452,1,belt_rock,direct,7.037781996544973E-05,7.037781996544973E-05,0,1,6.327423165239839E-08,479.501,479.961,-0.12323,NA
141,496,disc,5250,compact,887,1,belt_rock,direct,7.965475802264203E-05,7.965475802264203E-05,0,1,7.050573338917729E-08,472.075,474.224,-0.0848862,NA
142,497,disc,5250,compact,1012,1,belt_rock,direct,8.40847352895653E-07,8.40847352895653E-07,0,1,4.487723451399314E-09,2846.48,2854.19,-1.70496,NA
142,498,disc,5250,compact,803,1,belt_rock,direct,3.556692968556596E-05,3.556692968556596E-05,0,1,2.784768123326363E-08,417.582,419.645,-0.110742,NA
142,499,disc,5250,compact,1885,1,belt_rock,direct,8.371051622944426E-06,8.371051622944426E-06,0,1,1.2762734607655724E-07,8131.35,8158.96,-1.36878,NA
142,500,disc,5250,compact,783,1,belt_rock,direct,3.105662594738268E-05,3.105662594738268E-05,0,1,2.6474944197240594E-08,454.652,457.68,-0.0989229,NA
142,501,disc,5250,compact,1711,1,belt_rock,direct,1.320793556915744E-05,1.320793556915744E-05,0,1,6.009233667410976E-06,242651,238752,-1.39556,NA
143,502,disc,5250,compact,1589,1,belt_rock,direct,7.471040802500776E-06,7.471040802500776E-06,0,1,3.33712070198232E-09,238.226,238.25,-0.180602,NA
143,503,disc,5250,compact,1491,1,belt_rock,direct,0.00011635959464881825,0.00011635959464881825,0,1,3.4667953261829394E-06,15890,15982,-1.32744,NA
143,504,disc,5250,compact,225,1,belt_rock,direct,2.7820432522966263E-05,2.7820432522966263E-05,0,1,2.9426399537774415E-08,564.121,567.481,-0.06723,NA
144,505,disc,5250,compact,234,1,belt_rock,direct,8.288359346210609E-05,8.288359346210609E-05,0,1,8.762472405995E-05,563841,566213,-1.37808,NA
144,506,disc,5250,compact,1444,1,belt_rock,direct,1.9465183802320112E-05,1.9465183802320112E-05,0,1,2.397315679571339E-07,6568.49,6576.13,-1.35133,NA
144,507,disc,5250,compact,399,1,belt_rock,direct,2.9512439191423377E-05,2.9512439191423377E-05,0,1,4.105811604750902E-06,74198.1,74714.6,-1.43906,NA
145,508,disc,5250,compact,1520,1,belt_rock,direct,8.934495350431857E-05,8.934495350431857E-05,0,1,1.9037621616741691E-06,11364.3,11372.8,-1.33636,NA
145,509,disc,5250,compact,195,1,belt_rock,direct,5.1448365714191196E-05,5.1448365714191196E-05,0,1,5.436719701595333E-06,56359.1,56457.1,-1.48524,NA
145,510,disc,5250,compact,1735,1,belt_rock,direct,9.794543967432963E-05,9.794543967432963E-05,0,1,3.919822074231026E-08,213.442,212.053,-0.153247,NA
145,511,disc,5250,compact,450,1,belt_rock,direct,3.0108871248174622E-05,3.0108871248174622E-05,0,1,1.2266754168729551E-06,21728.7,21882.4,-1.33755,NA
146,512,disc,5250,compact,1181,1,belt_rock,direct,7.202975522499555E-05,7.202975522499555E-05,0,1,1.2878258392709844E-07,953.551,955.886,-0.0111109,NA
146,513,disc,5250,compact,1374,1,belt_rock,direct,0.0001129316536205029,0.0001129316536205029,0,1,6.848036802923807E-07,3234.07,3251.67,-1.24221,NA
147,514,disc,5250,compact,1088,1,belt_rock,direct,2.1267001709089025E-05,2.1267001709089025E-05,0,1,1.167774385365245E-05,292854,296572,-1.37148,NA
149,515,disc,5250,compact,1865,1,belt_rock,direct,0.00011936277716287058,0.00011936277716287058,0,1,7.078034457255528E-08,316.259,316.485,-0.0217133,NA
150,516,disc,5250,compact,559,1,belt_rock,direct,1.1357896848324875E-05,1.1357896848324875E-05,0,1,8.369091131065952E-09,392.988,394.681,-0.0336215,NA
150,517,disc,5250,compact,711,1,belt_rock,direct,8.898110380236157E-05,8.898110380236157E-05,0,1,8.158054218836549E-06,48897.6,49162.6,-1.32254,NA
150,518,disc,5250,compact,512,1,belt_rock,direct,4.9784606792467255E-05,4.9784606792467255E-05,0,1,2.2313065186703638E-08,239.036,237.753,-0.0884785,NA
150,519,disc,5250,compact,1157,1,belt_rock,direct,3.397109231853667E-05,3.397109231853667E-05,0,1,4.409363466311253E-08,692.253,NaN,0.0324888,NA
150,520,disc,5250,compact,1741,1,belt_rock,direct,8.238842902975151E-07,8.238842902975151E-07,0,1,4.3903008625492095E-07,284202,288367,-1.42549,NA
151,521,disc,5250,compact,1382,1,belt_rock,direct,2.8231105043498545E-05,2.8231105043498545E-05,0,1,5.240222263709959E-08,989.967,NaN,0.013673,NA
151,522,disc,5250,compact,116,1,belt_rock,direct,1.156747154685607E-05,1.156747154685607E-05,0,1,4.347307494796917E-09,200.438,200.057,-0.0821044,NA
151,523,disc,5250,compact,694,1,belt_rock,direct,7.677633260181478E-05,7.677633260181478E-05,0,1,2.678937604331445E-08,186.095,186.016,-0.0637174,NA
151,524,disc,5250,compact,1934,1,belt_rock,direct,2.430553554018905E-06,2.430553554018905E-06,0,1,3.5300379781492835E-09,774.592,783.652,-0.0640094,NA
151,525,stream,5250,compact,298,1,belt_rock,direct,5.122111533905549E-05,0,5.122111533905549E-05,0,0,NaN,NaN,0.0235498,NA
151,526,stream,5250,compact,1066,1,belt_rock,direct,8.273128545203E-05,0,8.273128545203E-05,0,0,NaN,NaN,0.0642871,NA
152,527,disc,5250,compact,1596,1,belt_rock,direct,1.2105743204383435E-05,1.2105743204383435E-05,0,1,1.548009600250045E-08,681.995,685.157,-0.206182,NA
152,528,stream,5250,compact,1440,1,belt_rock,direct,0.0001210779772603047,0,0.0001210779772603047,0,0,NaN,NaN,0.0304678,NA
152,529,disc,5250,compact,1799,1,belt_rock,direct,0.00011521185756863959,0.00011521185756863959,0,1,1.1539206479770634E-06,5341.68,5368.58,-1.26121,NA
153,530,disc,5250,compact,784,1,belt_rock,direct,6.567625027153533E-07,6.567625027153533E-07,0,1,5.066823750613605E-09,4114.59,4129.52,-1.58547,NA
154,531,disc,5250,compact,1933,1,belt_rock,direct,1.0549610353758881E-05,1.0549610353758881E-05,0,1,1.0005961070213614E-08,505.849,510.085,-0.118965,NA
154,532,stream,5250,compact,670,1,belt_rock,direct,0.00012727432227177229,0,0.00012727432227177229,0,0,NaN,NaN,0.0973517,NA
154,533,stream,5250,compact,457,1,belt_rock,direct,4.4528746267362255E-05,0,4.4528746267362255E-05,0,0,NaN,NaN,0.0689234,NA
154,534,disc,5250,compact,255,1,belt_rock,direct,6.699307244513222E-07,6.699307244513222E-07,0,1,7.962942078998964E-09,6339.32,6467.75,-1.64962,NA
155,535,disc,5250,compact,373,1,belt_rock,direct,7.469577306305666E-05,7.469577306305666E-05,0,1,3.796083637994264E-08,271.043,271.104,-0.00280855,NA
155,536,stream,5250,compact,1862,1,belt_rock,direct,3.26574949180363E-05,0,3.26574949180363E-05,0,0,NaN,NaN,0.0527571,NA
155,537,disc,5250,compact,1015,1,belt_rock,direct,1.4759848262082786E-06,1.4759848262082786E-06,0,1,1.4438995257790017E-09,521.74,NaN,0.0198466,NA
155,538,disc,5250,compact,1978,1,belt_rock,direct,0.00011259015639696114,0.00011259015639696114,0,1,3.9931024222329877E-07,1891.51,1903.12,-1.16692,NA
156,539,disc,5250,compact,763,1,belt_rock,direct,0.00010380181747515183,0.00010380181747515183,0,1,1.0710893483233448E-06,5503.25,5508.03,-1.26242,NA
156,540,stream,5250,compact,1476,1,belt_rock,direct,0.0001262194809869094,0,0.0001262194809869094,0,0,NaN,NaN,0.132174,NA
156,541,stream,5250,compact,167,1,belt_rock,direct,6.034941933529422E-07,0,6.034941933529422E-07,0,0,NaN,NaN,0.0230491,NA
156,542,disc,5250,compact,1857,1,belt_rock,direct,8.835951039582826E-05,8.835951039582826E-05,0,1,2.733515959451575E-08,164.994,164.518,-0.0129683,NA
157,543,disc,5250,compact,1014,1,belt_rock,direct,6.596091333289716E-07,6.596091333289716E-07,0,1,4.4793962926931415E-10,362.186,361.987,-0.0874705,NA
157,544,disc,5250,compact,272,1,belt_rock,direct,2.9545611727383015E-05,2.9545611727383015E-05,0,1,4.0485274648292346E-08,730.807,NaN,0.0263563,NA
159,545,disc,5250,compact,773,1,belt_rock,direct,0.00012578072484560593,0.00012578072484560593,0,1,6.025576640123293E-07,2554.95,2557.04,-1.21591,NA
159,546,stream,5250,compact,1159,1,belt_rock,direct,6.909145079581102E-06,0,6.909145079581102E-06,0,0,NaN,NaN,0.123452,NA
159,547,disc,5250,compact,1205,1,belt_rock,direct,6.978824895209527E-07,6.978824895209527E-07,0,1,3.22917622745496E-09,2467.79,2503.25,-1.34349,NA
160,548,disc,5250,compact,609,1,belt_rock,direct,1.8951757198112603E-05,1.8951757198112603E-05,0,1,7.04662724722754E-08,1983.04,1997.3,-1.32229,NA
161,549,stream,5250,compact,1475,1,belt_rock,direct,4.218201890127638E-06,0,4.218201890127638E-06,0,0,NaN,NaN,0.229379,NA
163,550,disc,5250,compact,994,1,belt_rock,direct,3.8167254775536514E-06,3.8167254775536514E-06,0,1,9.811708394324269E-09,1371.05,1375.48,-1.25062,NA
164,551,stream,5250,compact,916,1,belt_rock,direct,0.00012061926724112709,0,0.00012061926724112709,0,0,NaN,NaN,0.231224,NA
165,552,disc,5250,compact,1547,1,belt_rock,direct,4.5285675251262435E-05,4.5285675251262435E-05,0,1,8.76269535277484E-08,1031.99,1034.22,-1.22065,NA
165,553,stream,5250,compact,349,1,belt_rock,direct,4.382867310386886E-06,0,4.382867310386886E-06,0,0,NaN,NaN,0.19924,NA
165,554,disc,5250,compact,1752,1,belt_rock,direct,1.179587966201296E-06,1.179587966201296E-06,0,1,2.5440547721495426E-09,1150.26,1220.05,-1.37639,NA
167,555,stream,5250,compact,404,1,belt_rock,direct,1.3097356185192657E-06,0,1.3097356185192657E-06,0,0,NaN,NaN,0.185336,NA
167,556,stream,5250,compact,1532,1,belt_rock,direct,1.7295664595614296E-05,0,1.7295664595614296E-05,0,0,NaN,NaN,0.260949,NA
167,557,stream,5250,compact,182,1,belt_rock,direct,4.6748446140421365E-06,0,4.6748446140421365E-06,0,0,NaN,NaN,0.252424,NA
171,558,stream,5250,compact,1766,1,belt_rock,direct,1.9482208707281794E-05,0,1.9482208707281794E-05,0,0,NaN,NaN,0.32133,NA
171,559,stream,5250,compact,950,1,belt_rock,direct,2.5791527908387645E-06,0,2.5791527908387645E-06,0,0,NaN,NaN,0.34679,NA
172,560,disc,5250,compact,1438,1,belt_rock,direct,0.0001279705373526354,0.0001279705373526354,0,1,1.405126561429275E-07,585.604,586.387,-0.972169,NA
172,561,stream,5250,compact,1583,1,belt_rock,direct,3.8394378171611544E-05,0,3.8394378171611544E-05,0,0,NaN,NaN,0.535674,NA
172,562,stream,5250,compact,1457,1,belt_rock,direct,4.8422393066113286E-05,0,4.8422393066113286E-05,0,0,NaN,NaN,0.40144,NA
173,563,stream,5250,compact,528,1,belt_rock,direct,1.104892901189293E-05,0,1.104892901189293E-05,0,0,NaN,NaN,0.40721,NA
173,564,stream,5250,compact,985,1,belt_rock,direct,2.095591774440787E-05,0,2.095591774440787E-05,0,0,NaN,NaN,0.396426,NA
173,565,stream,5250,compact,1940,1,belt_rock,direct,3.325199595134104E-06,0,3.325199595134104E-06,0,0,NaN,NaN,0.379278,NA
175,566,disc,5250,compact,408,1,belt_rock,direct,2.819705921748107E-05,2.819705921748107E-05,0,1,2.7941298156089247E-08,528.496,529.371,-0.954631,NA
176,567,disc,5250,compact,85,1,belt_rock,direct,1.7553329625547384E-05,1.7553329625547384E-05,0,1,1.3445782828339274E-08,408.531,412.151,-1.00222,NA
178,568,stream,5250,compact,3,1,planet,direct,1,0,1,0,0,NaN,NaN,0.605143,NA
178,569,stream,5250,compact,9,1,moon,direct,0.0123,0,0.0123,0,0,NaN,NaN,0.501694,NA
178,570,disc,5250,compact,170,1,belt_rock,direct,8.30938776083229E-06,8.30938776083229E-06,0,1,6.195954006123072E-09,397.684,401.423,-1.21628,NA
178,571,disc,5250,compact,1973,1,belt_rock,direct,3.2809870088945334E-05,3.2809870088945334E-05,0,1,2.0331990364320597E-08,330.502,333.871,-1.04509,NA
178,572,stream,5250,compact,18,1,belt_rock,direct,5.2788493203360066E-05,0,5.2788493203360066E-05,0,0,NaN,NaN,0.560279,NA
179,573,disc,5250,compact,1213,1,belt_rock,direct,7.64086762540597E-05,7.64086762540597E-05,0,1,4.237612386686014E-08,295.786,299.628,-0.89679,NA
179,574,stream,5250,compact,410,1,belt_rock,direct,0.0001268273229432273,0,0.0001268273229432273,0,0,NaN,NaN,0.649313,NA
181,575,disc,5250,compact,845,1,belt_rock,direct,8.222151829816716E-05,8.222151829816716E-05,0,1,4.610353208206867E-08,299.052,302.76,-0.832401,NA
181,576,stream,5250,compact,1684,1,belt_rock,direct,1.425326113367588E-05,0,1.425326113367588E-05,0,0,NaN,NaN,0.657236,NA
182,577,stream,5250,compact,1505,1,belt_rock,direct,8.063034332033222E-05,0,8.063034332033222E-05,0,0,NaN,NaN,0.7266,NA
183,578,stream,5250,compact,200,1,belt_rock,direct,8.968336823576334E-05,0,8.968336823576334E-05,0,0,NaN,NaN,0.800337,NA
183,579,stream,5250,compact,915,1,belt_rock,direct,8.281500138906002E-05,0,8.281500138906002E-05,0,0,NaN,NaN,0.654588,NA
184,580,stream,5250,compact,178,1,belt_rock,direct,7.148042288658846E-05,0,7.148042288658846E-05,0,0,NaN,NaN,0.762348,NA
186,581,stream,5250,compact,1,1,planet,direct,0.0553,0,0.0553,0,0,NaN,NaN,1.13071,NA
187,582,stream,0,sun,1514,1,belt_rock,direct,2.570758618797337E-05,0,2.570758618797337E-05,0,0,NaN,NaN,0.394557,NA
189,583,disc,5250,compact,1469,1,belt_rock,direct,3.474134504700695E-05,3.474134504700695E-05,0,1,7.89295132534469E-09,121.169,122.718,-1.21378,NA
195,584,disc,5250,compact,1405,1,belt_rock,direct,2.759866192362418E-05,2.759866192362418E-05,0,1,6.881766585233703E-09,132.987,136.711,-0.883481,NA
201,585,disc,5250,compact,935,1,belt_rock,direct,6.124858892125132E-05,6.124858892125132E-05,0,1,2.4767666697373683E-07,2156.69,6.14014,-7.31248,NA
201,586,disc,5250,compact,1450,1,belt_rock,direct,0.0001066156866107117,0.0001066156866107117,0,1,1.6517083094769757E-08,82.6249,NaN,0.119819,NA
211,587,disc,5250,compact,969,1,belt_rock,direct,1.3584039054105519E-06,1.3584039054105519E-06,0,1,2.3672417168143587E-09,929.421,943.586,-7.06078,NA
213,588,disc,5250,compact,822,1,belt_rock,direct,8.60588281831528E-05,8.60588281831528E-05,0,1,4.631588206088699E-08,287.034,289.327,-7.31219,NA
215,589,disc,5250,compact,1358,1,belt_rock,direct,5.5148323525593856E-05,5.5148323525593856E-05,0,1,2.6213258735536876E-08,253.506,254.562,-1.98274,NA
219,590,disc,5250,compact,632,1,belt_rock,direct,1.2948120316980612E-05,1.2948120316980612E-05,0,1,6.614501569242824E-09,272.451,273.947,-2.00445,NA
219,591,disc,5250,compact,1950,1,belt_rock,direct,1.89057783997806E-05,1.89057783997806E-05,0,1,8.38407873999165E-09,236.515,236.77,-1.78103,NA
220,592,disc,5250,compact,379,1,belt_rock,direct,1.06646324355252E-05,1.06646324355252E-05,0,1,5.124222957225832E-09,256.26,256.793,-1.98971,NA
220,593,disc,5250,compact,560,1,belt_rock,direct,5.360621325778537E-05,5.360621325778537E-05,0,1,1.0794320773168802E-08,107.394,107.9,-5.98391,NA
222,594,disc,5250,compact,1550,1,belt_rock,direct,7.657662953358019E-06,7.657662953358019E-06,0,1,3.0625506905235093E-09,213.298,212.532,-1.89029,NA
224,595,disc,5250,compact,1210,1,belt_rock,direct,8.701675026262705E-07,8.701675026262705E-07,0,1,5.33125806979005E-10,326.758,324.371,-2.0648,NA
224,596,disc,5250,compact,573,1,belt_rock,direct,7.446667543988237E-05,7.446667543988237E-05,0,1,3.1567329136975084E-08,226.086,226.738,-1.85107,NA
228,597,disc,5250,compact,1854,1,belt_rock,direct,9.121468246280561E-05,9.121468246280561E-05,0,1,2.6283876757715724E-08,153.682,153.582,-1.69003,NA
229,598,disc,5250,compact,19,1,belt_rock,direct,8.206855747342891E-05,8.206855747342891E-05,0,1,2.647378722851669E-08,172.043,171.933,-1.72877,NA
232,599,disc,5250,compact,1903,1,belt_rock,direct,3.155502110783343E-05,3.155502110783343E-05,0,1,7.718845927930356E-09,130.462,130.548,-1.55779,NA
234,600,disc,5250,compact,1740,1,belt_rock,direct,8.830017813634963E-05,8.830017813634963E-05,0,1,1.2785392492718666E-08,77.2238,77.2427,-1.13635,NA
235,601,disc,5250,compact,724,1,belt_rock,direct,1.944871047049269E-05,1.944871047049269E-05,0,1,6.5399216882819585E-09,179.341,178.581,-1.6968,NA
237,602,disc,5250,compact,1560,1,belt_rock,direct,0.00011256195313156544,0.00011256195313156544,0,1,1.1639891529668097E-08,55.1513,55.1473,-1.10333,NA
248,603,disc,5250,compact,469,1,belt_rock,direct,3.480402072766196E-05,3.480402072766196E-05,0,1,9.920912676808758E-09,152.027,151.698,-1.55081,NA
248,604,disc,5250,compact,1695,1,belt_rock,direct,0.0001050863130110783,0.0001050863130110783,0,1,4.297173280913173E-08,218.09,218.856,-1.61182,NA
251,605,disc,5250,compact,1268,1,belt_rock,direct,6.022738869411063E-05,6.022738869411063E-05,0,1,1.5003512429998582E-08,132.861,132.92,-1.45007,NA
252,606,disc,5250,compact,60,1,belt_rock,direct,3.969287064508921E-05,3.969287064508921E-05,0,1,5.7100931387939595E-09,76.7237,76.6977,-1.00513,NA
253,607,disc,5250,compact,815,1,belt_rock,direct,6.327516872018089E-05,6.327516872018089E-05,0,1,2.410778058240788E-08,203.2,203.44,-1.5759,NA
255,608,disc,5250,compact,1069,1,belt_rock,direct,7.0186138085546636E-06,7.0186138085546636E-06,0,1,2.8896038069798575E-09,219.576,219.228,-1.57583,NA
264,609,disc,5250,compact,1927,1,belt_rock,direct,8.156357114200867E-05,8.156357114200867E-05,0,1,2.6528786280317292E-08,173.468,173.156,-1.48438,NA
266,610,disc,5250,compact,1691,1,belt_rock,direct,7.99598800209545E-05,7.99598800209545E-05,0,1,2.611998830218439E-08,174.221,173.84,-1.47202,NA
271,611,disc,5250,compact,1434,1,belt_rock,direct,7.800129872908682E-05,7.800129872908682E-05,0,1,1.3984549057988906E-08,95.6193,95.635,-1.33817,NA
320,612,disc,5250,compact,811,1,belt_rock,direct,5.316428066498142E-05,5.316428066498142E-05,0,1,6.1845129600942685E-09,62.0418,62.0101,-1.16332,NA
771,613,disc,5250,compact,6,1,planet,direct,95.20003344511896,95.20003344511896,0,1,0.005944728592500781,33.3038,33.2946,-0.556946,NA
1210,614,stream,2,puller,1895,1,belt_rock,direct,2.542333325669472E-05,0,0,0,0,NaN,NaN,4.98241,NA
1321,615,stream,2,puller,1578,1,belt_rock,direct,2.2657187153962727E-05,0,0,0,0,NaN,NaN,14.297,NA
1480,616,stream,2,puller,5137,1,saturn_ring_ice,direct,6.305560446268028E-07,0,0,0,0,NaN,NaN,5.27103,NA
1946,617,stream,8,puller,2147,1,kuiper_ice,direct,4.0670738708037626E-05,0,0,0,0,NaN,NaN,0.517307,NA
