step,mass_total_direct,mass_resid_rel,alive_mass,disc_mass,reservoir_mass,escaped_mass,accreted_in_host_mass_info,frozen_disc_mass,px_resid_over_sum_m_v,py_resid_over_sum_m_v,elem_Khí nhẹ_resid_rel,elem_Băng_resid_rel,elem_Đá_resid_rel,elem_Kim loại_resid_rel,elem_Carbon_resid_rel,elem_Phóng xạ_resid_rel
1,120.0720139192751,0,120.07201389202476,2.7003135588651175E-08,0,2.471951936140078E-10,9.1215941061568E-12,0,1.2741E-06,-3.66241E-09,0,-2.61034E-16,-1.43921E-16,1.64835E-16,0,-1.92738E-16
2,120.0720139192751,0,120.07201389205922,2.6968674401986908E-08,0,2.471951936140078E-10,4.3582780770429174E-11,0,2.53665E-06,-4.03008E-09,0,3.9155E-16,0,1.64835E-16,-1.49796E-16,1.92738E-16
3,120.0720139192751,0,120.07201388006723,3.896066214276622E-08,0,2.471951936140078E-10,1.0155893536537754E-10,0,3.79906E-06,-7.28797E-09,0,1.30517E-16,1.43921E-16,1.64835E-16,0,-9.63691E-16
4,120.07201391927511,1.18353E-16,120.07201387434668,4.4681216118610015E-08,0,2.471951936140078E-10,1.88078896832918E-10,0,5.01629E-06,-2.55511E-08,0,1.30517E-16,-1.43921E-16,-4.94506E-16,0,-5.78214E-16
5,120.0720139192751,0,120.072013874086,4.494191977493897E-08,0,2.471951936140078E-10,3.042789204265999E-10,0,6.23557E-06,-2.4235E-08,0,-1.30517E-16,0,1.64835E-16,4.49388E-16,-3.85476E-16
6,120.07201391927511,1.18353E-16,120.07201386973807,4.928985197161223E-08,0,2.471951936140078E-10,4.450428015711868E-10,0,7.48003E-06,-2.36835E-08,0,0,0,-1.64835E-16,0,0
7,120.07201391927512,2.36706E-16,120.07201386991076,4.9117145329564E-08,0,2.471951936140078E-10,6.177494436194492E-10,0,8.74315E-06,-4.04144E-08,0,1.30517E-16,1.43921E-16,6.59342E-16,1.49796E-16,7.70952E-16
8,120.07201391927511,1.18353E-16,120.0720138701075,4.892042341119842E-08,0,2.471951936140078E-10,8.144713619850218E-10,0,1.00573E-05,-6.40623E-08,0,0,1.43921E-16,4.94506E-16,2.99592E-16,-5.78214E-16
9,120.07201391927511,1.18353E-16,120.07201384945606,6.957185140656311E-08,0,2.471951936140078E-10,1.0283328285671382E-09,0,1.14363E-05,-1.01964E-07,0,0,-2.87842E-16,3.29671E-16,1.49796E-16,0
10,120.07201391927511,1.18353E-16,120.07201384000312,7.902478170966969E-08,0,2.471951936140078E-10,1.2675163644744488E-09,0,1.27515E-05,-7.9316E-08,0,-2.61034E-16,2.87842E-16,1.64835E-16,1.49796E-16,3.85476E-16
11,120.0720139192751,0,120.07201383452997,8.449792199008936E-08,0,2.471951936140078E-10,1.5215993081437716E-09,0,1.41302E-05,-7.42656E-08,0,-2.61034E-16,-1.43921E-16,-1.64835E-16,1.49796E-16,3.85476E-16
12,120.07201391927437,-6.03599E-15,120.07201380867036,1.0449621237785767E-07,0,6.1078024134803985E-09,1.793978742847596E-09,0,1.55382E-05,-8.8808E-08,0,7.30894E-15,1.43921E-16,0,-1.49796E-16,1.92738E-16
13,120.0720139192744,-5.79929E-15,120.0720137655376,1.4762897796809198E-07,0,6.1078024134803985E-09,2.1427995402516136E-09,0,1.68969E-05,-8.14479E-08,0,7.30894E-15,0,-3.29671E-16,-4.49388E-16,0
14,120.07201391927438,-5.91764E-15,120.07201375601849,1.571480988329104E-07,0,6.1078024134803985E-09,3.0895287601797303E-09,0,1.82234E-05,-8.53616E-08,0,7.04791E-15,5.75684E-16,-3.29671E-16,1.49796E-16,0
15,120.07201391927438,-5.91764E-15,120.0720137488326,1.6433398989168525E-07,0,6.1078024134803985E-09,4.147234208006712E-09,0,1.96006E-05,-6.64831E-08,0,7.17842E-15,0,3.29671E-16,-2.99592E-16,0
16,120.0720139192744,-5.79929E-15,120.07201373766407,1.7550251734557565E-07,0,6.1078024134803985E-09,5.1733642171055836E-09,0,2.10643E-05,-3.27618E-08,0,7.04791E-15,0,1.64835E-16,-4.49388E-16,1.92738E-16
17,120.07201391927438,-5.91764E-15,120.07201367557195,2.375946374666078E-07,0,6.1078024134803985E-09,6.14152180906095E-09,0,2.24101E-05,-1.90395E-09,0,7.30894E-15,-1.43921E-16,4.94506E-16,2.99592E-16,0
18,120.07201391927441,-5.68093E-15,120.07201364092128,2.722453130299802E-07,0,6.1078024134803985E-09,7.039580987473708E-09,0,2.36603E-05,1.26822E-08,0,7.56997E-15,2.87842E-16,0,0,-5.78214E-16
19,120.07201391927441,-5.68093E-15,120.07201363999451,2.7317209301680193E-07,0,6.1078024134803985E-09,7.879622515104266E-09,0,2.49314E-05,1.00944E-07,0,7.04791E-15,2.87842E-16,-1.64835E-16,4.49388E-16,-3.85476E-16
20,120.07201391927441,-5.68093E-15,120.07201363531296,2.778536476588283E-07,0,6.1078024134803985E-09,8.697702262429753E-09,0,2.63234E-05,1.88891E-07,0,7.17842E-15,0,-1.64835E-16,2.99592E-16,1.92738E-16
21,120.07201391927438,-5.91764E-15,120.07201356934374,3.4382282833499487E-07,0,6.1078024134803985E-09,9.50612547497693E-09,0,2.78806E-05,2.79592E-07,0,6.91739E-15,1.43921E-16,-4.94506E-16,-4.49388E-16,-5.78214E-16
22,120.07201391927435,-6.15434E-15,120.07201349835782,4.148087388556979E-07,0,6.1078024134803985E-09,1.0328854286755369E-08,0,2.90809E-05,2.92448E-07,0,7.04791E-15,-1.43921E-16,0,-1.49796E-16,0
23,120.07201391927435,-6.15434E-15,120.07201347549923,4.376673034487347E-07,0,6.1078024134803985E-09,1.1435886007393801E-08,0,3.02249E-05,2.83902E-07,0,7.04791E-15,2.87842E-16,0,1.49796E-16,-1.92738E-16
24,120.07201391927434,-6.2727E-15,120.07201346736838,4.4579816168092897E-07,0,6.1078024134803985E-09,1.2858619405324207E-08,0,3.13237E-05,2.96151E-07,0,6.52584E-15,2.87842E-16,-6.59342E-16,4.49388E-16,0
25,120.07201391927434,-6.2727E-15,120.07201346803083,4.451357108851848E-07,0,6.1078024134803985E-09,1.4396321555387854E-08,0,3.24937E-05,2.69214E-07,0,7.04791E-15,0,1.64835E-16,2.99592E-16,1.92738E-16
26,120.07201391927435,-6.15434E-15,120.07201344328408,4.698824744779548E-07,0,6.1078024134803985E-09,1.5947881868949028E-08,0,3.3685E-05,2.44903E-07,0,7.04791E-15,0,-8.24177E-16,5.99185E-16,0
27,120.07201391927437,-6.03599E-15,120.072013413596,4.995705585452355E-07,0,6.1078024134803985E-09,1.7487295337254854E-08,0,3.48985E-05,3.19936E-07,0,6.91739E-15,4.31763E-16,3.29671E-16,2.99592E-16,-5.78214E-16
28,120.07201391927437,-6.03599E-15,120.0720134146084,4.98558152267928E-07,0,6.1078024134803985E-09,1.8998018360101617E-08,0,3.61234E-05,4.49305E-07,0,6.91739E-15,2.87842E-16,-3.29671E-16,1.49796E-16,-1.92738E-16
29,120.07201391927434,-6.2727E-15,120.07201337454043,5.386261071908806E-07,0,6.1078024134803985E-09,2.0483705631420878E-08,0,3.74413E-05,5.90205E-07,0,7.04791E-15,4.31763E-16,4.94506E-16,-4.49388E-16,-3.85476E-16
30,120.07201391927435,-6.15434E-15,120.07201335884353,5.54323005949203E-07,0,6.1078024134803985E-09,2.1952440785346454E-08,0,3.87186E-05,6.05399E-07,0,6.91739E-15,2.87842E-16,3.29671E-16,-2.99592E-16,-9.63691E-16
31,120.07201391927434,-6.2727E-15,120.0720132906149,6.225516383974636E-07,0,6.1078024134803985E-09,2.3451109650278524E-08,0,4.00172E-05,6.36162E-07,0,6.78687E-15,5.75684E-16,3.29671E-16,0,-5.78214E-16
32,120.07201391927435,-6.15434E-15,120.07201324489027,6.682762729321822E-07,0,6.1078024134803985E-09,2.5104821556284333E-08,0,4.11069E-05,8.18469E-07,0,7.04791E-15,2.87842E-16,3.29671E-16,0,-5.78214E-16
33,120.07201391927435,-6.15434E-15,120.07201323698169,6.761848492837923E-07,0,6.1078024134803985E-09,2.7018406868936754E-08,0,4.21848E-05,1.0248E-06,0,7.30894E-15,4.31763E-16,0,-2.99592E-16,-1.34917E-15
34,120.07201391927434,-6.2727E-15,120.07201320390396,7.092625735543324E-07,0,6.1078024134803985E-09,2.9160848511604826E-08,0,4.3331E-05,1.22641E-06,0,6.39532E-15,7.19606E-16,-4.94506E-16,0,-1.92738E-16
35,120.07201391927433,-6.39105E-15,120.07201317011123,7.430552932506276E-07,0,6.1078024134803985E-09,3.172900136548042E-08,0,4.44026E-05,1.39872E-06,0,6.52584E-15,1.43921E-16,-4.94506E-16,0,-5.78214E-16
36,120.07201391927433,-6.39105E-15,120.07201313996961,7.731969182907622E-07,0,6.1078024134803985E-09,3.4652127157310055E-08,0,4.54675E-05,1.59034E-06,0,7.04791E-15,4.31763E-16,4.94506E-16,-1.49796E-16,-1.92738E-16
37,120.07201391927431,-6.5094E-15,120.07201313698152,7.761849903917395E-07,0,6.1078024134803985E-09,3.767531138897485E-08,0,4.64572E-05,1.69508E-06,0,6.65636E-15,5.75684E-16,1.64835E-16,-7.48981E-16,-5.78214E-16
38,120.07201391927431,-6.5094E-15,120.0720131216377,7.915288036162707E-07,0,6.1078024134803985E-09,4.077790276166404E-08,0,4.75724E-05,1.82334E-06,0,7.43946E-15,4.31763E-16,-4.94506E-16,0,-5.78214E-16
39,120.07201391927431,-6.5094E-15,120.07201308006447,8.331020534484307E-07,0,6.1078024134803985E-09,4.3868802949181445E-08,0,4.8586E-05,1.91784E-06,0,6.91739E-15,1.15137E-15,-1.64835E-16,5.99185E-16,-5.78214E-16
40,120.0720139192743,-6.62775E-15,120.07201307193503,8.41231471163795E-07,0,6.1078024134803985E-09,4.6882853347071796E-08,0,4.95081E-05,1.91125E-06,0,6.91739E-15,8.63527E-16,4.94506E-16,-2.99592E-16,-3.85476E-16
41,120.07201391927433,-6.39105E-15,120.07201307394143,8.392250889785353E-07,0,6.1078024134803985E-09,4.976707636528274E-08,0,5.04626E-05,1.87938E-06,0,6.91739E-15,1.00745E-15,-1.64835E-16,2.99592E-16,0
42,120.07201391927431,-6.5094E-15,120.07201306665645,8.465100484360956E-07,0,6.1078024134803985E-09,5.26060791326754E-08,0,5.15218E-05,1.81125E-06,0,6.78687E-15,1.29529E-15,-3.29671E-16,1.49796E-16,-3.85476E-16
43,120.07201391927431,-6.5094E-15,120.07201300680416,9.063623427477343E-07,0,6.1078024134803985E-09,5.597942597784741E-08,0,5.25394E-05,1.74786E-06,0,7.04791E-15,1.00745E-15,-1.64835E-16,1.49796E-16,-1.5419E-15
44,120.07201391927431,-6.5094E-15,120.07201297276553,9.404009664502518E-07,0,6.1078024134803985E-09,6.178042932019884E-08,0,5.34541E-05,1.77295E-06,0,7.43946E-15,1.00745E-15,-3.29671E-16,2.99592E-16,-9.63691E-16
45,120.07201391927431,-6.5094E-15,120.07201294245928,9.70707238959249E-07,0,6.1078024134803985E-09,6.835862020105496E-08,0,5.43836E-05,1.79458E-06,0,6.65636E-15,5.75684E-16,-4.94506E-16,7.48981E-16,-9.63691E-16
46,120.07201391927433,-6.39105E-15,120.0720129023357,1.0108308125666217E-06,0,6.1078024134803985E-09,7.372442671826682E-08,0,5.52016E-05,1.83617E-06,0,7.30894E-15,1.00745E-15,3.29671E-16,-2.99592E-16,-3.85476E-16
47,120.07201391927431,-6.5094E-15,120.07201288813155,1.0250349721887945E-06,0,6.1078024134803985E-09,7.756418073760842E-08,0,5.59454E-05,1.84962E-06,0,7.04791E-15,1.00745E-15,0,2.99592E-16,-5.78214E-16
48,120.07201391927431,-6.5094E-15,120.07201287762365,1.0355428622596509E-06,0,6.1078024134803985E-09,8.093031003238796E-08,0,5.6703E-05,1.95106E-06,0,6.52584E-15,1.00745E-15,3.29671E-16,0,-1.15643E-15
49,120.0720139192743,-6.62775E-15,120.07201287318094,1.0399855670349889E-06,0,6.1078024134803985E-09,8.731063913494296E-08,0,5.74818E-05,2.01593E-06,0,6.39532E-15,1.15137E-15,1.64835E-16,-1.49796E-16,-9.63691E-16
50,120.0720139192743,-6.62775E-15,120.07201285262701,1.0605394909826782E-06,0,6.1078024134803985E-09,9.28327171478392E-08,0,5.82962E-05,2.02065E-06,0,6.39532E-15,1.15137E-15,6.59342E-16,0,-5.78214E-16
51,120.07201391927431,-6.5094E-15,120.0720128143223,1.0988441909989601E-06,0,6.1078024134803985E-09,9.701431383581002E-08,0,5.90811E-05,1.9806E-06,0,6.65636E-15,1.43921E-15,3.29671E-16,4.49388E-16,-9.63691E-16
52,120.07201391927433,-6.39105E-15,120.07201278875289,1.1244136259363674E-06,0,6.1078024134803985E-09,1.0068888037424625E-07,0,5.98394E-05,2.05296E-06,0,6.65636E-15,5.75684E-16,-3.29671E-16,-7.48981E-16,-1.5419E-15
53,120.07201391927433,-6.39105E-15,120.07201276903194,1.1441345648632305E-06,0,6.1078024134803985E-09,1.0800656527821047E-07,0,6.05313E-05,2.05429E-06,0,6.39532E-15,1.58313E-15,3.29671E-16,-2.99592E-16,-7.70952E-16
54,120.07201391927433,-6.39105E-15,120.07201274621659,1.1669499427471905E-06,0,6.1078024134803985E-09,1.1403556951565258E-07,0,6.12686E-05,2.05536E-06,0,6.65636E-15,4.31763E-16,4.94506E-16,-2.99592E-16,-1.5419E-15
55,120.07201391927433,-6.39105E-15,120.07201271883112,1.1943353975617869E-06,0,6.1078024134803985E-09,1.1904862367934784E-07,0,6.19672E-05,2.16622E-06,0,6.13429E-15,8.63527E-16,-3.29671E-16,-1.49796E-16,-1.15643E-15
56,120.07201391927434,-6.2727E-15,120.0720127211747,1.191991839351221E-06,0,6.1078024134803985E-09,1.2341244854578637E-07,0,6.26819E-05,2.30934E-06,0,7.04791E-15,5.75684E-16,3.29671E-16,-4.49388E-16,-1.5419E-15
57,120.07201391927435,-6.15434E-15,120.07201270117461,1.2119919195912335E-06,0,6.1078024134803985E-09,1.276882708491782E-07,0,6.34427E-05,2.53005E-06,0,6.00377E-15,1.15137E-15,0,0,-1.92738E-15
58,120.07201391927433,-6.39105E-15,120.07201267309097,1.2400755564119543E-06,0,6.1078024134803985E-09,1.3146878086529725E-07,0,6.42154E-05,2.77014E-06,0,6.91739E-15,8.63527E-16,4.94506E-16,0,-1.5419E-15
59,120.07201391927434,-6.2727E-15,120.07201264083258,1.2723339544106193E-06,0,6.1078024134803985E-09,1.3996387519929292E-07,0,6.48686E-05,2.97307E-06,0,6.39532E-15,1.00745E-15,3.29671E-16,4.49388E-16,-2.31286E-15
60,120.07201391927434,-6.2727E-15,120.07201263207605,1.2810904895034239E-06,0,6.1078024134803985E-09,1.4528281076262933E-07,0,6.55173E-05,3.15725E-06,0,6.13429E-15,1.15137E-15,-6.59342E-16,1.49796E-16,-1.92738E-15
61,120.07201391927434,-6.2727E-15,120.07201263632109,1.276845438860858E-06,0,6.1078024134803985E-09,1.4952786140519516E-07,0,6.62044E-05,3.29545E-06,0,6.00377E-15,1.29529E-15,-4.94506E-16,0,-1.73464E-15
62,120.07201391927434,-6.2727E-15,120.07201260884499,1.3043215455307503E-06,0,6.1078024134803985E-09,1.5363065332316633E-07,0,6.69481E-05,3.45584E-06,0,6.39532E-15,1.43921E-15,-4.94506E-16,5.99185E-16,-1.73464E-15
63,120.07201391927434,-6.2727E-15,120.07201261267437,1.3004921679769758E-06,0,6.1078024134803985E-09,1.5760456716621095E-07,0,6.76452E-05,3.60403E-06,0,6.39532E-15,5.75684E-16,1.64835E-16,1.49796E-16,-1.5419E-15
64,120.07201391927434,-6.2727E-15,120.07201259703623,1.316130297174002E-06,0,6.1078024134803985E-09,1.61470461579351E-07,0,6.8414E-05,3.75625E-06,0,6.00377E-15,8.63527E-16,-3.29671E-16,-2.99592E-16,-9.63691E-16
65,120.07201391927423,-7.21952E-15,120.07201255427876,1.354729082941841E-06,0,1.0266387352061421E-08,1.6554276561947306E-07,0,6.91634E-05,4.0044E-06,0,9.39721E-15,8.63527E-16,6.59342E-16,0,-2.12012E-15
66,120.07201391927423,-7.21952E-15,120.07201253406711,1.3749407287314757E-06,0,1.0266387352061421E-08,1.6995814259724415E-07,0,6.99149E-05,4.27293E-06,0,8.61411E-15,4.31763E-16,1.64835E-16,0,-1.15643E-15
67,120.07201391927424,-7.10117E-15,120.07201249086455,1.4181433196532032E-06,0,1.0266387352061421E-08,1.7421667676493133E-07,0,7.06238E-05,4.46514E-06,0,8.87514E-15,4.31763E-16,-1.64835E-16,-1.49796E-16,-1.5419E-15
68,120.07201391927426,-6.98281E-15,120.07201248670708,1.4223007770004878E-06,0,1.0266387352061421E-08,1.9124848939511572E-07,0,7.12262E-05,4.56812E-06,0,9.52773E-15,1.00745E-15,4.94506E-16,2.99592E-16,-2.12012E-15
69,120.07201391927424,-7.10117E-15,120.07201247108054,1.4379273110030734E-06,0,1.0266387352061421E-08,2.0692300123854993E-07,0,7.17755E-05,4.6769E-06,0,9.39721E-15,1.29529E-15,-3.29671E-16,2.99592E-16,-1.34917E-15
70,120.07201391927424,-7.10117E-15,120.07201246963984,1.4393680022231933E-06,0,1.0266387352061421E-08,2.1096942514986747E-07,0,7.23505E-05,4.94298E-06,0,9.39721E-15,7.19606E-16,-1.64835E-16,2.99592E-16,-1.92738E-15
71,120.07201391927424,-7.10117E-15,120.07201245747127,1.4515365686224412E-06,0,1.0266387352061421E-08,2.1474750816638795E-07,0,7.29829E-05,5.27923E-06,0,8.74463E-15,7.19606E-16,0,7.48981E-16,-1.73464E-15
72,120.07201391927424,-7.10117E-15,120.07201244157554,1.467432327267201E-06,0,1.0266387352061421E-08,2.2494841029010896E-07,0,7.36281E-05,5.60804E-06,0,9.52773E-15,1.29529E-15,-3.29671E-16,4.49388E-16,-1.5419E-15
73,120.07201391927426,-6.98281E-15,120.0720124369049,1.4721029688572442E-06,0,1.0266387352061421E-08,2.296332059770274E-07,0,7.4252E-05,5.93561E-06,0,9.39721E-15,4.31763E-16,0,1.04857E-15,-1.73464E-15
74,120.07201391927427,-6.86446E-15,120.07201242894673,1.48006114351212E-06,0,1.0266387352061421E-08,2.401471326830463E-07,0,7.48222E-05,6.26194E-06,0,9.26669E-15,1.00745E-15,4.94506E-16,7.48981E-16,-2.12012E-15
75,120.07201391927427,-6.86446E-15,120.07201241577428,1.4932335760813003E-06,0,1.0266387352061421E-08,2.4465304919718134E-07,0,7.53637E-05,6.49577E-06,0,9.65824E-15,1.15137E-15,-1.64835E-16,7.48981E-16,-2.5056E-15
76,120.07201391927426,-6.98281E-15,120.0720124193577,1.4896501606027776E-06,0,1.0266387352061421E-08,2.4887412645631053E-07,0,7.59282E-05,6.73659E-06,0,9.13618E-15,8.63527E-16,-1.15385E-15,5.99185E-16,-1.92738E-15
77,120.07201391927424,-7.10117E-15,120.07201241523609,1.4937717841722983E-06,0,1.0266387352061421E-08,2.5291846704943286E-07,0,7.65442E-05,7.04544E-06,0,9.39721E-15,1.43921E-15,4.94506E-16,1.49796E-16,-2.12012E-15
78,120.07201391927427,-6.86446E-15,120.07201237610442,1.5329034555689903E-06,0,1.0266387352061421E-08,2.5751421144764967E-07,0,7.71328E-05,7.34953E-06,0,9.65824E-15,1.29529E-15,-1.64835E-16,2.99592E-16,-2.69833E-15
79,120.07201391927428,-6.74611E-15,120.07201238195648,1.527051398157497E-06,0,1.0266387352061421E-08,2.651730557620046E-07,0,7.7678E-05,7.61206E-06,0,9.52773E-15,1.29529E-15,1.64835E-16,4.49388E-16,-2.5056E-15
80,120.07201391927427,-6.86446E-15,120.07201235930198,1.5497058889100962E-06,0,1.0266387352061421E-08,2.7215829431552033E-07,0,7.82485E-05,7.8979E-06,0,9.52773E-15,1.15137E-15,9.89013E-16,5.99185E-16,-2.31286E-15
81,120.07201391927426,-6.98281E-15,120.07201235286823,1.5561396208740825E-06,0,1.0266387352061421E-08,2.7960328838930593E-07,0,7.87745E-05,8.08387E-06,0,8.87514E-15,1.00745E-15,-1.64835E-16,7.48981E-16,-2.89107E-15
82,120.07201391927426,-6.98281E-15,120.07201235877358,1.550234266192723E-06,0,1.0266387352061421E-08,2.855086430706636E-07,0,7.93378E-05,8.37922E-06,0,9.52773E-15,7.19606E-16,0,1.04857E-15,-7.70952E-16
83,120.07201391927426,-6.98281E-15,120.07201231990925,1.5890985966467536E-06,0,1.0266387352061421E-08,3.038018470151474E-07,0,7.99243E-05,8.76803E-06,0,9.39721E-15,1.15137E-15,3.29671E-16,8.98777E-16,-2.31286E-15
84,120.07201391927426,-6.98281E-15,120.07201233170886,1.5772989769626561E-06,0,1.0266387352061421E-08,3.156014666992445E-07,0,8.04678E-05,9.11012E-06,0,1.01803E-14,8.63527E-16,6.59342E-16,2.99592E-16,-1.92738E-15
85,120.07201391927423,-7.21952E-15,120.07201231701049,1.5919973580828836E-06,0,1.0266387352061421E-08,3.231489796528108E-07,0,8.104E-05,9.50712E-06,0,9.39721E-15,5.75684E-16,1.64835E-16,1.49796E-16,-2.5056E-15
86,120.07201391927424,-7.10117E-15,120.07201231621664,1.5927912177015623E-06,0,1.0266387352061421E-08,3.29197281529918E-07,0,8.15702E-05,9.83602E-06,0,9.91928E-15,1.15137E-15,9.89013E-16,4.49388E-16,-2.31286E-15
87,120.07201391927427,-6.86446E-15,120.07201230679229,1.6022155762676358E-06,0,1.0266387352061421E-08,3.389096224835631E-07,0,8.2118E-05,1.0209E-05,0,9.78876E-15,2.87842E-16,1.64835E-16,5.99185E-16,-2.5056E-15
88,120.07201391927424,-7.10117E-15,120.07201230720395,1.6018039175984734E-06,0,1.0266387352061421E-08,3.4570306297047473E-07,0,8.26666E-05,1.05523E-05,0,9.78876E-15,1.58313E-15,1.64835E-16,8.98777E-16,-2.31286E-15
89,120.07201391927427,-6.86446E-15,120.07201228644135,1.6225665075220974E-06,0,1.0266387352061421E-08,3.5114776565027424E-07,0,8.32293E-05,1.08093E-05,0,9.78876E-15,8.63527E-16,3.29671E-16,4.49388E-16,-2.31286E-15
90,120.07201391927427,-6.86446E-15,120.07201225069747,1.6583104154080747E-06,0,1.0266387352061421E-08,3.6983788852226283E-07,0,8.37454E-05,1.10882E-05,0,9.78876E-15,7.19606E-16,3.29671E-16,8.98777E-16,-2.12012E-15
91,120.07201391927428,-6.74611E-15,120.07201224960133,1.6594065450696478E-06,0,1.0266387352061421E-08,3.794967392639837E-07,0,8.42153E-05,1.14262E-05,0,9.39721E-15,1.29529E-15,3.29671E-16,4.49388E-16,-1.92738E-15
92,120.07201391927428,-6.74611E-15,120.07201224068439,1.6683234915183822E-06,0,1.0266387352061421E-08,3.884528855638222E-07,0,8.46791E-05,1.17643E-05,0,9.13618E-15,2.87842E-16,6.59342E-16,1.49796E-16,-2.31286E-15
93,120.07201391927427,-6.86446E-15,120.07201224042188,1.6685860168494666E-06,0,1.0266387352061421E-08,3.952714319545661E-07,0,8.51425E-05,1.2073E-05,0,9.52773E-15,8.63527E-16,6.59342E-16,1.34817E-15,-2.69833E-15
94,120.0720139192743,-6.62775E-15,120.07201224728831,1.6617195914079685E-06,0,1.0266387352061421E-08,4.0280824751699237E-07,0,8.55961E-05,1.23858E-05,0,1.00498E-14,7.19606E-16,3.29671E-16,4.49388E-16,-2.89107E-15
95,120.07201391927428,-6.74611E-15,120.07201225245365,1.6565542677292206E-06,0,1.0266387352061421E-08,4.0918831015906674E-07,0,8.60759E-05,1.2735E-05,0,9.91928E-15,1.00745E-15,4.94506E-16,7.48981E-16,-2.31286E-15
96,120.0720139192743,-6.62775E-15,120.07201225432797,1.654679948183584E-06,0,1.0266387352061421E-08,4.148062967852866E-07,0,8.65809E-05,1.31285E-05,0,9.00566E-15,1.29529E-15,3.29671E-16,5.99185E-16,-3.08381E-15
97,120.07201391927431,-6.5094E-15,120.07201224785027,1.6611576298045765E-06,0,1.0266387352061421E-08,4.200846944059003E-07,0,8.71056E-05,1.35867E-05,0,9.65824E-15,8.63527E-16,4.94506E-16,1.19837E-15,-2.89107E-15
98,120.0720139192743,-6.62775E-15,120.07201223112936,1.6778785390768556E-06,0,1.0266387352061421E-08,4.2502658698328597E-07,0,8.75913E-05,1.40475E-05,0,9.39721E-15,1.15137E-15,6.59342E-16,1.19837E-15,-3.27655E-15
99,120.07201391927428,-6.74611E-15,120.07201221977544,1.6892324603655755E-06,0,1.0266387352061421E-08,4.2970932987278916E-07,0,8.81208E-05,1.44102E-05,0,9.52773E-15,1.29529E-15,1.64835E-16,0,-1.73464E-15
100,120.07201391927431,-6.5094E-15,120.07201216611513,1.742892788460213E-06,0,1.0266387352061421E-08,4.356405953155925E-07,0,8.86475E-05,1.47448E-05,0,9.13618E-15,8.63527E-16,0,7.48981E-16,-2.31286E-15
101,120.07201391927433,-6.39105E-15,120.07201216465327,1.7443546611603117E-06,0,1.0266387352061421E-08,4.4308530667985585E-07,0,8.91465E-05,1.50535E-05,0,8.87514E-15,1.29529E-15,4.94506E-16,5.99185E-16,-2.89107E-15
102,120.07201391927431,-6.5094E-15,120.07201215727541,1.7517325190350344E-06,0,1.0266387352061421E-08,4.529362779134455E-07,0,8.96395E-05,1.53444E-05,0,9.65824E-15,7.19606E-16,6.59342E-16,2.99592E-16,-2.12012E-15
103,120.07201391927431,-6.5094E-15,120.07201216218479,1.7468231217727726E-06,0,1.0266387352061421E-08,4.752109256649065E-07,0,9.00848E-05,1.55994E-05,0,9.39721E-15,7.19606E-16,1.15385E-15,1.19837E-15,-2.5056E-15
104,120.0720139192743,-6.62775E-15,120.07201214657739,1.7624305149186113E-06,0,1.0266387352061421E-08,4.821358121291259E-07,0,9.05179E-05,1.58998E-05,0,9.13618E-15,4.31763E-16,9.89013E-16,1.04857E-15,-2.69833E-15
105,120.07201391927428,-6.74611E-15,120.07201214750648,1.7615014122517306E-06,0,1.0266387352061421E-08,4.88203219896449E-07,0,9.0935E-05,1.62139E-05,0,9.39721E-15,5.75684E-16,9.89013E-16,1.34817E-15,-2.5056E-15
106,120.0720139192743,-6.62775E-15,120.0720121447657,1.7642422336193591E-06,0,1.0266387352061421E-08,4.938769269037493E-07,0,9.13422E-05,1.65483E-05,0,9.26669E-15,5.75684E-16,6.59342E-16,1.04857E-15,-2.31286E-15
107,120.0720139192743,-6.62775E-15,120.07201213858255,1.7704253576017686E-06,0,1.0266387352061421E-08,4.991210999655589E-07,0,9.17461E-05,1.6848E-05,0,9.00566E-15,4.31763E-16,1.15385E-15,1.04857E-15,-2.5056E-15
108,120.07201391927431,-6.5094E-15,120.07201214315519,1.765852727338651E-06,0,1.0266387352061421E-08,5.040285630546417E-07,0,9.21461E-05,1.71301E-05,0,9.52773E-15,8.63527E-16,0,1.49796E-15,-3.08381E-15
109,120.07201391927431,-6.5094E-15,120.07201212854841,1.7804595026323702E-06,0,1.0266387352061421E-08,5.113341320745937E-07,0,9.2553E-05,1.74282E-05,0,9.39721E-15,1.43921E-16,3.29671E-16,1.34817E-15,-2.5056E-15
110,120.07201391927433,-6.39105E-15,120.0720121216871,1.7873208300605177E-06,0,1.0266387352061421E-08,5.196350901526309E-07,0,9.29309E-05,1.77851E-05,0,9.13618E-15,4.31763E-16,-3.29671E-16,8.98777E-16,-2.31286E-15
111,120.07201391927431,-6.5094E-15,120.07201212276416,1.7862437469498155E-06,0,1.0266387352061421E-08,5.246043263134167E-07,0,9.33166E-05,1.81545E-05,0,9.13618E-15,1.00745E-15,4.94506E-16,1.79755E-15,-2.89107E-15
112,120.07201391927431,-6.5094E-15,120.07201210291285,1.80609507970576E-06,0,1.0266387352061421E-08,5.293056934976176E-07,0,9.37086E-05,1.85055E-05,0,9.39721E-15,4.31763E-16,4.94506E-16,1.64776E-15,-3.08381E-15
113,120.0720139192743,-6.62775E-15,120.07201210708186,1.8019260681644364E-06,0,1.0266387352061421E-08,5.336363275238168E-07,0,9.41221E-05,1.88118E-05,0,9.00566E-15,7.19606E-16,0,1.04857E-15,-2.5056E-15
114,120.0720139192743,-6.62775E-15,120.07201210444883,1.8045590710499077E-06,0,1.0266387352061421E-08,5.379102638522598E-07,0,9.45511E-05,1.91444E-05,0,9.00566E-15,4.31763E-16,1.31868E-15,1.04857E-15,-2.69833E-15
115,120.0720139192743,-6.62775E-15,120.07201209863092,1.8103769917283896E-06,0,1.0266387352061421E-08,5.418783252423987E-07,0,9.49956E-05,1.9492E-05,0,9.00566E-15,8.63527E-16,9.89013E-16,7.48981E-16,-1.5419E-15
116,120.0720139192743,-6.62775E-15,120.07201208274358,1.8262643305161173E-06,0,1.0266387352061421E-08,5.465919939031608E-07,0,9.54745E-05,1.98136E-05,0,8.74463E-15,8.63527E-16,0,1.64776E-15,-1.73464E-15
117,120.07201391927428,-6.74611E-15,120.07201207326764,1.8357402427575614E-06,0,1.0266387352061421E-08,5.538012946896837E-07,0,9.59108E-05,2.02061E-05,0,9.65824E-15,8.63527E-16,1.31868E-15,8.98777E-16,-2.69833E-15
118,120.07201391927428,-6.74611E-15,120.07201207580117,1.8332067239803284E-06,0,1.0266387352061421E-08,5.584594269196795E-07,0,9.63296E-05,2.06087E-05,0,8.87514E-15,4.31763E-16,0,5.99185E-16,-9.63691E-16
119,120.0720139192742,-7.45622E-15,120.07201204192738,1.8634271569759061E-06,0,1.391965625753012E-08,5.626962017892805E-07,0,9.67477E-05,2.10595E-05,0,1.20075E-14,1.00745E-15,-4.94506E-16,8.98777E-16,-1.5419E-15
120,120.0720139192742,-7.45622E-15,120.07201202969632,1.8756582148486926E-06,0,1.391965625753012E-08,5.66701871387697E-07,0,9.71766E-05,2.144E-05,0,1.25296E-14,7.19606E-16,4.94506E-16,1.34817E-15,-2.12012E-15
121,120.07201391927421,-7.33787E-15,120.0720120322391,1.8731154424739114E-06,0,1.391965625753012E-08,5.706937972595747E-07,0,9.75586E-05,2.17954E-05,0,1.20075E-14,4.31763E-16,4.94506E-16,1.04857E-15,-2.31286E-15
122,120.0720139192742,-7.45622E-15,120.07201202822766,1.8771268735933595E-06,0,1.391965625753012E-08,5.747853396177385E-07,0,9.79227E-05,2.2209E-05,0,1.22686E-14,1.43921E-16,4.94506E-16,1.19837E-15,-1.73464E-15
123,120.07201391927417,-7.69293E-15,120.07201202355535,1.8817991751901784E-06,0,1.391965625753012E-08,5.789155321853716E-07,0,9.83182E-05,2.25681E-05,0,1.22686E-14,8.63527E-16,1.31868E-15,7.48981E-16,-2.12012E-15
124,120.07201391927417,-7.69293E-15,120.07201199475718,1.91059734138888E-06,0,1.391965625753012E-08,5.830463286145083E-07,0,9.87501E-05,2.28679E-05,0,1.21381E-14,7.19606E-16,9.89013E-16,1.19837E-15,-2.89107E-15
125,120.07201391927418,-7.57458E-15,120.07201197783512,1.927519411353241E-06,0,1.391965625753012E-08,5.871191827231369E-07,0,9.92114E-05,2.31382E-05,0,1.20075E-14,1.29529E-15,1.15385E-15,2.09715E-15,-2.5056E-15
126,120.07201391927418,-7.57458E-15,120.07201196271926,1.942635260694733E-06,0,1.391965625753012E-08,5.911083641637265E-07,0,9.96369E-05,2.35043E-05,0,1.1616E-14,7.19606E-16,8.24177E-16,1.64776E-15,-2.5056E-15
127,120.07201391927418,-7.57458E-15,120.07201193846154,1.966892985918694E-06,0,1.391965625753012E-08,5.983743713921858E-07,0,0.00010006,2.38905E-05,0,1.22686E-14,1.00745E-15,1.31868E-15,5.99185E-16,-2.12012E-15
128,120.07201391927418,-7.57458E-15,120.07201194493176,1.9604227547838672E-06,0,1.391965625753012E-08,6.049431026693558E-07,0,0.000100434,2.42479E-05,0,1.21381E-14,1.43921E-16,3.29671E-16,8.98777E-16,-2.12012E-15
129,120.07201391927417,-7.69293E-15,120.07201193326169,1.9720928271419183E-06,0,1.391965625753012E-08,6.101308955817004E-07,0,0.000100801,2.46636E-05,0,1.25296E-14,1.00745E-15,0,8.98777E-16,-1.92738E-15
130,120.07201391927417,-7.69293E-15,120.07201193204371,1.9733107934194866E-06,0,1.391965625753012E-08,6.147730773564446E-07,0,0.00010113,2.50709E-05,0,1.25296E-14,8.63527E-16,4.94506E-16,8.98777E-16,-1.73464E-15
131,120.07201391927416,-7.81128E-15,120.07201191447572,1.9908787751094757E-06,0,1.391965625753012E-08,6.190858464570885E-07,0,0.000101445,2.55041E-05,0,1.21381E-14,1.15137E-15,6.59342E-16,1.49796E-15,-2.31286E-15
132,120.07201391927417,-7.69293E-15,120.07201189956533,2.0057891944687128E-06,0,1.391965625753012E-08,6.233015835336348E-07,0,0.000101767,2.58364E-05,0,1.22686E-14,7.19606E-16,4.94506E-16,1.64776E-15,-2.5056E-15
133,120.07201391927417,-7.69293E-15,120.07201189924015,2.0061143614603747E-06,0,1.391965625753012E-08,6.283273257324782E-07,0,0.000102073,2.62072E-05,0,1.22686E-14,5.75684E-16,3.29671E-16,1.64776E-15,-2.69833E-15
134,120.07201391927417,-7.69293E-15,120.07201188610841,2.019246113474047E-06,0,1.391965625753012E-08,6.331793799179555E-07,0,0.000102411,2.65503E-05,0,1.21381E-14,0,1.48352E-15,1.34817E-15,-2.5056E-15
135,120.07201391927418,-7.57458E-15,120.07201188973316,2.0156213645448436E-06,0,1.391965625753012E-08,6.376371603066569E-07,0,0.000102778,2.68907E-05,0,1.17465E-14,8.63527E-16,1.48352E-15,7.48981E-16,-2.31286E-15
136,120.07201391927418,-7.57458E-15,120.07201186612144,2.0392330971122492E-06,0,1.391965625753012E-08,6.418284843532148E-07,0,0.000103148,2.72621E-05,0,1.20075E-14,8.63527E-16,3.29671E-16,1.04857E-15,-2.89107E-15
137,120.07201391927417,-7.69293E-15,120.07201186133753,2.0440170042149042E-06,0,1.391965625753012E-08,6.458633127797081E-07,0,0.000103491,2.76104E-05,0,1.25296E-14,5.75684E-16,8.24177E-16,1.34817E-15,-2.69833E-15
138,120.0720139192742,-7.45622E-15,120.07201185066575,2.0546887884438444E-06,0,1.391965625753012E-08,6.587741811269404E-07,0,0.000103844,2.79666E-05,0,1.17465E-14,7.19606E-16,8.24177E-16,1.19837E-15,-3.46929E-15
139,120.0720139192742,-7.45622E-15,120.07201184872761,2.0566269306144313E-06,0,1.391965625753012E-08,6.63666826915648E-07,0,0.000104146,2.84356E-05,0,1.21381E-14,1.15137E-15,1.15385E-15,1.34817E-15,-2.89107E-15
140,120.07201391927418,-7.57458E-15,120.07201185242566,2.052928869847243E-06,0,1.391965625753012E-08,6.676934206878465E-07,0,0.000104414,2.89031E-05,0,1.14855E-14,2.87842E-16,9.89013E-16,1.34817E-15,-2.89107E-15
141,120.0720139192742,-7.45622E-15,120.07201183973268,2.065621858541883E-06,0,1.391965625753012E-08,6.714648525231819E-07,0,0.000104646,2.94113E-05,0,1.23991E-14,5.75684E-16,4.94506E-16,1.79755E-15,-2.89107E-15
142,120.07201391927421,-7.33787E-15,120.07201181851548,2.086839067833479E-06,0,1.391965625753012E-08,6.750944883858027E-07,0,0.000104919,2.98246E-05,0,1.1616E-14,8.63527E-16,9.89013E-16,1.34817E-15,-3.27655E-15
143,120.0720139192742,-7.45622E-15,120.07201182098129,2.084373264315466E-06,0,1.391965625753012E-08,6.786261949969485E-07,0,0.000105228,3.01574E-05,0,1.22686E-14,1.58313E-15,3.29671E-16,1.34817E-15,-2.89107E-15
144,120.07201391927421,-7.33787E-15,120.0720118225427,2.0828118449193903E-06,0,1.391965625753012E-08,6.820863164382527E-07,0,0.000105532,3.05065E-05,0,1.26601E-14,5.75684E-16,6.59342E-16,4.49388E-16,-2.12012E-15
145,120.07201391927421,-7.33787E-15,120.07201182591722,2.079437335941178E-06,0,1.391965625753012E-08,6.85460825416465E-07,0,0.000105827,3.08701E-05,0,1.21381E-14,2.87842E-16,0,7.48981E-16,-2.31286E-15
146,120.07201391927421,-7.33787E-15,120.07201180689219,2.098462373691999E-06,0,1.391965625753012E-08,6.88795357407816E-07,0,0.000106129,3.12482E-05,0,1.25296E-14,8.63527E-16,1.15385E-15,1.34817E-15,-2.12012E-15
147,120.07201391927423,-7.21952E-15,120.07201181856739,2.086787166909364E-06,0,1.391965625753012E-08,7.023098865356068E-07,0,0.00010645,3.16973E-05,0,1.17465E-14,8.63527E-16,8.24177E-16,8.98777E-16,-2.89107E-15
148,120.0720139192742,-7.45622E-15,120.07201182021926,2.0851352805344403E-06,0,1.391965625753012E-08,7.055792319892699E-07,0,0.000106748,3.21909E-05,0,1.1877E-14,1.43921E-16,1.15385E-15,7.48981E-16,-2.89107E-15
149,120.07201391927421,-7.33787E-15,120.07201181027871,2.0871116198085186E-06,0,2.18838696974379E-08,7.088457911585762E-07,0,0.000107022,3.27212E-05,0,1.23991E-14,8.63527E-16,1.48352E-15,5.99185E-16,-2.12012E-15
150,120.07201391927418,-7.57458E-15,120.07201175568314,2.123354905121279E-06,0,4.0236141864846274E-08,7.125571669263366E-07,0,0.000107268,3.32878E-05,0,1.23991E-14,5.75684E-16,1.15385E-15,1.04857E-15,-2.69833E-15
151,120.07201391927418,-7.57458E-15,120.07201174003816,2.138999875888155E-06,0,4.0236141864846274E-08,7.166288007091899E-07,0,0.00010753,3.37569E-05,0,1.1877E-14,5.75684E-16,3.29671E-16,8.98777E-16,-2.89107E-15
152,120.0720139192742,-7.45622E-15,120.0720117438631,2.135174945311314E-06,0,4.0236141864846274E-08,7.20740979325986E-07,0,0.000107677,3.43043E-05,0,1.20075E-14,1.15137E-15,9.89013E-16,7.48981E-16,-3.85476E-15
153,120.0720139192742,-7.45622E-15,120.07201173493058,2.1441074715956243E-06,0,4.0236141864846274E-08,7.246772328339414E-07,0,0.000107817,3.48547E-05,0,1.20075E-14,1.43921E-15,1.31868E-15,1.04857E-15,-3.27655E-15
154,120.07201391927417,-7.69293E-15,120.0720117163448,2.144043882023194E-06,0,5.888550009225604E-08,7.284217582533259E-07,0,0.000107953,3.54131E-05,0,1.17465E-14,1.00745E-15,0,7.48981E-16,-2.69833E-15
155,120.07201391927418,-7.57458E-15,120.07201170568786,2.1414164712246527E-06,0,7.216985088083659E-08,7.319920376070539E-07,0,0.00010808,3.59695E-05,0,1.20075E-14,1.00745E-15,4.94506E-16,1.19837E-15,-2.89107E-15
156,120.07201391927418,-7.57458E-15,120.0720116984874,2.1485263341302193E-06,0,7.226044242084063E-08,7.354481391130542E-07,0,0.000108105,3.65653E-05,0,1.20075E-14,1.15137E-15,8.24177E-16,1.19837E-15,-2.89107E-15
157,120.07201391927418,-7.57458E-15,120.0720116837887,2.1452008715836088E-06,0,9.028458417942514E-08,7.387736016596637E-07,0,0.000108033,3.71673E-05,0,1.1877E-14,1.00745E-15,4.94506E-16,7.48981E-16,-3.46929E-15
158,120.07201391927414,-7.92964E-15,120.07201163863516,2.141963243950178E-06,0,1.3867575951649268E-07,7.420112292930945E-07,0,0.000108087,3.76447E-05,0,1.20075E-14,1.15137E-15,1.64835E-16,5.99185E-16,-3.27655E-15
159,120.07201391927417,-7.69293E-15,120.07201162718468,2.1486066829185195E-06,0,1.434828165368626E-07,7.451891010091069E-07,0,0.000108182,3.80917E-05,0,1.14855E-14,4.31763E-16,8.24177E-16,1.19837E-15,-3.66202E-15
160,120.07201391927417,-7.69293E-15,120.07201162594359,2.1455150615168777E-06,0,1.4781552103680481E-07,7.482807224107489E-07,0,0.000108185,3.85719E-05,0,1.14855E-14,1.29529E-15,1.64835E-16,8.98777E-16,-2.89107E-15
161,120.07201391927417,-7.69293E-15,120.0720115968791,2.1424837006438615E-06,0,1.7991139060067105E-07,7.513120832837654E-07,0,0.000108193,3.89837E-05,0,1.1355E-14,7.19606E-16,4.94506E-16,5.99185E-16,-2.12012E-15
162,120.07201391927416,-7.81128E-15,120.07201159262331,2.1467394727190888E-06,0,1.7991139060067105E-07,7.543005196021249E-07,0,0.000108188,3.93693E-05,0,1.21381E-14,8.63527E-16,4.94506E-16,7.48981E-16,-3.85476E-15
163,120.07201391927417,-7.69293E-15,120.07201159034716,2.14381347631375E-06,0,1.8511354461110204E-07,7.572265160074637E-07,0,0.000108129,3.97376E-05,0,1.1616E-14,4.31763E-16,8.24177E-16,7.48981E-16,-3.46929E-15
164,120.07201391927418,-7.57458E-15,120.07201155621746,2.141454059232913E-06,0,2.2160265399535486E-07,7.60118025036014E-07,0,0.000108191,4.00423E-05,0,1.25296E-14,5.75684E-16,4.94506E-16,7.48981E-16,-3.46929E-15
165,120.07201391927417,-7.69293E-15,120.0720115312688,2.152707041495407E-06,0,2.3529834010936628E-07,7.629592870552829E-07,0,0.000108255,4.02907E-05,0,1.22686E-14,1.15137E-15,8.24177E-16,1.19837E-15,-2.69833E-15
166,120.07201391927418,-7.57458E-15,120.07201153406595,2.149909896619994E-06,0,2.3529834010936628E-07,7.657564319306953E-07,0,0.000108333,4.0481E-05,0,1.20075E-14,8.63527E-16,8.24177E-16,1.19837E-15,-3.27655E-15
167,120.07201391927421,-7.33787E-15,120.07201151962548,2.1581412205141106E-06,0,2.415074900442821E-07,7.685258373200321E-07,0,0.000108407,4.06718E-05,0,1.22686E-14,1.58313E-15,6.59342E-16,7.48981E-16,-2.89107E-15
168,120.0720139192742,-7.45622E-15,120.07201152235027,2.155416456118304E-06,0,2.415074900442821E-07,7.712506017158383E-07,0,0.000108461,4.08794E-05,0,1.20075E-14,1.43921E-15,4.94506E-16,7.48981E-16,-3.85476E-15
169,120.07201391927421,-7.33787E-15,120.07201152504217,2.152724552302137E-06,0,2.415074900442821E-07,7.739425055320046E-07,0,0.000108505,4.10837E-05,0,1.1877E-14,7.19606E-16,6.59342E-16,0,-3.46929E-15
170,120.0720139192742,-7.45622E-15,120.07201151487196,2.150063794233087E-06,0,2.5433845153459657E-07,7.766032636010549E-07,0,0.000108571,4.12573E-05,0,1.1355E-14,1.15137E-15,6.59342E-16,1.19837E-15,-3.66202E-15
171,120.07201391927421,-7.33787E-15,120.0720115063879,2.150945872253841E-06,0,2.619404415147838E-07,7.792397015258408E-07,0,0.0001087,4.14084E-05,0,1.1877E-14,7.19606E-16,9.89013E-16,5.99185E-16,-4.24024E-15
172,120.07201391927421,-7.33787E-15,120.0720115023882,2.1483431755884997E-06,0,2.6854284136550766E-07,7.818423981911811E-07,0,0.000108854,4.15691E-05,0,1.14855E-14,1.15137E-15,3.29671E-16,4.49388E-16,-3.27655E-15
173,120.0720139192744,-5.79929E-15,120.07201149913669,2.1480442639466865E-06,0,2.72093434228789E-07,7.844245963532808E-07,0,0.000109054,4.17463E-05,0,1.38348E-14,7.19606E-16,4.94506E-16,1.04857E-15,-3.66202E-15
174,120.0720139192744,-5.79929E-15,120.07201150168638,2.1454945797375683E-06,0,2.72093434228789E-07,7.869742805623994E-07,0,0.000109263,4.19663E-05,0,1.40958E-14,5.75684E-16,8.24177E-16,4.49388E-16,-3.66202E-15
175,120.0720139192744,-5.79929E-15,120.07201149021569,2.15696529053697E-06,0,2.72093434228789E-07,7.895055476903647E-07,0,0.000109412,4.22379E-05,0,1.40958E-14,1.43921E-15,1.15385E-15,1.04857E-15,-3.08381E-15
176,120.0720139192744,-5.79929E-15,120.0720114779202,2.1551300247012315E-06,0,2.8622417223891615E-07,7.920107275427511E-07,0,0.000109503,4.25264E-05,0,1.40958E-14,1.00745E-15,1.48352E-15,1.19837E-15,-2.69833E-15
177,120.0720139192744,-5.79929E-15,120.072011480398,2.1526522316852084E-06,0,2.8622417223891615E-07,7.944885205587746E-07,0,0.000109654,4.27581E-05,0,1.40958E-14,1.15137E-15,-1.64835E-16,7.48981E-16,-2.69833E-15
178,120.07201391927441,-5.68093E-15,120.07201148266117,2.1503890695059203E-06,0,2.8622417223891615E-07,7.96946511728847E-07,0,0.000109789,4.30096E-05,0,1.35737E-14,7.19606E-16,9.89013E-16,4.49388E-16,-3.46929E-15
179,120.07201391927441,-5.68093E-15,120.07201148509532,2.1479549175045155E-06,0,2.8622417223891615E-07,7.993806637302512E-07,0,0.000109897,4.32766E-05,0,1.35737E-14,1.43921E-15,6.59342E-16,0,-4.62571E-15
180,120.07201391927443,-5.56258E-15,120.07201148612342,2.145541519607368E-06,0,2.8760947624323575E-07,8.017940616273994E-07,0,0.000109985,4.35474E-05,0,1.31822E-14,4.31763E-16,3.29671E-16,2.99592E-16,-3.85476E-15
181,120.07201391927443,-5.56258E-15,120.0720114885167,2.143148261899392E-06,0,2.8760947624323575E-07,8.041873193353737E-07,0,0.000110053,4.38201E-05,0,1.39653E-14,1.87097E-15,3.29671E-16,1.04857E-15,-3.85476E-15
182,120.07201391927443,-5.56258E-15,120.07201149089036,2.140774574968754E-06,0,2.8760947624323575E-07,8.065610062660125E-07,0,0.0001101,4.40962E-05,0,1.35737E-14,1.43921E-15,8.24177E-16,5.99185E-16,-4.0475E-15
183,120.07201391927444,-5.44423E-15,120.07201149254504,2.1391199145842914E-06,0,2.8760947624323575E-07,8.08917680261426E-07,0,0.000110118,4.43666E-05,0,1.40958E-14,1.00745E-15,8.24177E-16,4.49388E-16,-4.0475E-15
184,120.07201391927443,-5.56258E-15,120.0720114948811,2.1367838664261746E-06,0,2.8760947624323575E-07,8.112537284195421E-07,0,0.00011011,4.46261E-05,0,1.33127E-14,1.00745E-15,8.24177E-16,7.48981E-16,-3.27655E-15
185,120.07201391927443,-5.56258E-15,120.07201149719906,2.134465900169381E-06,0,2.8760947624323575E-07,8.135716946763368E-07,0,0.00011009,4.49272E-05,0,1.37043E-14,8.63527E-16,6.59342E-16,4.49388E-16,-3.08381E-15
186,120.07201391927441,-5.68093E-15,120.07201149949937,2.132165582717578E-06,0,2.8760947624323575E-07,8.158720121281384E-07,0,0.000110054,4.52469E-05,0,1.42263E-14,1.00745E-15,1.64835E-16,1.19837E-15,-3.46929E-15
187,120.07201391927444,-5.44423E-15,120.07200319894892,2.1298825067505394E-06,0,8.590443000380817E-06,8.181550880951772E-07,0,0.000110017,4.55593E-05,0,1.39653E-14,1.29529E-15,-3.29671E-16,8.98777E-16,-2.89107E-15
188,120.07201391927443,-5.56258E-15,120.07200320121513,2.127616288195232E-06,0,8.590443000380817E-06,8.204213066504851E-07,0,0.000110023,4.58663E-05,0,1.42263E-14,8.63527E-16,9.89013E-16,4.49388E-16,-3.85476E-15
189,120.07201391927441,-5.68093E-15,120.07200320346485,2.12536656399155E-06,0,8.590443000380817E-06,8.226710308541674E-07,0,0.000110027,4.61849E-05,0,1.35737E-14,1.00745E-15,6.59342E-16,8.98777E-16,-3.46929E-15
190,120.07201391927441,-5.68093E-15,120.07200318849527,2.1403361437904346E-06,0,8.590443000380817E-06,8.249063352464193E-07,0,0.000109959,4.64478E-05,0,1.35737E-14,7.19606E-16,0,-1.49796E-16,-3.85476E-15
191,120.07201391927443,-5.56258E-15,120.07200319071299,2.1381184275115494E-06,0,8.590443000380817E-06,8.271240515253041E-07,0,0.000109893,4.67075E-05,0,1.40958E-14,1.15137E-15,6.59342E-16,7.48981E-16,-2.89107E-15
192,120.07201391927441,-5.68093E-15,120.07200319291519,2.1359162222713995E-06,0,8.590443000380817E-06,8.293262567654532E-07,0,0.000109841,4.6967E-05,0,1.40958E-14,1.00745E-15,8.24177E-16,4.49388E-16,-2.89107E-15
193,120.07201391927443,-5.56258E-15,120.07200319510218,2.133729231585811E-06,0,8.590443000380817E-06,8.31513247451042E-07,0,0.00010979,4.72247E-05,0,1.38348E-14,8.63527E-16,4.94506E-16,1.49796E-16,-3.85476E-15
194,120.07201391927444,-5.44423E-15,120.07200319727426,2.13155717211004E-06,0,8.590443000380817E-06,8.33685306926812E-07,0,0.000109745,4.75053E-05,0,1.34432E-14,1.29529E-15,1.15385E-15,4.49388E-16,-3.66202E-15
195,120.07201391927444,-5.44423E-15,120.07200319943166,2.1293997725585936E-06,0,8.590443000380817E-06,8.358427064782586E-07,0,0.000109689,4.78512E-05,0,1.31822E-14,7.19606E-16,4.94506E-16,4.49388E-16,-4.62571E-15
196,120.07201391927444,-5.44423E-15,120.07200320157466,2.1272567727436533E-06,0,8.590443000380817E-06,8.379857062931978E-07,0,0.000109597,4.82197E-05,0,1.43568E-14,1.29529E-15,3.29671E-16,8.98777E-16,-2.69833E-15
197,120.07201391927443,-5.56258E-15,120.0720032037035,2.125127922717684E-06,0,8.590443000380817E-06,8.401145563191688E-07,0,0.000109494,4.85879E-05,0,1.37043E-14,8.63527E-16,1.31868E-15,2.99592E-16,-4.0475E-15
198,120.07201391927443,-5.56258E-15,120.07200320581845,2.123012982007523E-06,0,8.590443000380817E-06,8.422294970293296E-07,0,0.000109378,4.89532E-05,0,1.33127E-14,1.29529E-15,4.94506E-16,0,-3.27655E-15
199,120.07201391927445,-5.32587E-15,120.07200320791972,2.120911718928938E-06,0,8.590443000380817E-06,8.443307601079142E-07,0,0.000109252,4.93138E-05,0,1.39653E-14,7.19606E-16,9.89013E-16,1.49796E-16,-3.66202E-15
200,120.07201391927443,-5.56258E-15,120.07200321000752,2.1188239099719218E-06,0,8.590443000380817E-06,8.464185690649318E-07,0,0.000109117,4.96691E-05,0,1.34432E-14,7.19606E-16,3.29671E-16,1.19837E-15,-4.0475E-15
201,120.07201391927435,-6.15434E-15,120.07200319447402,2.134357325140267E-06,0,8.590443000380817E-06,8.525528667120172E-07,0,0.000109001,5.00024E-05,-1.18364E-16,1.29212E-14,8.63527E-16,-4.94506E-16,8.98777E-16,-3.85476E-15
202,120.07201391927435,-6.15434E-15,120.07200320043938,2.1283919618441545E-06,0,8.590443000380817E-06,8.585182300081296E-07,0,0.000108927,5.03092E-05,-1.18364E-16,1.38348E-14,1.29529E-15,4.94506E-16,5.99185E-16,-3.08381E-15
203,120.07201391927435,-6.15434E-15,120.07200320629448,2.122536866544149E-06,0,8.590443000380817E-06,8.64373325308135E-07,0,0.000108846,5.06239E-05,-1.18364E-16,1.37043E-14,5.75684E-16,1.64835E-16,5.99185E-16,-4.43298E-15
204,120.07201391927435,-6.15434E-15,120.07200320176385,2.127067500446827E-06,0,8.590443000380817E-06,8.701497941539065E-07,0,0.000108765,5.09105E-05,-1.18364E-16,1.27906E-14,5.75684E-16,1.64835E-16,7.48981E-16,-3.66202E-15
205,120.07201391927435,-6.15434E-15,120.07200320741731,2.121414037901294E-06,0,8.590443000380817E-06,8.758032566994393E-07,0,0.000108683,5.11629E-05,-1.18364E-16,1.35737E-14,5.75684E-16,6.59342E-16,1.19837E-15,-3.46929E-15
206,120.07201391927435,-6.15434E-15,120.07200321040453,2.1184268413479452E-06,0,8.590443000380817E-06,8.813931408796045E-07,0,0.000108599,5.14087E-05,-1.18364E-16,1.39653E-14,1.15137E-15,1.15385E-15,1.49796E-16,-4.0475E-15
207,120.07201391927437,-6.03599E-15,120.07200321299591,2.1158354718370182E-06,0,8.590443000380817E-06,8.868838674364489E-07,0,0.000108513,5.16443E-05,-1.18364E-16,1.33127E-14,1.58313E-15,1.64835E-16,8.98777E-16,-3.27655E-15
208,120.07201391927437,-6.03599E-15,120.07200321838158,2.1104498067161907E-06,0,8.590443000380817E-06,8.92269532557278E-07,0,0.000108416,5.18747E-05,-1.18364E-16,1.40958E-14,1.29529E-15,6.59342E-16,5.99185E-16,-3.66202E-15
209,120.07201391927437,-6.03599E-15,120.07200322368654,2.10514484672107E-06,0,8.590443000380817E-06,8.975744925523992E-07,0,0.000108316,5.20946E-05,-1.18364E-16,1.38348E-14,1.58313E-15,1.15385E-15,1.49796E-16,-2.89107E-15
210,120.07201391927437,-6.03599E-15,120.07200322891414,2.09991724022487E-06,0,8.590443000380817E-06,9.028020990485977E-07,0,0.000108218,5.23026E-05,-1.18364E-16,1.33127E-14,1.58313E-15,4.94506E-16,4.49388E-16,-3.85476E-15
211,120.07201391927437,-6.03599E-15,120.07200323406744,2.0947639378379885E-06,0,8.590443000380817E-06,9.079554014354795E-07,0,0.000108132,5.24999E-05,-1.18364E-16,1.38348E-14,1.29529E-15,6.59342E-16,2.99592E-16,-3.46929E-15
212,120.07201391927435,-6.15434E-15,120.0720032391492,2.0896821751958026E-06,0,8.590443000380817E-06,9.130371640776655E-07,0,0.000108069,5.26918E-05,-1.18364E-16,1.42263E-14,1.00745E-15,4.94506E-16,7.48981E-16,-4.0475E-15
213,120.07201391927437,-6.03599E-15,120.07200322846536,2.1003660070440185E-06,0,8.590443000380817E-06,9.180624025448328E-07,0,0.00010794,5.28838E-05,-1.18364E-16,1.35737E-14,7.19606E-16,1.64835E-16,2.99592E-16,-2.89107E-15
214,120.07201391927437,-6.03599E-15,120.0720032299184,2.0989129667816227E-06,0,8.590443000380817E-06,9.230150537399809E-07,0,0.000107798,5.30656E-05,-1.18364E-16,1.34432E-14,8.63527E-16,6.59342E-16,1.04857E-15,-3.85476E-15
215,120.07201391927437,-6.03599E-15,120.07200323479913,2.0940322379610513E-06,0,8.590443000380817E-06,9.278957825605526E-07,0,0.000107671,5.32428E-05,-1.18364E-16,1.35737E-14,7.19606E-16,3.29671E-16,8.98777E-16,-3.85476E-15
216,120.07201391927437,-6.03599E-15,120.07200323961713,2.089214232150895E-06,0,8.590443000380817E-06,9.327137883707092E-07,0,0.000107566,5.34224E-05,-1.18364E-16,1.40958E-14,1.00745E-15,9.89013E-16,-2.99592E-16,-3.66202E-15
217,120.07201391927435,-6.15434E-15,120.07200324437417,2.084457185991651E-06,0,8.590443000380817E-06,9.374708345299534E-07,0,0.000104874,5.56633E-05,-1.18364E-16,9.65824E-15,1.43921E-15,1.15385E-15,5.99185E-16,-3.08381E-15
218,120.07201391927435,-6.15434E-15,120.07200322724039,2.1015909708597376E-06,0,8.590443000380817E-06,9.421839351075033E-07,0,0.000100125,5.90838E-05,-1.18364E-16,9.65824E-15,1.29529E-15,9.89013E-16,1.34817E-15,-3.08381E-15
219,120.07201391927435,-6.15434E-15,120.07200323187996,2.096951397950821E-06,0,8.590443000380817E-06,9.468235080164197E-07,0,9.4553E-05,6.23695E-05,-1.18364E-16,9.65824E-15,8.63527E-16,6.59342E-16,1.49796E-16,-2.12012E-15
220,120.07201391927437,-6.03599E-15,120.07200323646325,2.0923681153017014E-06,0,8.590443000380817E-06,9.514067906655395E-07,0,8.80764E-05,6.53627E-05,-1.18364E-16,9.65824E-15,7.19606E-16,8.24177E-16,7.48981E-16,-1.5419E-15
221,120.07201391927437,-6.03599E-15,120.07200324099162,2.0878397378406745E-06,0,8.590443000380817E-06,9.55935168126566E-07,0,8.06746E-05,6.77525E-05,-1.18364E-16,9.78876E-15,2.0149E-15,3.29671E-16,2.99592E-16,-2.5056E-15
222,120.07201391927437,-6.03599E-15,120.07200322839337,2.100437996197783E-06,0,8.590443000380817E-06,9.604222216780075E-07,0,7.2389E-05,6.92348E-05,-1.18364E-16,9.39721E-15,8.63527E-16,1.15385E-15,7.48981E-16,-3.46929E-15
223,120.07201391927437,-6.03599E-15,120.07200319181463,2.137016743810074E-06,0,8.590443000380817E-06,9.648612265973349E-07,0,6.34333E-05,6.94641E-05,-1.18364E-16,9.91928E-15,1.00745E-15,8.24177E-16,5.99185E-16,-2.12012E-15
224,120.07201391927437,-6.03599E-15,120.07200319618535,2.13264602078979E-06,0,8.590443000380817E-06,9.692319496176182E-07,0,5.40558E-05,6.81254E-05,-1.18364E-16,1.04413E-14,1.72705E-15,1.31868E-15,1.49796E-16,-2.89107E-15
225,120.07201391927437,-6.03599E-15,120.07200320050617,2.128325195894945E-06,0,8.590443000380817E-06,9.735527745124629E-07,0,4.4822E-05,6.53004E-05,-1.18364E-16,1.04413E-14,2.87842E-16,9.89013E-16,7.48981E-16,-3.08381E-15
226,120.07201391927435,-6.15434E-15,120.07200320477823,2.1240531367157936E-06,0,8.590443000380817E-06,9.778248336916142E-07,0,3.61469E-05,6.10779E-05,-1.18364E-16,9.91928E-15,1.87097E-15,6.59342E-16,1.19837E-15,-2.12012E-15
227,120.07201391927437,-6.03599E-15,120.07200320900262,2.1198287482434615E-06,0,8.590443000380817E-06,9.820492221639465E-07,0,2.83821E-05,5.56856E-05,-1.18364E-16,9.91928E-15,1.29529E-15,9.89013E-16,1.19837E-15,-1.15643E-15
228,120.07201391927437,-6.03599E-15,120.0720032131804,2.1156509705996224E-06,0,8.590443000380817E-06,9.862269998077865E-07,0,2.17643E-05,4.94424E-05,-1.18364E-16,9.78876E-15,1.29529E-15,1.15385E-15,8.98777E-16,-1.92738E-15
229,120.07201391927438,-5.91764E-15,120.0720032173126,2.111518777169945E-06,0,8.590443000380817E-06,9.903591932374623E-07,0,1.63976E-05,4.2696E-05,-1.18364E-16,1.01803E-14,1.58313E-15,4.94506E-16,5.99185E-16,-1.92738E-15
230,120.07201391927437,-6.03599E-15,120.0720032214002,2.1074311730366255E-06,0,8.590443000380817E-06,9.94446797370782E-07,0,1.22683E-05,3.57685E-05,-1.18364E-16,9.52773E-15,1.58313E-15,1.64835E-16,1.49796E-15,-2.12012E-15
231,120.07201391927435,-6.15434E-15,120.07200322544416,2.1033871936310985E-06,0,8.590443000380817E-06,9.984907767763098E-07,0,9.27899E-06,2.89235E-05,-1.18364E-16,9.65824E-15,1.43921E-15,8.24177E-16,1.34817E-15,-2.12012E-15
232,120.07201391927437,-6.03599E-15,120.07200322944546,2.099385903548269E-06,0,8.590443000380817E-06,1.0024920668591393E-06,0,7.28388E-06,2.23543E-05,-1.18364E-16,9.26669E-15,1.72705E-15,1.64835E-16,0,-2.31286E-15
233,120.07201391927437,-6.03599E-15,120.07200323340497,2.095426395479078E-06,0,8.590443000380817E-06,1.0064515749283306E-06,0,6.1195E-06,1.61888E-05,-1.18364E-16,9.52773E-15,1.72705E-15,1.15385E-15,8.98777E-16,-2.12012E-15
234,120.07201391927437,-6.03599E-15,120.07200321815311,2.1106782599531437E-06,0,8.590443000380817E-06,1.0103776892545226E-06,0,5.59264E-06,1.04832E-05,-1.18364E-16,1.04413E-14,2.30274E-15,8.24177E-16,2.99592E-16,-2.12012E-15
235,120.07201391927437,-6.03599E-15,120.07200321407832,2.1147530491909724E-06,0,8.590443000380817E-06,1.014256092332245E-06,0,5.48378E-06,5.20736E-06,-1.18364E-16,9.65824E-15,1.43921E-15,1.64835E-16,7.48981E-16,-1.73464E-15
236,120.07201391927438,-5.91764E-15,120.07200321791751,2.110913860685221E-06,0,8.590443000380817E-06,1.0180952808379958E-06,0,5.70592E-06,3.4663E-07,-1.18364E-16,1.00498E-14,1.00745E-15,1.15385E-15,5.99185E-16,-2.5056E-15
237,120.07201391927438,-5.91764E-15,120.07200322171829,2.10711308274317E-06,0,8.590443000380817E-06,1.0218960587800473E-06,0,6.21557E-06,-4.09569E-06,-1.18364E-16,1.01803E-14,2.0149E-15,6.59342E-16,8.98777E-16,-2.69833E-15
238,120.07201391927437,-6.03599E-15,120.07200322548144,2.1033499350561094E-06,0,8.590443000380817E-06,1.0256592064671073E-06,0,6.94073E-06,-8.15508E-06,-1.18364E-16,9.65824E-15,1.15137E-15,1.48352E-15,5.99185E-16,-9.63691E-16
239,120.07201391927438,-5.91764E-15,120.07200322920772,2.099623660241994E-06,0,8.590443000380817E-06,1.029385481281223E-06,0,7.82725E-06,-1.18678E-05,-1.18364E-16,9.78876E-15,1.29529E-15,1.15385E-15,4.49388E-16,-2.31286E-15
240,120.07201391927438,-5.91764E-15,120.07200323289786,2.0959335230947053E-06,0,8.590443000380817E-06,1.0330756184285122E-06,0,8.83437E-06,-1.52679E-05,-1.18364E-16,1.03108E-14,1.00745E-15,9.89013E-16,1.49796E-15,-2.5056E-15
241,120.07201391927437,-6.03599E-15,120.07200323655256,2.092278809853687E-06,0,8.590443000380817E-06,1.03673033166953E-06,0,9.93115E-06,-1.83863E-05,-1.18364E-16,9.91928E-15,1.15137E-15,9.89013E-16,7.48981E-16,-2.5056E-15
242,120.07201391927438,-5.91764E-15,120.07200324017255,2.0886588274929527E-06,0,8.590443000380817E-06,1.0403503140302643E-06,0,1.10939E-05,-2.12505E-05,-1.18364E-16,1.00498E-14,1.00745E-15,1.31868E-15,7.48981E-16,-1.15643E-15
243,120.07201391927437,-6.03599E-15,120.07200324375847,2.085072903028964E-06,0,8.590443000380817E-06,1.0439362384942524E-06,0,1.23043E-05,-2.38844E-05,-1.18364E-16,1.00498E-14,1.58313E-15,8.24177E-16,1.49796E-15,-1.5419E-15
244,120.07201391927437,-6.03599E-15,120.07200324731099,2.0815203828472302E-06,0,8.590443000380817E-06,1.047488758675987E-06,0,1.3548E-05,-2.63089E-05,-1.18364E-16,9.91928E-15,1.29529E-15,1.31868E-15,2.99592E-16,-1.73464E-15
245,120.07201391927435,-6.15434E-15,120.07200325083073,2.0780006320476E-06,0,8.590443000380817E-06,1.0510085094756167E-06,0,1.48134E-05,-2.85418E-05,-1.18364E-16,9.65824E-15,1.15137E-15,9.89013E-16,0,-3.08381E-15
246,120.07201391927437,-6.03599E-15,120.07200325431833,2.0745130338083425E-06,0,8.590443000380817E-06,1.0544961077148753E-06,0,1.60907E-05,-3.05979E-05,-1.18364E-16,1.01803E-14,1.72705E-15,1.64835E-16,4.49388E-16,-2.31286E-15
247,120.07201391927435,-6.15434E-15,120.07200325777437,2.0710569887690625E-06,0,8.590443000380817E-06,1.0579521527541547E-06,0,1.737E-05,-3.24898E-05,-1.18364E-16,1.01803E-14,1.58313E-15,8.24177E-16,5.99185E-16,-1.5419E-15
248,120.07201391927435,-6.15434E-15,120.07200326119944,2.0676319144325415E-06,0,8.590443000380817E-06,1.0613772270906753E-06,0,1.864E-05,-3.42304E-05,-1.18364E-16,9.91928E-15,1.29529E-15,4.94506E-16,5.99185E-16,-2.69833E-15
249,120.07201391927435,-6.15434E-15,120.0720032645941,2.064237244585465E-06,0,8.590443000380817E-06,1.064771896937752E-06,0,1.989E-05,-3.58363E-05,-1.18364E-16,1.03108E-14,1.00745E-15,6.59342E-16,4.49388E-16,-2.69833E-15
250,120.07201391927435,-6.15434E-15,120.07200326795892,2.0608724287379897E-06,0,8.590443000380817E-06,1.0681367127852277E-06,0,2.11151E-05,-3.73277E-05,-1.18364E-16,9.78876E-15,1.87097E-15,4.94506E-16,5.99185E-16,-2.31286E-15
251,120.07201391927435,-6.15434E-15,120.07200327129442,2.0575369315820137E-06,0,8.590443000380817E-06,1.0714722099412032E-06,0,2.23183E-05,-3.87211E-05,-1.18364E-16,9.78876E-15,2.15882E-15,8.24177E-16,5.99185E-16,-2.5056E-15
252,120.07201391927435,-6.15434E-15,120.07200327460112,2.054230232467949E-06,0,8.590443000380817E-06,1.0747789090552688E-06,0,2.35043E-05,-4.00259E-05,-1.18364E-16,9.52773E-15,1.58313E-15,1.31868E-15,4.49388E-16,-2.89107E-15
253,120.07201391927434,-6.2727E-15,120.07200327169419,2.0571371491453535E-06,0,8.590443000380817E-06,1.0780642654780779E-06,0,2.46796E-05,-4.12423E-05,-1.18364E-16,1.00498E-14,1.87097E-15,6.59342E-16,5.99185E-16,-2.5056E-15
254,120.07201391927434,-6.2727E-15,120.07200327494468,2.053886660173256E-06,0,8.590443000380817E-06,1.081314754450175E-06,0,2.58425E-05,-4.2374E-05,-1.18364E-16,9.91928E-15,1.87097E-15,9.89013E-16,5.99185E-16,-1.73464E-15
255,120.07201391927434,-6.2727E-15,120.07200327816786,2.0506634870996025E-06,0,8.590443000380817E-06,1.0845379275238282E-06,0,2.6986E-05,-4.34306E-05,-1.18364E-16,9.52773E-15,1.29529E-15,4.94506E-16,1.49796E-16,-2.12012E-15
256,120.07201391927434,-6.2727E-15,120.07200328136418,2.0474671631451805E-06,0,8.590443000380817E-06,1.08773425147825E-06,0,2.81082E-05,-4.44193E-05,-1.18364E-16,9.39721E-15,1.58313E-15,8.24177E-16,7.48981E-16,-1.92738E-15
257,120.07201391927434,-6.2727E-15,120.0720032845341,2.0442972338356574E-06,0,8.590443000380817E-06,1.0909041807877725E-06,0,2.92085E-05,-4.53475E-05,-1.18364E-16,9.91928E-15,1.58313E-15,3.29671E-16,4.49388E-16,-2.31286E-15
258,120.07201391927434,-6.2727E-15,120.07200328767809,2.041153256582321E-06,0,8.590443000380817E-06,1.0940481580411084E-06,0,3.02884E-05,-4.62228E-05,-1.18364E-16,1.04413E-14,1.15137E-15,1.15385E-15,5.99185E-16,-2.69833E-15
259,120.07201391927433,-6.39105E-15,120.07200329079653,2.038034800278599E-06,0,8.590443000380817E-06,1.097166614344831E-06,0,3.13513E-05,-4.70514E-05,-1.18364E-16,9.91928E-15,1.43921E-15,6.59342E-16,2.99592E-16,-2.89107E-15
260,120.07201391927433,-6.39105E-15,120.07200329388988,2.03494144491186E-06,0,8.590443000380817E-06,1.1002599697115695E-06,0,3.24014E-05,-4.78372E-05,-1.18364E-16,1.00498E-14,8.63527E-16,8.24177E-16,5.99185E-16,-1.5419E-15
261,120.07201391927433,-6.39105E-15,120.07200329695854,2.0318727811900113E-06,0,8.590443000380817E-06,1.1033286334334188E-06,0,3.34428E-05,-4.85819E-05,-1.18364E-16,9.65824E-15,1.29529E-15,1.31868E-15,-2.99592E-16,-2.31286E-15
262,120.07201391927433,-6.39105E-15,120.07200330000292,2.02882841018236E-06,0,8.590443000380817E-06,1.1063730044410704E-06,0,3.44789E-05,-4.92854E-05,-1.18364E-16,1.01803E-14,1.58313E-15,1.97803E-15,5.99185E-16,-1.5419E-15
263,120.07201391927434,-6.2727E-15,120.0720033030234,2.0258079429742615E-06,0,8.590443000380817E-06,1.1093934716491689E-06,0,3.55119E-05,-4.99463E-05,-1.18364E-16,1.00498E-14,1.29529E-15,1.31868E-15,5.99185E-16,-2.5056E-15
264,120.07201391927435,-6.15434E-15,120.07200330436166,2.0244696865592922E-06,0,8.590443000380817E-06,1.1123958406745307E-06,0,3.65408E-05,-5.05633E-05,-1.18364E-16,9.78876E-15,1.29529E-15,1.31868E-15,4.49388E-16,-2.12012E-15
265,120.07201391927435,-6.15434E-15,120.07200330733536,2.021495983171172E-06,0,8.590443000380817E-06,1.1153695440626512E-06,0,3.75639E-05,-5.11351E-05,-1.18364E-16,9.78876E-15,7.19606E-16,1.31868E-15,4.49388E-16,-2.12012E-15
266,120.07201391927435,-6.15434E-15,120.07200330162114,2.0272102154944594E-06,0,8.590443000380817E-06,1.1183260650453363E-06,0,3.85889E-05,-5.16534E-05,-1.18364E-16,1.01803E-14,1.15137E-15,8.24177E-16,2.99592E-16,-2.31286E-15
267,120.07201391927435,-6.15434E-15,120.07200330454953,2.0242818296685312E-06,0,8.590443000380817E-06,1.1212544508712637E-06,0,3.96118E-05,-5.21149E-05,-1.18364E-16,9.91928E-15,7.19606E-16,8.24177E-16,5.99185E-16,-2.89107E-15
268,120.07201391927435,-6.15434E-15,120.07200330745582,2.0213755381510957E-06,0,8.590443000380817E-06,1.1241607423887003E-06,0,4.06198E-05,-5.25224E-05,-1.18364E-16,1.04413E-14,1.00745E-15,6.59342E-16,8.98777E-16,-2.89107E-15
269,120.07201391927437,-6.03599E-15,120.07200331034035,2.0184910057075907E-06,0,8.590443000380817E-06,1.1270452748322042E-06,0,4.16044E-05,-5.2877E-05,-1.18364E-16,1.03108E-14,1.58313E-15,9.89013E-16,1.04857E-15,-1.92738E-15
270,120.07201391927434,-6.2727E-15,120.0720033011909,2.027640444506733E-06,0,8.590443000380817E-06,1.1299106845523156E-06,0,4.25447E-05,-5.32689E-05,-1.18364E-16,1.03108E-14,1.29529E-15,8.24177E-16,5.99185E-16,-2.89107E-15
271,120.07201391927434,-6.2727E-15,120.07200330403285,2.024798490148966E-06,0,8.590443000380817E-06,1.132752638910083E-06,0,4.34673E-05,-5.36417E-05,-1.18364E-16,9.91928E-15,8.63527E-16,1.64835E-16,1.19837E-15,-2.31286E-15
272,120.07201391927433,-6.39105E-15,120.072003306854,2.0219773350036396E-06,0,8.590443000380817E-06,1.1355737940554093E-06,0,4.43764E-05,-5.39863E-05,-1.18364E-16,9.52773E-15,1.58313E-15,1.48352E-15,8.98777E-16,-2.89107E-15
273,120.07201391927434,-6.2727E-15,120.07200330965466,2.0191766741387368E-06,0,8.590443000380817E-06,1.1383744549203115E-06,0,4.52732E-05,-5.4304E-05,-1.18364E-16,1.01803E-14,1.43921E-15,6.59342E-16,-1.49796E-16,-2.5056E-15
274,120.07201391927433,-6.39105E-15,120.07200331243511,2.016396209606836E-06,0,8.590443000380817E-06,1.1411549194522127E-06,0,4.61581E-05,-5.45949E-05,-1.18364E-16,9.78876E-15,8.63527E-16,8.24177E-16,4.49388E-16,-2.31286E-15
275,120.07201391927433,-6.39105E-15,120.07200331519567,2.0136356502290674E-06,0,8.590443000380817E-06,1.1439154788299811E-06,0,4.70301E-05,-5.4859E-05,-1.18364E-16,1.01803E-14,1.58313E-15,6.59342E-16,5.99185E-16,-2.31286E-15
276,120.07201391927433,-6.39105E-15,120.0720033179366,2.010894711387198E-06,0,8.590443000380817E-06,1.14665641767185E-06,0,4.78874E-05,-5.50978E-05,-1.18364E-16,1.00498E-14,1.29529E-15,6.59342E-16,1.04857E-15,-2.5056E-15
277,120.07201391927431,-6.5094E-15,120.0720033206582,2.0081731148234945E-06,0,8.590443000380817E-06,1.1493780142355538E-06,0,4.87284E-05,-5.53142E-05,-1.18364E-16,1.00498E-14,1.43921E-15,1.15385E-15,4.49388E-16,-3.27655E-15
278,120.07201391927433,-6.39105E-15,120.07200332336073,2.005470588448044E-06,0,8.590443000380817E-06,1.1520805406110056E-06,0,4.95526E-05,-5.55124E-05,-1.18364E-16,1.01803E-14,1.43921E-15,3.29671E-16,1.49796E-16,-2.31286E-15
279,120.07201391927433,-6.39105E-15,120.07200332604445,2.002786866153219E-06,0,8.590443000380817E-06,1.1547642629058294E-06,0,5.03626E-05,-5.56965E-05,-1.18364E-16,9.91928E-15,1.15137E-15,4.94506E-16,5.99185E-16,-1.5419E-15
280,120.07201391927431,-6.5094E-15,120.07200332870963,2.000121687635006E-06,0,8.590443000380817E-06,1.1574294414240428E-06,0,5.11622E-05,-5.5869E-05,-1.18364E-16,1.01803E-14,8.63527E-16,9.89013E-16,4.49388E-16,-1.73464E-15
281,120.07201391927434,-6.2727E-15,120.07200333135653,1.997474798220871E-06,0,8.590443000380817E-06,1.1600763308381775E-06,0,5.19553E-05,-5.60299E-05,-1.18364E-16,1.03108E-14,7.19606E-16,1.64835E-16,8.98777E-16,-3.27655E-15
282,120.07201391927434,-6.2727E-15,120.07200333398538,1.994845948703937E-06,0,8.590443000380817E-06,1.1627051803551118E-06,0,5.27446E-05,-5.61776E-05,-1.18364E-16,1.04413E-14,4.31763E-16,1.64835E-16,1.19837E-15,-2.12012E-15
283,120.07201391927434,-6.2727E-15,120.07200333659644,1.9922348951831745E-06,0,8.590443000380817E-06,1.165316233875875E-06,0,5.35314E-05,-5.63098E-05,-1.18364E-16,9.78876E-15,1.58313E-15,4.94506E-16,4.49388E-16,-1.15643E-15
284,120.07201391927434,-6.2727E-15,120.07200333918993,1.989641398909375E-06,0,8.590443000380817E-06,1.1679097301496737E-06,0,5.43157E-05,-5.64242E-05,-1.18364E-16,9.52773E-15,1.43921E-15,1.15385E-15,1.04857E-15,-2.31286E-15
285,120.07201391927434,-6.2727E-15,120.0720033417661,1.9870652261366657E-06,0,8.590443000380817E-06,1.1704859029223835E-06,0,5.50966E-05,-5.65189E-05,-1.18364E-16,9.65824E-15,8.63527E-16,3.29671E-16,7.48981E-16,-1.92738E-15
286,120.07201391927433,-6.39105E-15,120.07200334432518,1.9845061479793206E-06,0,8.590443000380817E-06,1.173044981079729E-06,0,5.58725E-05,-5.65926E-05,-1.18364E-16,1.00498E-14,4.31763E-16,3.29671E-16,7.48981E-16,-1.73464E-15
287,120.07201391927433,-6.39105E-15,120.07200334686738,1.9819639402736737E-06,0,8.590443000380817E-06,1.1755871887853759E-06,0,5.66417E-05,-5.66446E-05,-1.18364E-16,9.78876E-15,1.00745E-15,9.89013E-16,7.48981E-16,-2.12012E-15
288,120.07201391927433,-6.39105E-15,120.07200334939293,1.9794383834449083E-06,0,8.590443000380817E-06,1.1781127456141412E-06,0,5.74019E-05,-5.66747E-05,-1.18364E-16,1.03108E-14,7.19606E-16,6.59342E-16,7.48981E-16,-2.12012E-15
289,120.07201391927433,-6.39105E-15,120.07200335190205,1.9769292623785256E-06,0,8.590443000380817E-06,1.1806218666805233E-06,0,5.81506E-05,-5.66836E-05,-1.18364E-16,9.78876E-15,1.29529E-15,3.29671E-16,1.64776E-15,-2.5056E-15
290,120.07201391927431,-6.5094E-15,120.07200335439495,1.9744363662963075E-06,0,8.590443000380817E-06,1.1831147627627412E-06,0,5.88857E-05,-5.66728E-05,-1.18364E-16,9.78876E-15,1.72705E-15,1.31868E-15,1.34817E-15,-2.12012E-15
291,120.07201391927433,-6.39105E-15,120.07200335687183,1.971959488636582E-06,0,8.590443000380817E-06,1.185591640422467E-06,0,5.96055E-05,-5.66445E-05,-1.18364E-16,9.91928E-15,1.00745E-15,6.59342E-16,4.49388E-16,-2.5056E-15
292,120.07201391927433,-6.39105E-15,120.0720033593329,1.969498426938623E-06,0,8.590443000380817E-06,1.1880527021204255E-06,0,6.03088E-05,-5.66017E-05,-1.18364E-16,1.04413E-14,1.15137E-15,4.94506E-16,1.19837E-15,-2.12012E-15
293,120.07201391927433,-6.39105E-15,120.07200336177833,1.967052982731023E-06,0,8.590443000380817E-06,1.1904981463280255E-06,0,6.09958E-05,-5.65474E-05,-1.18364E-16,1.05719E-14,1.15137E-15,3.29671E-16,1.19837E-15,-1.92738E-15
294,120.07201391927433,-6.39105E-15,120.07200336420836,1.96462296142386E-06,0,8.590443000380817E-06,1.1929281676351875E-06,0,6.16674E-05,-5.64843E-05,-1.18364E-16,9.91928E-15,1.00745E-15,4.94506E-16,5.99185E-16,-2.12012E-15
295,120.07201391927433,-6.39105E-15,120.07200336662315,1.9622081722045365E-06,0,8.590443000380817E-06,1.1953429568545127E-06,0,6.23249E-05,-5.64147E-05,-1.18364E-16,1.05719E-14,1.43921E-15,1.64835E-15,1.49796E-15,-1.73464E-15
296,120.07201391927433,-6.39105E-15,120.0720033690229,1.959808427937104E-06,0,8.590443000380817E-06,1.197742701121945E-06,0,6.29703E-05,-5.634E-05,-1.18364E-16,9.78876E-15,1.43921E-15,3.29671E-16,0,-2.5056E-15
297,120.07201391927434,-6.2727E-15,120.07200337140779,1.957423545064987E-06,0,8.590443000380817E-06,1.2001275839940615E-06,0,6.36055E-05,-5.62612E-05,-1.18364E-16,1.00498E-14,1.43921E-15,1.31868E-15,4.49388E-16,-1.92738E-15
298,120.07201391927433,-6.39105E-15,120.07200337377799,1.9550533435169234E-06,0,8.590443000380817E-06,1.2024977855421257E-06,0,6.42322E-05,-5.61784E-05,-1.18364E-16,1.01803E-14,1.72705E-15,3.29671E-16,1.34817E-15,-2.31286E-15
299,120.07201391927434,-6.2727E-15,120.0720033761337,1.952697646616019E-06,0,8.590443000380817E-06,1.20485348244303E-06,0,6.48519E-05,-5.60918E-05,-1.18364E-16,1.07024E-14,1.15137E-15,4.94506E-16,2.99592E-16,-3.08381E-15
300,120.07201391927434,-6.2727E-15,120.07200337847506,1.9503562809917987E-06,0,8.590443000380817E-06,1.2071948480672496E-06,0,6.54661E-05,-5.6001E-05,-1.18364E-16,1.01803E-14,1.00745E-15,9.89013E-16,2.99592E-16,-2.31286E-15
350,120.07201391927437,-6.03599E-15,120.07200347330541,1.8555259516615603E-06,0,8.590443000380817E-06,1.3090683196530758E-06,0,9.011E-05,-4.52339E-05,-1.18364E-16,1.01803E-14,8.63527E-16,4.94506E-16,1.49796E-16,-2.5056E-15
400,120.07201391927438,-5.91764E-15,120.07200355345061,1.7753807589502378E-06,0,8.590443000380817E-06,1.3892135123643979E-06,0,0.000109112,-2.26589E-05,-1.18364E-16,9.78876E-15,1.43921E-15,4.94506E-16,8.98777E-16,-2.5056E-15
450,120.07201391927445,-5.32587E-15,120.07200361923019,1.7096012594202627E-06,0,8.590443000380817E-06,1.454993011894373E-06,0,0.000121171,1.13039E-05,-1.18364E-16,1.03108E-14,8.63527E-16,9.89013E-16,5.99185E-16,-1.92738E-15
500,120.07201391927447,-5.20752E-15,120.07200367479726,1.6540341984497247E-06,0,8.590443000380817E-06,1.5105600728649113E-06,0,1.28951E-05,8.19388E-05,-1.18364E-16,1.01803E-14,1.15137E-15,8.24177E-16,1.04857E-15,-2.12012E-15
550,120.07201391927448,-5.08917E-15,120.07200372274167,1.6060898121080243E-06,0,8.590443000380817E-06,1.5585044592066123E-06,0,3.45325E-05,3.79493E-06,-1.18364E-16,9.65824E-15,7.19606E-16,6.59342E-16,8.98777E-16,-2.12012E-15
600,120.07201391927453,-4.73411E-15,120.07200376479003,1.5640414890456307E-06,0,8.590443000380817E-06,1.6005527822690047E-06,0,4.17646E-05,4.78412E-06,-1.18364E-16,1.01803E-14,1.43921E-15,3.29671E-16,8.98777E-16,-1.92738E-15
650,120.07201391927451,-4.85246E-15,120.07200380215082,1.52668068031409E-06,0,8.590443000380817E-06,1.6379135910005466E-06,0,4.26634E-05,8.97315E-06,-1.18364E-16,1.03108E-14,1.58313E-15,8.24177E-16,2.99592E-16,-1.5419E-15
700,120.07201391927453,-4.73411E-15,120.07200383570228,1.4931292474485993E-06,0,8.590443000380817E-06,1.6714650238660368E-06,0,4.52873E-05,1.35481E-05,-1.18364E-16,1.03108E-14,1.29529E-15,3.29671E-16,1.04857E-15,-2.89107E-15
750,120.07201391927451,-4.85246E-15,120.07200386610168,1.462729822945548E-06,0,8.590443000380817E-06,1.701864448369088E-06,0,4.92339E-05,4.93954E-05,-1.18364E-16,1.04413E-14,5.75684E-16,4.94506E-16,7.48981E-16,-2.89107E-15
800,120.07201391927448,-5.08917E-15,120.07200389385336,1.43497812398454E-06,0,8.590443000380817E-06,1.7296161473300938E-06,0,-3.93667E-05,-2.959E-05,-1.18364E-16,1.04413E-14,1.15137E-15,-1.64835E-16,7.48981E-16,-2.69833E-15
850,120.07201391927445,-5.32587E-15,120.07200391935216,1.4094792934997869E-06,0,8.590443000380817E-06,1.7551149778148482E-06,0,-4.82701E-07,-5.19022E-05,-1.18364E-16,9.78876E-15,1.00745E-15,6.59342E-16,1.04857E-15,-2.12012E-15
900,120.07201391927441,-5.68093E-15,120.0720039429127,1.3859187092595797E-06,0,8.590443000380817E-06,1.778675562055055E-06,0,2.24779E-05,-5.35624E-05,-1.18364E-16,9.78876E-15,1.29529E-15,4.94506E-16,8.98777E-16,-2.31286E-15
950,120.07201391927443,-5.56258E-15,120.07200396478956,1.3640418698753168E-06,0,8.590443000380817E-06,1.8005524014393179E-06,0,4.65942E-05,-5.0573E-05,-1.18364E-16,9.91928E-15,1.43921E-15,8.24177E-16,7.48981E-16,-2.12012E-15
1000,120.07201391927445,-5.32587E-15,120.07200398488791,1.343640175008771E-06,3.033565560828937E-10,8.590443000380817E-06,1.8209540963058631E-06,0,7.19452E-05,-2.54318E-05,-1.18364E-16,1.01803E-14,8.63527E-16,8.24177E-16,5.99185E-16,-1.92738E-15
1050,120.07201391927444,-5.44423E-15,120.07200400398743,1.3245406472788656E-06,3.033565560828937E-10,8.590443000380817E-06,1.8400536240357694E-06,0,-3.79509E-05,-2.06168E-05,-1.18364E-16,1.00498E-14,1.58313E-15,-1.64835E-16,8.98777E-16,-2.69833E-15
1100,120.07201391927448,-5.08917E-15,120.07200402192976,1.3065983580667768E-06,3.033565560828937E-10,8.590443000380817E-06,1.857995913247858E-06,0,1.57848E-05,-6.71671E-05,-1.18364E-16,9.52773E-15,8.63527E-16,4.94506E-16,1.19837E-15,-1.5419E-15
1150,120.07201391927448,-5.08917E-15,120.07200403883738,1.2896907497895045E-06,3.033565560828937E-10,8.590443000380817E-06,1.8749035215251314E-06,0,4.1953E-05,-6.66267E-05,-1.18364E-16,1.00498E-14,8.63527E-16,4.94506E-16,1.04857E-15,-2.5056E-15
1200,120.07201391927443,-5.56258E-15,120.07200405481476,1.273713314611197E-06,3.033565560828937E-10,8.590443000380817E-06,1.8908809567034402E-06,0,6.03768E-05,-6.13941E-05,-1.18364E-16,9.52773E-15,1.43921E-15,1.64835E-16,7.48981E-16,-2.12012E-15
1250,120.07201391927444,-5.44423E-15,120.07200406995182,1.2585762603554866E-06,3.033565560828937E-10,8.590443000380817E-06,1.9060180109591498E-06,0,8.29625E-05,-4.78376E-05,-1.18364E-16,9.78876E-15,1.00745E-15,6.59342E-16,8.98777E-16,-2.5056E-15
1300,120.0720139192745,-4.97082E-15,120.07200408432624,1.244201906176826E-06,3.033565560828937E-10,8.590443000380817E-06,1.920392365137808E-06,0,7.99954E-05,3.10799E-05,-1.18364E-16,9.78876E-15,1.29529E-15,8.24177E-16,1.19837E-15,-1.15643E-15
1350,120.07201391927454,-4.61576E-15,120.07200409800555,1.2305226253351035E-06,3.033565560828937E-10,8.590443000380817E-06,1.9340716459795294E-06,0,2.21671E-05,-6.31361E-05,-1.18364E-16,9.91928E-15,1.15137E-15,9.89013E-16,7.48981E-16,-2.69833E-15
1400,120.07201391927451,-4.85246E-15,120.05772411104894,1.2174792034266262E-06,0.014280000303356556,8.590443000380817E-06,1.9471150678880083E-06,0,5.34358E-05,-5.97818E-05,-2.36728E-16,1.04413E-14,5.75684E-16,-1.64835E-16,5.99185E-16,-2.12012E-15
1450,120.0720139192745,-4.97082E-15,120.05772412350862,1.205019515824955E-06,0.014280000303356556,8.590443000380817E-06,1.9595747554896793E-06,0,6.92541E-05,-5.54792E-05,-2.36728E-16,1.07024E-14,8.63527E-16,0,5.99185E-16,-2.69833E-15
1500,120.07201391927458,-4.2607E-15,120.05772413543077,1.1930974530412065E-06,0.014280000303356556,8.590443000380817E-06,1.971496818273429E-06,0,8.62882E-05,-3.77798E-05,-2.36728E-16,1.1355E-14,1.58313E-15,9.89013E-16,8.98777E-16,-3.27655E-15
1550,120.07201391927458,-4.2607E-15,120.05772414685617,1.1816720405592614E-06,0.014280000303356556,8.590443000380817E-06,1.9829222307553735E-06,0,0.000101247,-4.127E-06,-2.36728E-16,1.12244E-14,8.63527E-16,6.59342E-16,1.49796E-16,-2.5056E-15
1600,120.0720139192746,-4.14235E-15,120.05772415782151,1.1707067126310606E-06,0.014280000303356556,8.590443000380817E-06,1.993887558683573E-06,0,-6.06314E-06,-2.85592E-05,-2.36728E-16,1.08329E-14,1.58313E-15,6.59342E-16,1.19837E-15,-2.5056E-15
1650,120.07201391927451,-4.85246E-15,120.05772416835944,1.1601687089994903E-06,0.014280000303356556,8.590443000380817E-06,2.0044255623151424E-06,0,3.34507E-05,-5.18525E-05,-2.36728E-16,1.04413E-14,1.72705E-15,1.64835E-16,5.99185E-16,-2.69833E-15
1700,120.07201391927458,-4.2607E-15,120.05772417849965,1.1500285705494915E-06,0.014280000303356556,8.590443000380817E-06,2.01456570076514E-06,0,5.31594E-05,-5.05158E-05,-2.36728E-16,1.05719E-14,1.29529E-15,9.89013E-16,7.48981E-16,-2.5056E-15
1750,120.07201391927458,-4.2607E-15,120.05772418826851,1.1402597151601799E-06,0.014280000303356556,8.590443000380817E-06,2.0243345561544508E-06,0,6.79842E-05,-4.4081E-05,-2.36728E-16,1.10939E-14,1.29529E-15,9.89013E-16,2.99592E-16,-1.92738E-15
1800,120.07201391927462,-3.90564E-15,120.05772419769018,1.1308380790221855E-06,0.014280000303356556,8.590443000380817E-06,2.033756192292444E-06,0,8.40559E-05,-2.58378E-05,-2.36728E-16,1.05719E-14,7.19606E-16,-1.64835E-16,1.19837E-15,-1.73464E-15
1850,120.07201391927464,-3.78729E-15,120.05772420678646,1.121741811734566E-06,0.014280000303356556,8.590443000380817E-06,2.042852459580063E-06,0,1.33769E-05,5.66981E-05,-2.36728E-16,1.10939E-14,1.58313E-15,3.29671E-16,8.98777E-16,-2.31286E-15
1900,120.07201391927468,-3.43223E-15,120.05772421557731,1.1129510158468585E-06,0.014280000303356556,8.590443000380817E-06,2.0516432554677734E-06,0,1.28972E-05,-5.90198E-05,-2.36728E-16,1.05719E-14,2.15882E-15,1.15385E-15,7.48981E-16,-2.69833E-15
1950,120.07201391927475,-2.84047E-15,120.05772422408086,1.1044475233391893E-06,0.014280000303356556,8.590443000380817E-06,2.060146747975444E-06,0,3.8853E-05,-6.67693E-05,-2.36728E-16,1.09634E-14,2.0149E-15,0,1.34817E-15,-2.12012E-15
2000,120.07201391927475,-2.84047E-15,120.05772423231369,1.0962147029644732E-06,0.014280000303356556,8.590443000380817E-06,2.0683795683501587E-06,0,5.7284E-05,-6.5163E-05,-2.36728E-16,1.10939E-14,8.63527E-16,4.94506E-16,1.04857E-15,-2.89107E-15
