step,belt_mass0,alive_direct,alive_bound_heaviest_est,alive_unbound_heaviest_est,roche_escaped_direct,reservoir_unbound_direct,reservoir_unresolved_direct,death_compact_closure,death_other_closure,death_unknown,lost_instep_compact_closure,lost_instep_other_closure,lost_instep_unknown,partial_loss_direct,unknown_origin,residual_unattributed,residual_over_belt,death_compact_heuristic_est,compact_dM_direct_cum,compact_from_puller_events_direct,compact_from_rocks_closure,compact_from_lost_closure,compact_unexplained,tiny_unknown,belt_via_puller_into_compact_closure,belt_other_split_unknown,alive_unknown_origin_not_in_ledger
0,2.530154392517224E-05,2.530154392517224E-05,2.530154392517224E-05,0,0,0,0,0,0,0,0,0,0,0,0,0,0,0,0,0,0,0,0,0,0,0,0
50,2.530154392517224E-05,2.4370412893428265E-05,2.3914644301950302E-05,4.5576859147791053E-07,5.040441516043956E-13,0,9.253404993388547E-07,0,0,0,0,0,0,5.7900248162758875E-09,0,3.049318610115481E-20,1.20519E-15,0,0,0,0,0,0,3.5446660124666884E-15,0,0,0
100,2.530154392517224E-05,2.350211915013154E-05,1.5495031187858807E-05,8.007087962272672E-06,1.144378071578531E-12,0,1.7891839136870102E-06,0,0,0,0,0,0,1.0238985641181943E-08,0,-2.0328790734103208E-20,-8.0346E-16,2.881625683932927E-21,0,0,0,0,0,7.313344586857732E-13,0,0,0
150,2.530154392517224E-05,2.2684524608225593E-05,9.692763150511973E-06,1.2991761457713511E-05,1.1275902571317208E-08,0,2.5916606299946017E-06,0,0,0,0,0,0,1.4081598580947988E-08,0,-5.421010862427522E-20,-2.14256E-15,3.0038304270997955E-21,0,0,0,0,0,1.185799837827889E-12,0,0,0
200,2.530154392517224E-05,2.225142001173546E-05,3.469524581496375E-07,2.19044675535858E-05,2.163844621202512E-07,0,2.718500188781908E-06,0,9.614483550753985E-08,0,0,0,0,1.7852951763931166E-08,0,-8.131516293641283E-20,-3.21384E-15,1.0585434120518955E-10,0,0,0,0,0,1.2414752632370403E-09,0,0,0
250,2.530154392517224E-05,2.209055803073569E-05,2.1691102693067652E-05,3.994553376679498E-07,2.164907619654935E-07,0,2.8762100611180993E-06,2.652567810280032E-09,9.630424979260362E-08,0,0,0,0,1.7852951763931166E-08,0,-7.453889935837843E-20,-2.94602E-15,2.992248874468976E-09,50.00000010027156,50.00000009738514,2.652567810280032E-09,0,0,1.4753019862207967E-09,9.614483550753985E-08,0,0
300,2.530154392517224E-05,2.2070807211904585E-05,2.167135187423655E-05,3.994553376679498E-07,2.164907619654935E-07,0,2.8959608799492007E-06,2.652567810280032E-09,9.630424979260362E-08,0,0,0,0,1.7852951763931166E-08,0,-7.115076756936123E-20,-2.81211E-15,2.992248874468976E-09,50.00000010027156,50.00000009738514,2.652567810280032E-09,0,0,1.4753019862207967E-09,9.614483550753985E-08,0,0
350,2.530154392517224E-05,2.2070807211904585E-05,2.167135187423655E-05,3.994553376679498E-07,2.164907619654935E-07,0,2.8959608799492007E-06,2.652567810280032E-09,9.630424979260362E-08,0,0,0,0,1.7852951763931166E-08,0,-7.115076756936123E-20,-2.81211E-15,2.992248874468976E-09,50.00000010027156,50.00000009738514,2.652567810280032E-09,0,0,1.4753019862207967E-09,9.614483550753985E-08,0,0
400,2.530154392517224E-05,2.2070340312683284E-05,2.167135187423655E-05,3.9898843844664926E-07,2.164907619654935E-07,0,2.8959608799492007E-06,2.652567810280032E-09,9.677114901390412E-08,0,0,0,0,1.7852951763931166E-08,0,-7.115076756936123E-20,-2.81211E-15,2.992248874468976E-09,50.00000010027156,50.00000009738514,2.652567810280032E-09,0,0,1.4753019862207967E-09,9.614483550753985E-08,0,0
450,2.530154392517224E-05,2.2070340312683284E-05,2.167135187423655E-05,3.9898843844664926E-07,2.164907619654935E-07,0,2.8959608799492007E-06,2.652567810280032E-09,9.677114901390412E-08,0,0,0,0,1.7852951763931166E-08,0,-7.115076756936123E-20,-2.81211E-15,2.992248874468976E-09,50.00000010027156,50.00000009738514,2.652567810280032E-09,0,0,1.4753019862207967E-09,9.614483550753985E-08,0,0
500,2.530154392517224E-05,2.2070340312683284E-05,2.167135187423655E-05,3.9898843844664926E-07,2.164907619654935E-07,0,2.8959608799492007E-06,2.652567810280032E-09,9.677114901390412E-08,0,0,0,0,1.7852951763931166E-08,0,-7.115076756936123E-20,-2.81211E-15,2.992248874468976E-09,50.00000010027156,50.00000009738514,2.652567810280032E-09,0,0,1.4753019862207967E-09,9.614483550753985E-08,0,0
550,2.530154392517224E-05,2.2070340312683284E-05,2.167135187423655E-05,3.9898843844664926E-07,2.164907619654935E-07,0,2.8959608799492007E-06,2.652567810280032E-09,9.677114901390412E-08,0,0,0,0,1.7852951763931166E-08,0,-7.115076756936123E-20,-2.81211E-15,2.992248874468976E-09,50.00000010027156,50.00000009738514,2.652567810280032E-09,0,0,1.4753019862207967E-09,9.614483550753985E-08,0,0
600,2.530154392517224E-05,2.2051335854407967E-05,2.165234741596123E-05,3.9898843844664926E-07,2.164907619654935E-07,0,2.895963578549012E-06,2.652567810280032E-09,1.1577290868941116E-07,0,0,0,0,1.7852951763931166E-08,0,-7.115076756936123E-20,-2.81211E-15,2.992248874468976E-09,50.00000010027156,50.00000009738514,2.652567810280032E-09,0,0,1.4753019862207967E-09,9.614483550753985E-08,0,0
650,2.530154392517224E-05,2.2051335854407967E-05,2.165234741596123E-05,3.9898843844664926E-07,2.164907619654935E-07,0,2.895963578549012E-06,2.652567810280032E-09,1.1577290868941116E-07,0,0,0,0,1.7852951763931166E-08,0,-7.115076756936123E-20,-2.81211E-15,2.992248874468976E-09,50.00000010027156,50.00000009738514,2.652567810280032E-09,0,0,1.4753019862207967E-09,9.614483550753985E-08,0,0
700,2.530154392517224E-05,2.2050924626410614E-05,2.165193618796388E-05,3.9898843844664926E-07,2.164907619654935E-07,0,2.895963578549012E-06,2.652567810280032E-09,1.1618413668676244E-07,0,0,0,0,1.7852951763931166E-08,0,-7.115076756936123E-20,-2.81211E-15,2.992248874468976E-09,50.00000010027156,50.00000009738514,2.652567810280032E-09,0,0,1.4753019862207967E-09,9.614483550753985E-08,0,0
750,2.530154392517224E-05,2.2050924626410614E-05,2.165193618796388E-05,3.9898843844664926E-07,2.164907619654935E-07,0,2.895963578549012E-06,2.652567810280032E-09,1.1618413668676244E-07,0,0,0,0,1.7852951763931166E-08,0,-7.115076756936123E-20,-2.81211E-15,2.992248874468976E-09,50.00000010027156,50.00000009738514,2.652567810280032E-09,0,0,1.4753019862207967E-09,9.614483550753985E-08,0,0
800,2.530154392517224E-05,2.2050924626410614E-05,2.165193618796388E-05,3.9898843844664926E-07,2.164907619654935E-07,0,2.895963578549012E-06,2.652567810280032E-09,1.1618413668676244E-07,0,0,0,0,1.7852951763931166E-08,0,-7.115076756936123E-20,-2.81211E-15,2.992248874468976E-09,50.00000010027156,50.00000009738514,2.652567810280032E-09,0,0,1.4753019862207967E-09,9.614483550753985E-08,0,0
850,2.530154392517224E-05,2.2050924626410614E-05,2.165193618796388E-05,3.9898843844664926E-07,2.164907619654935E-07,0,2.895963578549012E-06,2.652567810280032E-09,1.1618413668676244E-07,0,0,0,0,1.7852951763931166E-08,0,-7.115076756936123E-20,-2.81211E-15,2.992248874468976E-09,50.00000010027156,50.00000009738514,2.652567810280032E-09,0,0,1.4753019862207967E-09,9.614483550753985E-08,0,0
900,2.530154392517224E-05,2.2050924626410614E-05,2.165193618796388E-05,3.9898843844664926E-07,2.164907619654935E-07,0,2.895963578549012E-06,2.652567810280032E-09,1.1618413668676244E-07,0,0,0,0,1.7852951763931166E-08,0,-7.115076756936123E-20,-2.81211E-15,2.992248874468976E-09,50.00000010027156,50.00000009738514,2.652567810280032E-09,0,0,1.4753019862207967E-09,9.614483550753985E-08,0,0
950,2.530154392517224E-05,2.2050924626410614E-05,2.165193618796388E-05,3.9898843844664926E-07,2.164907619654935E-07,0,2.895963578549012E-06,2.652567810280032E-09,1.1618413668676244E-07,0,0,0,0,1.7852951763931166E-08,0,-7.115076756936123E-20,-2.81211E-15,2.992248874468976E-09,50.00000010027156,50.00000009738514,2.652567810280032E-09,0,0,1.4753019862207967E-09,9.614483550753985E-08,0,0
1000,2.530154392517224E-05,2.2046716551622025E-05,2.1647728113175283E-05,3.9898843844664926E-07,2.164907619654935E-07,4.208074788592215E-09,2.895963578549012E-06,2.652567810280032E-09,1.1618413668676244E-07,0,0,0,0,1.7852951763931166E-08,0,-7.453889935837843E-20,-2.94602E-15,2.992248874468976E-09,50.00000010027156,50.00000009738514,2.652567810280032E-09,0,0,1.4753019862207967E-09,9.614483550753985E-08,0,0
1050,2.530154392517224E-05,2.2046716551622025E-05,2.1647728113175283E-05,3.9898843844664926E-07,2.164907619654935E-07,4.208074788592215E-09,2.895963578549012E-06,2.652567810280032E-09,1.1618413668676244E-07,0,0,0,0,1.7852951763931166E-08,0,-7.453889935837843E-20,-2.94602E-15,2.992248874468976E-09,50.00000010027156,50.00000009738514,2.652567810280032E-09,0,0,1.4753019862207967E-09,9.614483550753985E-08,0,0
1100,2.530154392517224E-05,2.2046716551622025E-05,2.1647728113175283E-05,3.9898843844664926E-07,2.164907619654935E-07,4.208074788592215E-09,2.895963578549012E-06,2.652567810280032E-09,1.1618413668676244E-07,0,0,0,0,1.7852951763931166E-08,0,-7.453889935837843E-20,-2.94602E-15,2.992248874468976E-09,50.00000010027156,50.00000009738514,2.652567810280032E-09,0,0,1.4753019862207967E-09,9.614483550753985E-08,0,0
1150,2.530154392517224E-05,2.2043624689027437E-05,2.1644636250580696E-05,3.9898843844664926E-07,2.164907619654935E-07,4.208074788592215E-09,2.895963578549012E-06,2.652567810280032E-09,1.1927599928135008E-07,0,0,0,0,1.7852951763931166E-08,0,-7.115076756936123E-20,-2.81211E-15,2.992248874468976E-09,50.00000010027156,50.00000009738514,2.652567810280032E-09,0,0,1.4753019862207967E-09,9.614483550753985E-08,0,0
1200,2.530154392517224E-05,2.2043624689027437E-05,2.1644636250580696E-05,3.9898843844664926E-07,2.164907619654935E-07,4.208074788592215E-09,2.895963578549012E-06,2.652567810280032E-09,1.1927599928135008E-07,0,0,0,0,1.7852951763931166E-08,0,-7.115076756936123E-20,-2.81211E-15,2.992248874468976E-09,50.00000010027156,50.00000009738514,2.652567810280032E-09,0,0,1.4753019862207967E-09,9.614483550753985E-08,0,0
1250,2.530154392517224E-05,2.2042559508449073E-05,2.164357107000233E-05,3.9898843844664926E-07,2.164907619654935E-07,4.208074788592215E-09,2.897028759127374E-06,2.652567810280032E-09,1.1927599928135008E-07,0,0,0,0,1.7852951763931166E-08,0,-6.776263578034403E-20,-2.6782E-15,2.992248874468976E-09,50.00000010027156,50.00000009738514,2.652567810280032E-09,0,0,1.4753019862207967E-09,9.614483550753985E-08,0,0
1300,2.530154392517224E-05,2.203513827894143E-05,2.1636149840494685E-05,3.9898843844664926E-07,2.164907619654935E-07,4.208074788592215E-09,2.897028759127374E-06,2.652567810280032E-09,1.266972287889978E-07,0,0,0,0,1.7852951763931166E-08,0,-7.453889935837843E-20,-2.94602E-15,2.992248874468976E-09,50.00000010027156,50.00000009738514,2.652567810280032E-09,0,0,1.4753019862207967E-09,9.614483550753985E-08,0,0
1350,2.530154392517224E-05,2.203513827894143E-05,2.1636149840494685E-05,3.9898843844664926E-07,2.164907619654935E-07,4.208074788592215E-09,2.897028759127374E-06,2.652567810280032E-09,1.266972287889978E-07,0,0,0,0,1.7852951763931166E-08,0,-7.453889935837843E-20,-2.94602E-15,2.992248874468976E-09,50.00000010027156,50.00000009738514,2.652567810280032E-09,0,0,1.4753019862207967E-09,9.614483550753985E-08,0,0
1400,2.530154392517224E-05,2.203513827894143E-05,2.1636149840494685E-05,3.9898843844664926E-07,2.164907619654935E-07,4.208074788592215E-09,2.897028759127374E-06,2.652567810280032E-09,1.266972287889978E-07,0,0,0,0,1.7852951763931166E-08,0,-7.453889935837843E-20,-2.94602E-15,2.992248874468976E-09,50.00000010027156,50.00000009738514,2.652567810280032E-09,0,0,1.4753019862207967E-09,9.614483550753985E-08,0,0
1450,2.530154392517224E-05,2.203513827894143E-05,2.1636149840494685E-05,3.9898843844664926E-07,2.164907619654935E-07,4.208074788592215E-09,2.897028759127374E-06,2.652567810280032E-09,1.266972287889978E-07,0,0,0,0,1.7852951763931166E-08,0,-7.453889935837843E-20,-2.94602E-15,2.992248874468976E-09,50.00000010027156,50.00000009738514,2.652567810280032E-09,0,0,1.4753019862207967E-09,9.614483550753985E-08,0,0
1500,2.530154392517224E-05,2.203513827894143E-05,2.1636149840494685E-05,3.9898843844664926E-07,2.164907619654935E-07,4.208074788592215E-09,2.897028759127374E-06,2.652567810280032E-09,1.266972287889978E-07,0,0,0,0,1.7852951763931166E-08,0,-7.453889935837843E-20,-2.94602E-15,2.992248874468976E-09,50.00000010027156,50.00000009738514,2.652567810280032E-09,0,0,1.4753019862207967E-09,9.614483550753985E-08,0,0
1550,2.530154392517224E-05,2.203513827894143E-05,2.1636149840494685E-05,3.9898843844664926E-07,2.164907619654935E-07,4.208074788592215E-09,2.897028759127374E-06,2.652567810280032E-09,1.266972287889978E-07,0,0,0,0,1.7852951763931166E-08,0,-7.453889935837843E-20,-2.94602E-15,2.992248874468976E-09,50.00000010027156,50.00000009738514,2.652567810280032E-09,0,0,1.4753019862207967E-09,9.614483550753985E-08,0,0
1600,2.530154392517224E-05,2.203513827894143E-05,2.1636149837398197E-05,3.989884415431383E-07,2.164907619654935E-07,4.208074788592215E-09,2.897028759127374E-06,2.652567810280032E-09,1.266972287889978E-07,0,0,0,0,1.7852951763931166E-08,0,-7.453889935837843E-20,-2.94602E-15,2.992248874468976E-09,50.00000010027156,50.00000009738514,2.652567810280032E-09,0,0,1.4753019862207967E-09,9.614483550753985E-08,0,0
1650,2.530154392517224E-05,2.203513827894143E-05,2.1636149840494685E-05,3.9898843844664926E-07,2.164907619654935E-07,4.208074788592215E-09,2.897028759127374E-06,2.652567810280032E-09,1.266972287889978E-07,0,0,0,0,1.7852951763931166E-08,0,-7.453889935837843E-20,-2.94602E-15,2.992248874468976E-09,50.00000010027156,50.00000009738514,2.652567810280032E-09,0,0,1.4753019862207967E-09,9.614483550753985E-08,0,0
1700,2.530154392517224E-05,2.203513827894143E-05,2.1636149840494685E-05,3.9898843844664926E-07,2.164907619654935E-07,4.208074788592215E-09,2.897028759127374E-06,2.652567810280032E-09,1.266972287889978E-07,0,0,0,0,1.7852951763931166E-08,0,-7.453889935837843E-20,-2.94602E-15,2.992248874468976E-09,50.00000010027156,50.00000009738514,2.652567810280032E-09,0,0,1.4753019862207967E-09,9.614483550753985E-08,0,0
1750,2.530154392517224E-05,2.203513827894143E-05,2.1636149840494685E-05,3.9898843844664926E-07,2.164907619654935E-07,4.208074788592215E-09,2.897028759127374E-06,2.652567810280032E-09,1.266972287889978E-07,0,0,0,0,1.7852951763931166E-08,0,-7.453889935837843E-20,-2.94602E-15,2.992248874468976E-09,50.00000010027156,50.00000009738514,2.652567810280032E-09,0,0,1.4753019862207967E-09,9.614483550753985E-08,0,0
1800,2.530154392517224E-05,2.201857869617249E-05,2.1619590257725754E-05,3.9898843844664926E-07,2.164907619654935E-07,4.208074788592215E-09,2.897028759127374E-06,2.652567810280032E-09,1.4325681155793218E-07,0,0,0,0,1.7852951763931166E-08,0,-6.776263578034403E-20,-2.6782E-15,2.992248874468976E-09,50.00000010027156,50.00000009738514,2.652567810280032E-09,0,0,1.4753019862207967E-09,9.614483550753985E-08,0,0
1850,2.530154392517224E-05,2.201857869617249E-05,2.1619590257725754E-05,3.9898843844664926E-07,2.164907619654935E-07,4.208074788592215E-09,2.897028759127374E-06,2.652567810280032E-09,1.4325681155793218E-07,0,0,0,0,1.7852951763931166E-08,0,-6.776263578034403E-20,-2.6782E-15,2.992248874468976E-09,50.00000010027156,50.00000009738514,2.652567810280032E-09,0,0,1.4753019862207967E-09,9.614483550753985E-08,0,0
1900,2.530154392517224E-05,2.201857869617249E-05,2.1619590257725754E-05,3.9898843844664926E-07,2.164907619654935E-07,4.208074788592215E-09,2.897028759127374E-06,2.652567810280032E-09,1.4325681155793218E-07,0,0,0,0,1.7852951763931166E-08,0,-6.776263578034403E-20,-2.6782E-15,2.992248874468976E-09,50.00000010027156,50.00000009738514,2.652567810280032E-09,0,0,1.4753019862207967E-09,9.614483550753985E-08,0,0
1950,2.530154392517224E-05,2.2017109788330736E-05,2.1618121349884E-05,3.9898843844664926E-07,2.164907619654935E-07,4.208074788592215E-09,2.897028759127374E-06,2.652567810280032E-09,1.447257193996836E-07,0,0,0,0,1.7852951763931166E-08,0,-6.437450399132683E-20,-2.54429E-15,2.992248874468976E-09,50.00000010027156,50.00000009738514,2.652567810280032E-09,0,0,1.4753019862207967E-09,9.614483550753985E-08,0,0
2000,2.530154392517224E-05,2.200122503455847E-05,2.1602236596111735E-05,3.9898843844664926E-07,2.164907619654935E-07,1.999288291869446E-08,2.897028759127374E-06,2.652567810280032E-09,1.4482566504184822E-07,0,0,0,0,1.7852951763931166E-08,0,-6.776263578034403E-20,-2.6782E-15,2.992248874468976E-09,50.00000010027156,50.00000009738514,2.652567810280032E-09,0,0,1.4753019862207967E-09,9.614483550753985E-08,0,0
