step,hash,live,N,merges,roche_events,reservoir_count,reservoir_mass,escaped_mass,roche_dissipated,ns_slot_mass,ns_slot_gen,ns_slot_alive
0,FD0B37B8B7DDAAA1,5251,5251,0,0,0,0,2.4718061842877347E-10,0,70.005,1,1
50,3126C04019EB045A,5510,5512,24,397,273,9.253404993388547E-07,6.03770947885565E-09,0.00018202583804793627,70.005,1,1
100,4C404432091025EB,5511,5512,63,837,550,1.7891839136870102E-06,1.0488038426457787E-08,0.0006328267107362821,70.005,1,1
150,2032E48719D5D4F7,5511,5512,78,1218,840,2.5916606299946017E-06,2.5605864024650575E-08,0.0007838442029270724,70.005,1,1
200,564C30E835F32161,5375,5512,277,1355,916,2.718500188781908E-06,8.529485776756566E-06,0.0007861655550268887,70.005,1,1
250,61480313D0884364,5511,5512,371,1555,1085,2.8762100611180993E-06,8.529592076601806E-06,0.0007912481138304765,120.00500010027156,1,1
300,3D21A5EE78E42B1D,5511,5512,371,1567,1097,2.8959608799492007E-06,8.529592076601806E-06,0.0007912481138304765,120.00500010027156,1,1
350,54980C10FA84957B,5511,5512,371,1567,1097,2.8959608799492007E-06,8.529592076601806E-06,0.0007912481138304765,120.00500010027156,1,1
400,B12370B22F1149C7,5510,5512,372,1567,1097,2.8959608799492007E-06,8.529592076601806E-06,0.0007912481138304765,120.00500010027156,1,1
450,2AA3BA292724C2CC,5510,5512,372,1567,1097,2.8959608799492007E-06,8.529592076601806E-06,0.0007912481138304765,120.00500010027156,1,1
500,4AAA1EE99AB0806A,5510,5512,372,1567,1097,2.8959608799492007E-06,8.529592076601806E-06,0.0007912481138304765,120.00500010027156,1,1
550,3F56AA41C0ED9175,5510,5512,372,1567,1097,2.8959608799492007E-06,8.529592076601806E-06,0.0007912481138304765,120.00500010027156,1,1
600,9ED3E901082FBC38,5507,5512,376,1568,1098,2.895963578549012E-06,8.529592076601806E-06,0.0007912481138304765,120.00500010027156,1,1
650,5AC30CB554CD8B9B,5507,5512,376,1568,1098,2.895963578549012E-06,8.529592076601806E-06,0.0007912481138304765,120.00500010027156,1,1
700,2444484DC8F10071,5506,5512,377,1568,1098,2.895963578549012E-06,8.529592076601806E-06,0.0007912481138304765,120.00500010027156,1,1
750,80D97EAB0329472F,5506,5512,377,1568,1098,2.895963578549012E-06,8.529592076601806E-06,0.0007912481138304765,120.00500010027156,1,1
800,D4B43893BFA82D20,5506,5512,377,1568,1098,2.895963578549012E-06,8.529592076601806E-06,0.0007912481138304765,120.00500010027156,1,1
850,32EA5BD7D87E2086,5506,5512,377,1568,1098,2.895963578549012E-06,8.529592076601806E-06,0.0007912481138304765,120.00500010027156,1,1
900,33F635AAEF84C0C4,5506,5512,377,1568,1098,2.895963578549012E-06,8.529592076601806E-06,0.0007912481138304765,120.00500010027156,1,1
950,5286509C5DC1E6CB,5506,5512,377,1568,1098,2.895963578549012E-06,8.529592076601806E-06,0.0007912481138304765,120.00500010027156,1,1
1000,1C5E43D53AB8AB4A,5510,5512,377,1570,1099,2.9001716533376042E-06,8.529592076601806E-06,0.0007912481138304765,120.00500010027156,1,1
1050,84986B564D88130D,5510,5512,377,1570,1099,2.9001716533376042E-06,8.529592076601806E-06,0.0007912481138304765,120.00500010027156,1,1
1100,C0836F74F8CB296F,5510,5512,377,1570,1099,2.9001716533376042E-06,8.529592076601806E-06,0.0007912481138304765,120.00500010027156,1,1
1150,416F0CE9C3177738,5509,5512,378,1570,1099,2.9001716533376042E-06,8.529592076601806E-06,0.0007912481138304765,120.00500010027156,1,1
1200,C20EEF1D27D25FF1,5509,5512,378,1570,1099,2.9001716533376042E-06,8.529592076601806E-06,0.0007912481138304765,120.00500010027156,1,1
1250,6D130195F78926C5,5511,5512,378,1572,1100,2.901236833915966E-06,8.529592076601806E-06,0.0007912481138304765,120.00500010027156,1,1
1300,26E2CB72249A0864,5510,5512,379,1572,1100,2.901236833915966E-06,8.529592076601806E-06,0.0007912481138304765,120.00500010027156,1,1
1350,C811F2592079435A,5510,5512,379,1572,1100,2.901236833915966E-06,8.529592076601806E-06,0.0007912481138304765,120.00500010027156,1,1
1400,430A219DA721CBA9,5510,5512,379,1572,1100,2.901236833915966E-06,8.529592076601806E-06,0.0007912481138304765,120.00500010027156,1,1
1450,929CDF586343F590,5510,5512,379,1572,1100,2.901236833915966E-06,8.529592076601806E-06,0.0007912481138304765,120.00500010027156,1,1
1500,9EDD350E8450C01E,5510,5512,379,1572,1100,2.901236833915966E-06,8.529592076601806E-06,0.0007912481138304765,120.00500010027156,1,1
1550,F284C3770D204CF0,5510,5512,379,1572,1100,2.901236833915966E-06,8.529592076601806E-06,0.0007912481138304765,120.00500010027156,1,1
1600,27A501E2635DB860,5510,5512,379,1572,1100,2.901236833915966E-06,8.529592076601806E-06,0.0007912481138304765,120.00500010027156,1,1
1650,E653315D1B8F5E25,5510,5512,379,1572,1100,2.901236833915966E-06,8.529592076601806E-06,0.0007912481138304765,120.00500010027156,1,1
1700,ADBC8535F7475865,5510,5512,379,1572,1100,2.901236833915966E-06,8.529592076601806E-06,0.0007912481138304765,120.00500010027156,1,1
1750,256B68C83237433B,5510,5512,379,1572,1100,2.901236833915966E-06,8.529592076601806E-06,0.0007912481138304765,120.00500010027156,1,1
1800,AAC18E804BA25E3A,5509,5512,380,1572,1100,2.901236833915966E-06,8.529592076601806E-06,0.0007912481138304765,120.00500010027156,1,1
1850,A11A2A18CDED55C2,5509,5512,380,1572,1100,2.901236833915966E-06,8.529592076601806E-06,0.0007912481138304765,120.00500010027156,1,1
1900,609CAE5A37697CAB,5509,5512,380,1572,1100,2.901236833915966E-06,8.529592076601806E-06,0.0007912481138304765,120.00500010027156,1,1
1950,BBA7DD2924484BB7,5508,5512,381,1572,1100,2.901236833915966E-06,8.529592076601806E-06,0.0007912481138304765,120.00500010027156,1,1
2000,1F7943E22D461C60,5506,5512,382,1573,1101,2.9170216420460686E-06,8.529592076601806E-06,0.0007912481138304765,120.00500010027156,1,1
