step,compact_R,n_bound_twobody,n_bound_primary_compact,q_min_bound_all_Rc_est,q_p01_bound_all_Rc_est,q_p50_bound_all_Rc_est,q_min_primary_compact_Rc_est,q_lt1000_bound_all_est,q_lt1000_primary_compact_est,q_min_unbound_Rc_est,q_lt1000_unbound_est,obs_min_r_now_Rc_direct,obs_n_lt1000_now_direct,obs_min_r_cum_Rc_direct,obs_distinct_lt1000_cum,obs_distinct_lt100_cum,obs_distinct_lt10_cum,peri_pass_min_q_cum_Rc_est,peri_pass_lt1000_cum_est
0,0.000237092,5240,5000,0.0217326,64.4061,696110,0.0217326,201,201,NaN,0,31457.7,0,Infinity,0,0,0,Infinity,0
50,0.000237092,5101,4920,0.0953317,112.68,566784,0.0953317,143,143,0.702721,34,3028.33,0,439.173,2,0,0,2053.4,0
100,0.000237092,3539,3442,0.431335,438.025,167272,0.431335,64,64,48.0122,8,2819.88,0,38.8871,12,4,0,1739.33,0
150,0.000237092,2467,2467,0.0193353,240.745,61338.8,0.0193353,54,54,807.784,3,2701.26,0,38.8871,16,6,0,1717.71,0
200,0.000237092,483,483,477.666,477.666,7198.28,477.666,18,18,0.327655,42,2756.81,0,38.8871,16,6,0,1697.57,0
250,8.40193E-05,4945,4705,8717.21,15312.8,1.11108E+06,8717.21,0,0,7.5146,28,11471.8,0,38.8871,16,6,0,603.743,9
300,8.40193E-05,4945,4705,9029.41,15037,1.10991E+06,9029.41,0,0,20.4904,28,16324.2,0,38.8871,16,6,0,603.743,9
350,8.40193E-05,4945,4705,9002.1,17503.9,1.10925E+06,9002.1,0,0,46.3649,28,17004.6,0,38.8871,16,6,0,603.743,9
400,8.40193E-05,4945,4705,8407.78,14266.3,1.11087E+06,8407.78,0,0,88.6873,28,13952.7,0,38.8871,16,6,0,603.743,9
450,8.40193E-05,4945,4705,8763.37,15576,1.11067E+06,8763.37,0,0,153.041,28,13278.1,0,38.8871,16,6,0,603.743,9
500,8.40193E-05,4945,4705,8665.51,16795.9,1.1059E+06,8665.51,0,0,247.985,26,13326.4,0,38.8871,16,6,0,603.743,9
550,8.40193E-05,4945,4705,8575.97,14407.1,1.10904E+06,8575.97,0,0,332.849,25,10997.6,0,38.8871,16,6,0,603.743,9
600,8.40193E-05,4942,4702,7745.93,16204.9,1.10813E+06,7745.93,0,0,255.591,25,11759.9,0,38.8871,16,6,0,603.743,9
650,8.40193E-05,4942,4702,8055.64,15891.9,1.10013E+06,8055.64,0,0,102.912,26,14455,0,38.8871,16,6,0,603.743,9
700,8.40193E-05,4941,4701,8368.54,14892.7,1.0984E+06,8368.54,0,0,43.7637,14,17153.7,0,38.8871,16,6,0,603.743,9
750,8.40193E-05,4941,4701,8306.7,17137.6,1.09142E+06,8306.7,0,0,61.6017,13,16121.4,0,38.8871,16,6,0,603.743,9
800,8.40193E-05,4941,4701,8222.5,14393.7,1.08988E+06,8222.5,0,0,200.989,74,11596.4,0,38.8871,16,6,0,603.743,9
850,8.40193E-05,4941,4701,8152.46,15423.9,1.09171E+06,8152.46,0,0,93.2325,67,17876.3,0,38.8871,16,6,0,603.743,9
900,8.40193E-05,4941,4701,8069.94,18806,1.0925E+06,8069.94,0,0,25.6992,76,17013.7,0,38.8871,16,6,0,603.743,9
950,8.40193E-05,4941,4701,7968.41,14308,1.09259E+06,7968.41,0,0,11.572,79,13617.7,0,38.8871,16,6,0,603.743,9
1000,8.40193E-05,4945,4705,7867.96,16014.1,1.09222E+06,7867.96,0,0,14.489,80,11660.8,0,38.8871,16,6,0,603.743,9
1050,8.40193E-05,4945,4705,7746.49,16369.6,1.09162E+06,7746.49,0,0,78.7912,80,11052.6,0,38.8871,16,6,0,603.743,9
1100,8.40193E-05,4945,4705,7610.01,14750.3,1.09091E+06,7610.01,0,0,15.1291,79,13472,0,38.8871,16,6,0,603.743,9
1150,8.40193E-05,4944,4704,7456.23,16829.5,1.09056E+06,7456.23,0,0,17.5611,80,11603.9,0,38.8871,16,6,0,603.743,9
1200,8.40193E-05,4944,4704,7288.1,14635.7,1.09884E+06,7288.1,0,0,1.92888,81,13805.6,0,38.8871,16,6,0,603.743,9
1250,8.40193E-05,4946,4706,7125.53,15275.6,1.10364E+06,7125.53,0,0,25.0155,80,12908.6,0,38.8871,16,6,0,603.743,9
1300,8.40193E-05,4945,4705,6991.13,18275.9,1.10377E+06,6991.13,0,0,98.4922,15,11924.2,0,38.8871,16,6,0,603.743,9
1350,8.40193E-05,4945,4705,6935.71,14244.4,1.10812E+06,6935.71,0,0,41.7963,16,11133.3,0,38.8871,16,6,0,603.743,9
1400,8.40193E-05,4945,4705,7084.68,15839.2,1.10589E+06,7084.68,0,0,113.129,14,10523,0,38.8871,16,6,0,603.743,9
1450,8.40193E-05,4945,4705,7611.04,17303,1.10807E+06,7611.04,0,0,1.42987,13,10219.6,0,38.8871,16,6,0,603.743,9
1500,8.40193E-05,4945,4705,8315.78,14612,1.10831E+06,8315.78,0,0,15.9988,14,10255,0,38.8871,16,6,0,603.743,9
1550,8.40193E-05,4945,4705,7737.58,16566.2,1.10934E+06,7737.58,0,0,215.823,13,10650.1,0,38.8871,16,6,0,603.743,9
1600,8.40193E-05,4941,4701,8189.26,15007.6,1.1083E+06,8189.26,0,0,293.731,4,11298.1,0,38.8871,16,6,0,603.743,9
1650,8.40193E-05,4945,4705,8666.36,15129.3,1.11116E+06,8666.36,0,0,191.693,4,12125,0,38.8871,16,6,0,603.743,9
1700,8.40193E-05,4945,4705,8667.41,17774.8,1.10895E+06,8667.41,0,0,15.0931,4,11473.4,0,38.8871,16,6,0,603.743,9
1750,8.40193E-05,4945,4705,9266.63,14234.5,1.10827E+06,9266.63,0,0,79.6445,3,14002.6,0,38.8871,16,6,0,603.743,9
1800,8.40193E-05,4944,4704,9580.91,15675.7,1.1131E+06,9580.91,0,0,429.81,14,14896.4,0,38.8871,16,6,0,603.743,9
1850,8.40193E-05,4944,4704,8682.36,18060.1,1.11342E+06,8682.36,0,0,333.133,14,15487.6,0,38.8871,16,6,0,603.743,9
1900,8.40193E-05,4944,4704,9117.87,14482.2,1.10903E+06,9117.87,0,0,229.55,13,11959.7,0,38.8871,16,6,0,603.743,9
1950,8.40193E-05,4943,4703,8952.94,16336.8,1.11315E+06,8952.94,0,0,42.0246,11,11176.1,0,38.8871,16,6,0,603.743,9
2000,8.40193E-05,4941,4701,7776.72,15510.7,1.11111E+06,7776.72,0,0,35.0012,22,11484.9,0,38.8871,16,6,0,603.743,9
