seed,variant,step,year,live,n,capacity,merges,disruptions,reservoirs,reservoir_mass,ns_slot,ns_gen,ns_alive,ns_phase,ns_mass,ns_radius,compact_alive,compact_mass,escaped_mass,ledger_resid_abs,ledger_resid_rel,frag_spawned_cum,ns_absorbed_cum,full
1234,A,96,0.18,5250,5250,5512,0,0,0,0.000000E+000,-1,-1,0,dead,0,0,1,5.000000E+001,2.541275E-010,0.000000E+000,0.000E+000,0,0,0
1234,A,97,0.18,5250,5250,5512,0,0,0,0.000000E+000,-1,-1,0,dead,0,0,1,5.000000E+001,2.541275E-010,0.000000E+000,0.000E+000,0,0,0
1234,A,98,0.18,5250,5250,5512,0,0,0,0.000000E+000,-1,-1,0,dead,0,0,1,5.000000E+001,2.541275E-010,0.000000E+000,0.000E+000,0,0,0
1234,A,99,0.18,5250,5250,5512,0,0,0,0.000000E+000,-1,-1,0,dead,0,0,1,5.000000E+001,2.541275E-010,0.000000E+000,0.000E+000,0,0,0
1234,A,100,0.19,5250,5250,5512,0,0,0,0.000000E+000,-1,-1,0,dead,0,0,1,5.000000E+001,2.541275E-010,0.000000E+000,0.000E+000,0,0,0
1234,A,101,0.19,5250,5250,5512,0,0,0,0.000000E+000,-1,-1,0,dead,0,0,1,5.000000E+001,2.541275E-010,0.000000E+000,0.000E+000,0,0,0
1234,A,102,0.19,5250,5250,5512,0,0,0,0.000000E+000,-1,-1,0,dead,0,0,1,5.000000E+001,2.541275E-010,0.000000E+000,0.000E+000,0,0,0
1234,A,103,0.19,5250,5250,5512,0,0,0,0.000000E+000,-1,-1,0,dead,0,0,1,5.000000E+001,2.541275E-010,0.000000E+000,0.000E+000,0,0,0
1234,A,104,0.19,5250,5250,5512,0,0,0,0.000000E+000,-1,-1,0,dead,0,0,1,5.000000E+001,2.541275E-010,0.000000E+000,0.000E+000,0,0,0
1234,A,105,0.20,5250,5250,5512,0,0,0,0.000000E+000,-1,-1,0,dead,0,0,1,5.000000E+001,2.541275E-010,0.000000E+000,0.000E+000,0,0,0
1234,A,106,0.20,5250,5250,5512,0,0,0,0.000000E+000,-1,-1,0,dead,0,0,1,5.000000E+001,2.541275E-010,0.000000E+000,0.000E+000,0,0,0
1234,A,107,0.20,5250,5250,5512,0,0,0,0.000000E+000,-1,-1,0,dead,0,0,1,5.000000E+001,2.541275E-010,0.000000E+000,0.000E+000,0,0,0
1234,A,108,0.20,5250,5250,5512,0,0,0,0.000000E+000,-1,-1,0,dead,0,0,1,5.000000E+001,5.082356E-010,1.492140E-013,2.980E-015,0,0,0
1234,A,109,0.20,5250,5250,5512,0,0,0,0.000000E+000,-1,-1,0,dead,0,0,1,5.000000E+001,5.082356E-010,1.492140E-013,2.980E-015,0,0,0
1234,A,110,0.21,5250,5250,5512,0,0,0,0.000000E+000,-1,-1,0,dead,0,0,1,5.000000E+001,5.082356E-010,1.492140E-013,2.980E-015,0,0,0
1234,A,111,0.21,5250,5250,5512,0,0,0,0.000000E+000,-1,-1,0,dead,0,0,1,5.000000E+001,5.082356E-010,1.492140E-013,2.980E-015,0,0,0
1234,A,112,0.21,5250,5250,5512,0,0,0,0.000000E+000,-1,-1,0,dead,0,0,1,5.000000E+001,5.082356E-010,1.492140E-013,2.980E-015,0,0,0
1234,A,113,0.21,5250,5250,5512,0,0,0,0.000000E+000,-1,-1,0,dead,0,0,1,5.000000E+001,5.082356E-010,1.492140E-013,2.980E-015,0,0,0
1234,A,114,0.21,5250,5250,5512,0,0,0,0.000000E+000,-1,-1,0,dead,0,0,1,5.000000E+001,5.082356E-010,1.492140E-013,2.980E-015,0,0,0
1234,A,115,0.21,5250,5250,5512,0,0,0,0.000000E+000,-1,-1,0,dead,0,0,1,5.000000E+001,5.082356E-010,1.492140E-013,2.980E-015,0,0,0
1234,A,116,0.22,5250,5250,5512,0,0,0,0.000000E+000,-1,-1,0,dead,0,0,1,5.000000E+001,5.082356E-010,1.492140E-013,2.980E-015,0,0,0
1234,A,117,0.22,5250,5250,5512,0,0,0,0.000000E+000,-1,-1,0,dead,0,0,1,5.000000E+001,5.082356E-010,1.492140E-013,2.980E-015,0,0,0
1234,A,118,0.22,5250,5250,5512,0,0,0,0.000000E+000,-1,-1,0,dead,0,0,1,5.000000E+001,5.082356E-010,1.492140E-013,2.980E-015,0,0,0
1234,A,119,0.22,5250,5250,5512,0,0,0,0.000000E+000,-1,-1,0,dead,0,0,1,5.000000E+001,5.082356E-010,1.492140E-013,2.980E-015,0,0,0
1234,A,120,0.22,5250,5250,5512,0,0,0,0.000000E+000,-1,-1,0,dead,0,0,1,5.000000E+001,5.082356E-010,1.492140E-013,2.980E-015,0,0,0
1234,A,121,0.23,5250,5250,5512,0,0,0,0.000000E+000,-1,-1,0,dead,0,0,1,5.000000E+001,5.082356E-010,1.492140E-013,2.980E-015,0,0,0
1234,A,122,0.23,5250,5250,5512,0,0,0,0.000000E+000,-1,-1,0,dead,0,0,1,5.000000E+001,5.082356E-010,1.492140E-013,2.980E-015,0,0,0
1234,A,123,0.23,5250,5250,5512,0,0,0,0.000000E+000,-1,-1,0,dead,0,0,1,5.000000E+001,5.082356E-010,1.492140E-013,2.980E-015,0,0,0
1234,A,124,0.23,5250,5250,5512,0,0,0,0.000000E+000,-1,-1,0,dead,0,0,1,5.000000E+001,5.082356E-010,1.492140E-013,2.980E-015,0,0,0
1234,A,125,0.23,5250,5250,5512,0,0,0,0.000000E+000,-1,-1,0,dead,0,0,1,5.000000E+001,5.082356E-010,1.492140E-013,2.980E-015,0,0,0
1234,A,126,0.23,5250,5250,5512,0,0,0,0.000000E+000,-1,-1,0,dead,0,0,1,5.000000E+001,5.082356E-010,1.492140E-013,2.980E-015,0,0,0
1234,A,127,0.24,5250,5250,5512,0,0,0,0.000000E+000,-1,-1,0,dead,0,0,1,5.000000E+001,5.082356E-010,1.492140E-013,2.980E-015,0,0,0
1234,A,128,0.24,5250,5250,5512,0,0,0,0.000000E+000,-1,-1,0,dead,0,0,1,5.000000E+001,5.082356E-010,1.492140E-013,2.980E-015,0,0,0
1234,A,129,0.24,5250,5250,5512,0,0,0,0.000000E+000,-1,-1,0,dead,0,0,1,5.000000E+001,5.082356E-010,1.492140E-013,2.980E-015,0,0,0
1234,A,130,0.24,5250,5250,5512,0,0,0,0.000000E+000,-1,-1,0,dead,0,0,1,5.000000E+001,5.082356E-010,1.492140E-013,2.980E-015,0,0,0
1234,A,131,0.24,5250,5250,5512,0,0,0,0.000000E+000,-1,-1,0,dead,0,0,1,5.000000E+001,5.082356E-010,1.492140E-013,2.980E-015,0,0,0
1234,A,132,0.25,5250,5250,5512,0,0,0,0.000000E+000,-1,-1,0,dead,0,0,1,5.000000E+001,5.082356E-010,1.492140E-013,2.980E-015,0,0,0
1234,A,133,0.25,5250,5250,5512,0,0,0,0.000000E+000,-1,-1,0,dead,0,0,1,5.000000E+001,5.082356E-010,1.492140E-013,2.980E-015,0,0,0
1234,A,134,0.25,5250,5250,5512,0,0,0,0.000000E+000,-1,-1,0,dead,0,0,1,5.000000E+001,5.082356E-010,1.492140E-013,2.980E-015,0,0,0
1234,A,135,0.25,5250,5250,5512,0,0,0,0.000000E+000,-1,-1,0,dead,0,0,1,5.000000E+001,5.082356E-010,1.492140E-013,2.980E-015,0,0,0
1234,A,136,0.25,5250,5250,5512,0,0,0,0.000000E+000,-1,-1,0,dead,0,0,1,5.000000E+001,5.082356E-010,1.492140E-013,2.980E-015,0,0,0
1234,A,137,0.26,5250,5250,5512,0,0,0,0.000000E+000,-1,-1,0,dead,0,0,1,5.000000E+001,5.082356E-010,1.492140E-013,2.980E-015,0,0,0
1234,A,138,0.26,5250,5250,5512,0,0,0,0.000000E+000,-1,-1,0,dead,0,0,1,5.000000E+001,5.082356E-010,1.492140E-013,2.980E-015,0,0,0
1234,A,139,0.26,5250,5250,5512,0,0,0,0.000000E+000,-1,-1,0,dead,0,0,1,5.000000E+001,5.082356E-010,1.492140E-013,2.980E-015,0,0,0
1234,A,140,0.26,5250,5250,5512,0,0,0,0.000000E+000,-1,-1,0,dead,0,0,1,5.000000E+001,5.082356E-010,1.492140E-013,2.980E-015,0,0,0
1234,A,141,0.26,5250,5250,5512,0,0,0,0.000000E+000,-1,-1,0,dead,0,0,1,5.000000E+001,5.082356E-010,1.492140E-013,2.980E-015,0,0,0
1234,A,142,0.26,5250,5250,5512,0,0,0,0.000000E+000,-1,-1,0,dead,0,0,1,5.000000E+001,5.082356E-010,1.492140E-013,2.980E-015,0,0,0
1234,A,143,0.27,5250,5250,5512,0,0,0,0.000000E+000,-1,-1,0,dead,0,0,1,5.000000E+001,5.082356E-010,1.492140E-013,2.980E-015,0,0,0
1234,A,144,0.27,5250,5250,5512,0,0,0,0.000000E+000,-1,-1,0,dead,0,0,1,5.000000E+001,5.082356E-010,1.492140E-013,2.980E-015,0,0,0
1234,A,145,0.27,5250,5250,5512,0,0,0,0.000000E+000,-1,-1,0,dead,0,0,1,5.000000E+001,5.082356E-010,1.492140E-013,2.980E-015,0,0,0
1234,A,146,0.27,5250,5250,5512,0,0,0,0.000000E+000,-1,-1,0,dead,0,0,1,5.000000E+001,5.082356E-010,1.492140E-013,2.980E-015,0,0,0
1234,A,147,0.27,5250,5250,5512,0,0,0,0.000000E+000,-1,-1,0,dead,0,0,1,5.000000E+001,5.082356E-010,1.492140E-013,2.980E-015,0,0,0
1234,A,148,0.28,5250,5250,5512,0,0,0,0.000000E+000,-1,-1,0,dead,0,0,1,5.000000E+001,5.082356E-010,1.492140E-013,2.980E-015,0,0,0
1234,A,149,0.28,5250,5250,5512,0,0,0,0.000000E+000,-1,-1,0,dead,0,0,1,5.000000E+001,5.082356E-010,1.492140E-013,2.980E-015,0,0,0
1234,A,150,0.28,5250,5250,5512,0,0,0,0.000000E+000,-1,-1,0,dead,0,0,1,5.000000E+001,5.082356E-010,1.492140E-013,2.980E-015,0,0,0
1234,A,151,0.28,5250,5250,5512,0,0,0,0.000000E+000,-1,-1,0,dead,0,0,1,5.000000E+001,5.082356E-010,1.492140E-013,2.980E-015,0,0,0
1234,A,152,0.28,5250,5250,5512,0,0,0,0.000000E+000,-1,-1,0,dead,0,0,1,5.000000E+001,5.082356E-010,1.492140E-013,2.980E-015,0,0,0
1234,A,153,0.29,5250,5250,5512,0,0,0,0.000000E+000,-1,-1,0,dead,0,0,1,5.000000E+001,5.082356E-010,1.492140E-013,2.980E-015,0,0,0
1234,A,154,0.29,5250,5250,5512,0,0,0,0.000000E+000,-1,-1,0,dead,0,0,1,5.000000E+001,5.082356E-010,1.492140E-013,2.980E-015,0,0,0
1234,A,155,0.29,5250,5250,5512,0,0,0,0.000000E+000,-1,-1,0,dead,0,0,1,5.000000E+001,5.082356E-010,1.492140E-013,2.980E-015,0,0,0
1234,A,156,0.29,5250,5250,5512,0,0,0,0.000000E+000,-1,-1,0,dead,0,0,1,5.000000E+001,5.082356E-010,1.492140E-013,2.980E-015,0,0,0
1234,A,157,0.29,5250,5250,5512,0,0,0,0.000000E+000,-1,-1,0,dead,0,0,1,5.000000E+001,5.082356E-010,1.492140E-013,2.980E-015,0,0,0
1234,A,158,0.29,5250,5250,5512,0,0,0,0.000000E+000,-1,-1,0,dead,0,0,1,5.000000E+001,5.082356E-010,1.492140E-013,2.980E-015,0,0,0
1234,A,159,0.30,5250,5250,5512,0,0,0,0.000000E+000,-1,-1,0,dead,0,0,1,5.000000E+001,5.082356E-010,1.492140E-013,2.980E-015,0,0,0
1234,A,160,0.30,5250,5250,5512,0,0,0,0.000000E+000,-1,-1,0,dead,0,0,1,5.000000E+001,5.082356E-010,1.492140E-013,2.980E-015,0,0,0
1234,A,161,0.30,5250,5250,5512,0,0,0,0.000000E+000,-1,-1,0,dead,0,0,1,5.000000E+001,7.575268E-010,3.552714E-014,7.096E-016,0,0,0
1234,A,162,0.30,5250,5250,5512,0,0,0,0.000000E+000,-1,-1,0,dead,0,0,1,5.000000E+001,7.575268E-010,3.552714E-014,7.096E-016,0,0,0
1234,A,163,0.30,5250,5250,5512,0,0,0,0.000000E+000,-1,-1,0,dead,0,0,1,5.000000E+001,7.575268E-010,3.552714E-014,7.096E-016,0,0,0
1234,A,164,0.31,5250,5250,5512,0,0,0,0.000000E+000,-1,-1,0,dead,0,0,1,5.000000E+001,7.575268E-010,3.552714E-014,7.096E-016,0,0,0
1234,A,165,0.31,5250,5250,5512,0,0,0,0.000000E+000,-1,-1,0,dead,0,0,1,5.000000E+001,7.575268E-010,3.552714E-014,7.096E-016,0,0,0
1234,A,166,0.31,5250,5250,5512,0,0,0,0.000000E+000,-1,-1,0,dead,0,0,1,5.000000E+001,7.575268E-010,3.552714E-014,7.096E-016,0,0,0
1234,A,167,0.31,5250,5250,5512,0,0,0,0.000000E+000,-1,-1,0,dead,0,0,1,5.000000E+001,7.575268E-010,3.552714E-014,7.096E-016,0,0,0
1234,A,168,0.31,5250,5250,5512,0,0,0,0.000000E+000,-1,-1,0,dead,0,0,1,5.000000E+001,7.575268E-010,3.552714E-014,7.096E-016,0,0,0
1234,A,169,0.32,5250,5250,5512,0,0,0,0.000000E+000,-1,-1,0,dead,0,0,1,5.000000E+001,7.575268E-010,3.552714E-014,7.096E-016,0,0,0
1234,A,170,0.32,5250,5250,5512,0,0,0,0.000000E+000,-1,-1,0,dead,0,0,1,5.000000E+001,7.575268E-010,3.552714E-014,7.096E-016,0,0,0
1234,A,171,0.32,5250,5250,5512,0,0,0,0.000000E+000,-1,-1,0,dead,0,0,1,5.000000E+001,7.575268E-010,3.552714E-014,7.096E-016,0,0,0
1234,A,172,0.32,5250,5250,5512,0,0,0,0.000000E+000,-1,-1,0,dead,0,0,1,5.000000E+001,7.575268E-010,3.552714E-014,7.096E-016,0,0,0
1234,A,173,0.32,5250,5250,5512,0,0,0,0.000000E+000,-1,-1,0,dead,0,0,1,5.000000E+001,7.575268E-010,3.552714E-014,7.096E-016,0,0,0
1234,A,174,0.32,5250,5250,5512,0,0,0,0.000000E+000,-1,-1,0,dead,0,0,1,5.000000E+001,7.575268E-010,3.552714E-014,7.096E-016,0,0,0
1234,A,175,0.33,5250,5250,5512,0,0,0,0.000000E+000,-1,-1,0,dead,0,0,1,5.000000E+001,7.575268E-010,3.552714E-014,7.096E-016,0,0,0
1234,A,176,0.33,5250,5250,5512,0,0,0,0.000000E+000,-1,-1,0,dead,0,0,1,5.000000E+001,7.575268E-010,3.552714E-014,7.096E-016,0,0,0
1234,A,177,0.33,5250,5250,5512,0,0,0,0.000000E+000,-1,-1,0,dead,0,0,1,5.000000E+001,7.575268E-010,3.552714E-014,7.096E-016,0,0,0
1234,A,178,0.33,5250,5250,5512,0,0,0,0.000000E+000,-1,-1,0,dead,0,0,1,5.000000E+001,7.575268E-010,3.552714E-014,7.096E-016,0,0,0
1234,A,179,0.33,5250,5250,5512,0,0,0,0.000000E+000,-1,-1,0,dead,0,0,1,5.000000E+001,7.575268E-010,3.552714E-014,7.096E-016,0,0,0
1234,A,180,0.34,5250,5250,5512,0,0,0,0.000000E+000,-1,-1,0,dead,0,0,1,5.000000E+001,7.575268E-010,3.552714E-014,7.096E-016,0,0,0
1234,A,181,0.34,5250,5250,5512,0,0,0,0.000000E+000,-1,-1,0,dead,0,0,1,5.000000E+001,7.575268E-010,3.552714E-014,7.096E-016,0,0,0
1234,A,182,0.34,5250,5250,5512,0,0,0,0.000000E+000,-1,-1,0,dead,0,0,1,5.000000E+001,7.575268E-010,3.552714E-014,7.096E-016,0,0,0
1234,A,183,0.34,5250,5250,5512,0,0,0,0.000000E+000,-1,-1,0,dead,0,0,1,5.000000E+001,7.575268E-010,3.552714E-014,7.096E-016,0,0,0
1234,A,184,0.34,5250,5250,5512,0,0,0,0.000000E+000,-1,-1,0,dead,0,0,1,5.000000E+001,7.575268E-010,3.552714E-014,7.096E-016,0,0,0
1234,A,185,0.34,5250,5250,5512,0,0,0,0.000000E+000,-1,-1,0,dead,0,0,1,5.000000E+001,7.575268E-010,3.552714E-014,7.096E-016,0,0,0
1234,A,186,0.35,5250,5250,5512,0,0,0,0.000000E+000,-1,-1,0,dead,0,0,1,5.000000E+001,7.575268E-010,3.552714E-014,7.096E-016,0,0,0
1234,A,187,0.35,5250,5250,5512,0,0,0,0.000000E+000,-1,-1,0,dead,0,0,1,5.000000E+001,7.575268E-010,3.552714E-014,7.096E-016,0,0,0
1234,A,188,0.35,5250,5250,5512,0,0,0,0.000000E+000,-1,-1,0,dead,0,0,1,5.000000E+001,7.575268E-010,3.552714E-014,7.096E-016,0,0,0
1234,A,189,0.35,5250,5250,5512,0,0,0,0.000000E+000,-1,-1,0,dead,0,0,1,5.000000E+001,7.575268E-010,3.552714E-014,7.096E-016,0,0,0
1234,A,190,0.35,5250,5250,5512,0,0,0,0.000000E+000,-1,-1,0,dead,0,0,1,5.000000E+001,7.575268E-010,3.552714E-014,7.096E-016,0,0,0
1234,A,191,0.36,5250,5250,5512,0,0,0,0.000000E+000,-1,-1,0,dead,0,0,1,5.000000E+001,7.575268E-010,3.552714E-014,7.096E-016,0,0,0
1234,A,192,0.36,5250,5250,5512,0,0,0,0.000000E+000,-1,-1,0,dead,0,0,1,5.000000E+001,7.575268E-010,3.552714E-014,7.096E-016,0,0,0
1234,A,193,0.36,5250,5250,5512,0,0,0,0.000000E+000,-1,-1,0,dead,0,0,1,5.000000E+001,7.575268E-010,3.552714E-014,7.096E-016,0,0,0
1234,A,194,0.36,5250,5250,5512,0,0,0,0.000000E+000,-1,-1,0,dead,0,0,1,5.000000E+001,7.575268E-010,3.552714E-014,7.096E-016,0,0,0
1234,A,195,0.36,5250,5250,5512,0,0,0,0.000000E+000,-1,-1,0,dead,0,0,1,5.000000E+001,7.575268E-010,3.552714E-014,7.096E-016,0,0,0
1234,A,196,0.37,5250,5250,5512,0,0,0,0.000000E+000,-1,-1,0,dead,0,0,1,5.000000E+001,7.575268E-010,3.552714E-014,7.096E-016,0,0,0
1234,A,197,0.37,5250,5250,5512,0,0,0,0.000000E+000,-1,-1,0,dead,0,0,1,5.000000E+001,7.575268E-010,3.552714E-014,7.096E-016,0,0,0
1234,A,198,0.37,5250,5250,5512,0,0,0,0.000000E+000,-1,-1,0,dead,0,0,1,5.000000E+001,7.575268E-010,3.552714E-014,7.096E-016,0,0,0
1234,A,199,0.37,5250,5250,5512,0,0,0,0.000000E+000,-1,-1,0,dead,0,0,1,5.000000E+001,7.575268E-010,3.552714E-014,7.096E-016,0,0,0
1234,A,200,0.37,5250,5250,5512,0,0,0,0.000000E+000,-1,-1,0,dead,0,0,1,5.000000E+001,7.575268E-010,3.552714E-014,7.096E-016,0,0,0
1234,A,201,0.37,5250,5250,5512,0,0,0,0.000000E+000,-1,-1,0,dead,0,0,1,5.000000E+001,7.575268E-010,3.552714E-014,7.096E-016,0,0,0
1234,A,202,0.38,5250,5250,5512,0,0,0,0.000000E+000,-1,-1,0,dead,0,0,1,5.000000E+001,7.575268E-010,3.552714E-014,7.096E-016,0,0,0
1234,A,203,0.38,5250,5250,5512,0,0,0,0.000000E+000,-1,-1,0,dead,0,0,1,5.000000E+001,7.575268E-010,3.552714E-014,7.096E-016,0,0,0
1234,A,204,0.38,5250,5250,5512,0,0,0,0.000000E+000,-1,-1,0,dead,0,0,1,5.000000E+001,7.575268E-010,3.552714E-014,7.096E-016,0,0,0
1234,A,205,0.38,5250,5250,5512,0,0,0,0.000000E+000,-1,-1,0,dead,0,0,1,5.000000E+001,7.575268E-010,3.552714E-014,7.096E-016,0,0,0
1234,A,206,0.38,5250,5250,5512,0,0,0,0.000000E+000,-1,-1,0,dead,0,0,1,5.000000E+001,7.575268E-010,3.552714E-014,7.096E-016,0,0,0
1234,A,207,0.39,5250,5250,5512,0,0,0,0.000000E+000,-1,-1,0,dead,0,0,1,5.000000E+001,7.575268E-010,3.552714E-014,7.096E-016,0,0,0
1234,A,208,0.39,5250,5250,5512,0,0,0,0.000000E+000,-1,-1,0,dead,0,0,1,5.000000E+001,7.575268E-010,3.552714E-014,7.096E-016,0,0,0
1234,A,209,0.39,5250,5250,5512,0,0,0,0.000000E+000,-1,-1,0,dead,0,0,1,5.000000E+001,7.575268E-010,3.552714E-014,7.096E-016,0,0,0
1234,A,210,0.39,5250,5250,5512,0,0,0,0.000000E+000,-1,-1,0,dead,0,0,1,5.000000E+001,7.575268E-010,3.552714E-014,7.096E-016,0,0,0
1234,A,211,0.39,5250,5250,5512,0,0,0,0.000000E+000,-1,-1,0,dead,0,0,1,5.000000E+001,7.575268E-010,3.552714E-014,7.096E-016,0,0,0
1234,A,212,0.40,5250,5250,5512,0,0,0,0.000000E+000,-1,-1,0,dead,0,0,1,5.000000E+001,7.575268E-010,3.552714E-014,7.096E-016,0,0,0
1234,A,213,0.40,5250,5250,5512,0,0,0,0.000000E+000,-1,-1,0,dead,0,0,1,5.000000E+001,7.575268E-010,3.552714E-014,7.096E-016,0,0,0
1234,A,214,0.40,5250,5250,5512,0,0,0,0.000000E+000,-1,-1,0,dead,0,0,1,5.000000E+001,7.575268E-010,3.552714E-014,7.096E-016,0,0,0
1234,A,215,0.40,5250,5250,5512,0,0,0,0.000000E+000,-1,-1,0,dead,0,0,1,5.000000E+001,1.011353E-009,7.105427E-015,1.419E-016,0,0,0
1234,A,216,0.40,5250,5250,5512,0,0,0,0.000000E+000,-1,-1,0,dead,0,0,1,5.000000E+001,1.011353E-009,7.105427E-015,1.419E-016,0,0,0
1234,A,217,0.40,5250,5250,5512,0,0,0,0.000000E+000,-1,-1,0,dead,0,0,1,5.000000E+001,1.011353E-009,7.105427E-015,1.419E-016,0,0,0
1234,A,218,0.41,5250,5250,5512,0,0,0,0.000000E+000,-1,-1,0,dead,0,0,1,5.000000E+001,1.011353E-009,7.105427E-015,1.419E-016,0,0,0
1234,A,219,0.41,5250,5250,5512,0,0,0,0.000000E+000,-1,-1,0,dead,0,0,1,5.000000E+001,1.011353E-009,7.105427E-015,1.419E-016,0,0,0
1234,A,220,0.41,5250,5250,5512,0,0,0,0.000000E+000,-1,-1,0,dead,0,0,1,5.000000E+001,1.011353E-009,7.105427E-015,1.419E-016,0,0,0
1234,A,221,0.41,5250,5250,5512,0,0,0,0.000000E+000,-1,-1,0,dead,0,0,1,5.000000E+001,1.011353E-009,7.105427E-015,1.419E-016,0,0,0
1234,A,222,0.41,5250,5250,5512,0,0,0,0.000000E+000,-1,-1,0,dead,0,0,1,5.000000E+001,1.011353E-009,7.105427E-015,1.419E-016,0,0,0
1234,A,223,0.42,5250,5250,5512,0,0,0,0.000000E+000,-1,-1,0,dead,0,0,1,5.000000E+001,1.011353E-009,7.105427E-015,1.419E-016,0,0,0
1234,A,224,0.42,5250,5250,5512,0,0,0,0.000000E+000,-1,-1,0,dead,0,0,1,5.000000E+001,1.011353E-009,7.105427E-015,1.419E-016,0,0,0
1234,A,225,0.42,5250,5250,5512,0,0,0,0.000000E+000,-1,-1,0,dead,0,0,1,5.000000E+001,1.011353E-009,7.105427E-015,1.419E-016,0,0,0
1234,A,226,0.42,5250,5250,5512,0,0,0,0.000000E+000,-1,-1,0,dead,0,0,1,5.000000E+001,1.011353E-009,7.105427E-015,1.419E-016,0,0,0
1234,A,227,0.42,5250,5250,5512,0,0,0,0.000000E+000,-1,-1,0,dead,0,0,1,5.000000E+001,1.011353E-009,7.105427E-015,1.419E-016,0,0,0
1234,A,228,0.43,5250,5250,5512,0,0,0,0.000000E+000,-1,-1,0,dead,0,0,1,5.000000E+001,1.011353E-009,7.105427E-015,1.419E-016,0,0,0
1234,A,229,0.43,5250,5250,5512,0,0,0,0.000000E+000,-1,-1,0,dead,0,0,1,5.000000E+001,1.011353E-009,7.105427E-015,1.419E-016,0,0,0
1234,A,230,0.43,5250,5250,5512,0,0,0,0.000000E+000,-1,-1,0,dead,0,0,1,5.000000E+001,1.011353E-009,7.105427E-015,1.419E-016,0,0,0
1234,A,231,0.43,5250,5250,5512,0,0,0,0.000000E+000,-1,-1,0,dead,0,0,1,5.000000E+001,1.011353E-009,7.105427E-015,1.419E-016,0,0,0
1234,A,232,0.43,5250,5250,5512,0,0,0,0.000000E+000,-1,-1,0,dead,0,0,1,5.000000E+001,1.011353E-009,7.105427E-015,1.419E-016,0,0,0
1234,A,233,0.43,5250,5250,5512,0,0,0,0.000000E+000,-1,-1,0,dead,0,0,1,5.000000E+001,1.011353E-009,7.105427E-015,1.419E-016,0,0,0
1234,A,234,0.44,5250,5250,5512,0,0,0,0.000000E+000,-1,-1,0,dead,0,0,1,5.000000E+001,1.011353E-009,7.105427E-015,1.419E-016,0,0,0
1234,A,235,0.44,5250,5250,5512,0,0,0,0.000000E+000,-1,-1,0,dead,0,0,1,5.000000E+001,1.011353E-009,7.105427E-015,1.419E-016,0,0,0
1234,A,236,0.44,5250,5250,5512,0,0,0,0.000000E+000,-1,-1,0,dead,0,0,1,5.000000E+001,1.011353E-009,7.105427E-015,1.419E-016,0,0,0
1234,A,237,0.44,5250,5250,5512,0,0,0,0.000000E+000,-1,-1,0,dead,0,0,1,5.000000E+001,1.011353E-009,7.105427E-015,1.419E-016,0,0,0
1234,A,238,0.44,5250,5250,5512,0,0,0,0.000000E+000,-1,-1,0,dead,0,0,1,5.000000E+001,1.011353E-009,7.105427E-015,1.419E-016,0,0,0
1234,A,239,0.45,5250,5250,5512,0,0,0,0.000000E+000,-1,-1,0,dead,0,0,1,5.000000E+001,1.011353E-009,7.105427E-015,1.419E-016,0,0,0
1234,A,240,0.45,5250,5250,5512,0,0,0,0.000000E+000,-1,-1,0,dead,0,0,1,5.000000E+001,1.011353E-009,7.105427E-015,1.419E-016,0,0,0
1234,A,241,0.45,5250,5250,5512,0,0,0,0.000000E+000,-1,-1,0,dead,0,0,1,5.000000E+001,1.011353E-009,7.105427E-015,1.419E-016,0,0,0
1234,A,242,0.45,5250,5250,5512,0,0,0,0.000000E+000,-1,-1,0,dead,0,0,1,5.000000E+001,1.011353E-009,7.105427E-015,1.419E-016,0,0,0
1234,A,243,0.45,5250,5250,5512,0,0,0,0.000000E+000,-1,-1,0,dead,0,0,1,5.000000E+001,1.011353E-009,7.105427E-015,1.419E-016,0,0,0
1234,A,244,0.45,5250,5250,5512,0,0,0,0.000000E+000,-1,-1,0,dead,0,0,1,5.000000E+001,1.011353E-009,7.105427E-015,1.419E-016,0,0,0
1234,A,245,0.46,5250,5250,5512,0,0,0,0.000000E+000,-1,-1,0,dead,0,0,1,5.000000E+001,1.011353E-009,7.105427E-015,1.419E-016,0,0,0
1234,A,246,0.46,5250,5250,5512,0,0,0,0.000000E+000,-1,-1,0,dead,0,0,1,5.000000E+001,1.011353E-009,7.105427E-015,1.419E-016,0,0,0
1234,A,247,0.46,5250,5250,5512,0,0,0,0.000000E+000,-1,-1,0,dead,0,0,1,5.000000E+001,1.011353E-009,7.105427E-015,1.419E-016,0,0,0
1234,A,248,0.46,5250,5250,5512,0,0,0,0.000000E+000,-1,-1,0,dead,0,0,1,5.000000E+001,1.011353E-009,7.105427E-015,1.419E-016,0,0,0
1234,A,249,0.46,5250,5250,5512,0,0,0,0.000000E+000,-1,-1,0,dead,0,0,1,5.000000E+001,1.011353E-009,7.105427E-015,1.419E-016,0,0,0
1234,A,250,0.47,5250,5250,5512,0,0,0,0.000000E+000,-1,-1,0,dead,0,0,1,5.000000E+001,1.011353E-009,7.105427E-015,1.419E-016,0,0,0
1234,A,251,0.47,5250,5250,5512,0,0,0,0.000000E+000,-1,-1,0,dead,0,0,1,5.000000E+001,1.011353E-009,7.105427E-015,1.419E-016,0,0,0
1234,A,252,0.47,5250,5250,5512,0,0,0,0.000000E+000,-1,-1,0,dead,0,0,1,5.000000E+001,1.011353E-009,7.105427E-015,1.419E-016,0,0,0
1234,A,253,0.47,5250,5250,5512,0,0,0,0.000000E+000,-1,-1,0,dead,0,0,1,5.000000E+001,1.011353E-009,7.105427E-015,1.419E-016,0,0,0
1234,A,254,0.47,5250,5250,5512,0,0,0,0.000000E+000,-1,-1,0,dead,0,0,1,5.000000E+001,1.011353E-009,7.105427E-015,1.419E-016,0,0,0
1234,A,255,0.48,5250,5250,5512,0,0,0,0.000000E+000,-1,-1,0,dead,0,0,1,5.000000E+001,1.011353E-009,7.105427E-015,1.419E-016,0,0,0
1234,A,256,0.48,5250,5250,5512,0,0,0,0.000000E+000,-1,-1,0,dead,0,0,1,5.000000E+001,1.011353E-009,7.105427E-015,1.419E-016,0,0,0
1234,A,257,0.48,5250,5250,5512,0,0,0,0.000000E+000,-1,-1,0,dead,0,0,1,5.000000E+001,1.011353E-009,7.105427E-015,1.419E-016,0,0,0
1234,A,258,0.48,5250,5250,5512,0,0,0,0.000000E+000,-1,-1,0,dead,0,0,1,5.000000E+001,1.011353E-009,7.105427E-015,1.419E-016,0,0,0
1234,A,259,0.48,5250,5250,5512,0,0,0,0.000000E+000,-1,-1,0,dead,0,0,1,5.000000E+001,1.011353E-009,7.105427E-015,1.419E-016,0,0,0
1234,A,260,0.48,5250,5250,5512,0,0,0,0.000000E+000,-1,-1,0,dead,0,0,1,5.000000E+001,1.011353E-009,7.105427E-015,1.419E-016,0,0,0
1234,A,261,0.49,5250,5250,5512,0,0,0,0.000000E+000,-1,-1,0,dead,0,0,1,5.000000E+001,1.011353E-009,7.105427E-015,1.419E-016,0,0,0
1234,A,262,0.49,5250,5250,5512,0,0,0,0.000000E+000,-1,-1,0,dead,0,0,1,5.000000E+001,1.011353E-009,7.105427E-015,1.419E-016,0,0,0
1234,A,263,0.49,5250,5250,5512,0,0,0,0.000000E+000,-1,-1,0,dead,0,0,1,5.000000E+001,1.011353E-009,7.105427E-015,1.419E-016,0,0,0
1234,A,264,0.49,5250,5250,5512,0,0,0,0.000000E+000,-1,-1,0,dead,0,0,1,5.000000E+001,1.011353E-009,7.105427E-015,1.419E-016,0,0,0
1234,A,265,0.49,5250,5250,5512,0,0,0,0.000000E+000,-1,-1,0,dead,0,0,1,5.000000E+001,1.011353E-009,7.105427E-015,1.419E-016,0,0,0
1234,A,266,0.50,5250,5250,5512,0,0,0,0.000000E+000,-1,-1,0,dead,0,0,1,5.000000E+001,1.011353E-009,7.105427E-015,1.419E-016,0,0,0
1234,A,267,0.50,5250,5250,5512,0,0,0,0.000000E+000,-1,-1,0,dead,0,0,1,5.000000E+001,1.011353E-009,7.105427E-015,1.419E-016,0,0,0
1234,A,268,0.50,5250,5250,5512,0,0,0,0.000000E+000,-1,-1,0,dead,0,0,1,5.000000E+001,1.011353E-009,7.105427E-015,1.419E-016,0,0,0
1234,A,269,0.50,5250,5250,5512,0,0,0,0.000000E+000,-1,-1,0,dead,0,0,1,5.000000E+001,1.264986E-009,2.131628E-014,4.258E-016,0,0,0
1234,A,270,0.50,5250,5250,5512,0,0,0,0.000000E+000,-1,-1,0,dead,0,0,1,5.000000E+001,1.264986E-009,2.131628E-014,4.258E-016,0,0,0
1234,A,271,0.51,5250,5250,5512,0,0,0,0.000000E+000,-1,-1,0,dead,0,0,1,5.000000E+001,1.264986E-009,2.131628E-014,4.258E-016,0,0,0
1234,A,272,0.51,5250,5250,5512,0,0,0,0.000000E+000,-1,-1,0,dead,0,0,1,5.000000E+001,1.264986E-009,2.131628E-014,4.258E-016,0,0,0
1234,A,273,0.51,5250,5250,5512,0,0,0,0.000000E+000,-1,-1,0,dead,0,0,1,5.000000E+001,1.264986E-009,2.131628E-014,4.258E-016,0,0,0
1234,A,274,0.51,5250,5250,5512,0,0,0,0.000000E+000,-1,-1,0,dead,0,0,1,5.000000E+001,1.264986E-009,2.131628E-014,4.258E-016,0,0,0
1234,A,275,0.51,5250,5250,5512,0,0,0,0.000000E+000,-1,-1,0,dead,0,0,1,5.000000E+001,1.264986E-009,2.131628E-014,4.258E-016,0,0,0
1234,A,276,0.51,5250,5250,5512,0,0,0,0.000000E+000,-1,-1,0,dead,0,0,1,5.000000E+001,1.264986E-009,2.131628E-014,4.258E-016,0,0,0
1234,A,277,0.52,5250,5250,5512,0,0,0,0.000000E+000,-1,-1,0,dead,0,0,1,5.000000E+001,1.264986E-009,2.131628E-014,4.258E-016,0,0,0
1234,A,278,0.52,5250,5250,5512,0,0,0,0.000000E+000,-1,-1,0,dead,0,0,1,5.000000E+001,1.264986E-009,2.131628E-014,4.258E-016,0,0,0
1234,A,279,0.52,5250,5250,5512,0,0,0,0.000000E+000,-1,-1,0,dead,0,0,1,5.000000E+001,1.264986E-009,2.131628E-014,4.258E-016,0,0,0
1234,A,280,0.52,5250,5250,5512,0,0,0,0.000000E+000,-1,-1,0,dead,0,0,1,5.000000E+001,1.264986E-009,2.131628E-014,4.258E-016,0,0,0
1234,A,281,0.52,5250,5250,5512,0,0,0,0.000000E+000,-1,-1,0,dead,0,0,1,5.000000E+001,1.264986E-009,2.131628E-014,4.258E-016,0,0,0
1234,A,282,0.53,5250,5250,5512,0,0,0,0.000000E+000,-1,-1,0,dead,0,0,1,5.000000E+001,1.264986E-009,2.131628E-014,4.258E-016,0,0,0
1234,A,283,0.53,5250,5250,5512,0,0,0,0.000000E+000,-1,-1,0,dead,0,0,1,5.000000E+001,1.264986E-009,2.131628E-014,4.258E-016,0,0,0
1234,A,284,0.53,5250,5250,5512,0,0,0,0.000000E+000,-1,-1,0,dead,0,0,1,5.000000E+001,1.264986E-009,2.131628E-014,4.258E-016,0,0,0
1234,A,285,0.53,5250,5250,5512,0,0,0,0.000000E+000,-1,-1,0,dead,0,0,1,5.000000E+001,1.264986E-009,2.131628E-014,4.258E-016,0,0,0
1234,A,286,0.53,5250,5250,5512,0,0,0,0.000000E+000,-1,-1,0,dead,0,0,1,5.000000E+001,1.264986E-009,2.131628E-014,4.258E-016,0,0,0
1234,A,287,0.53,5250,5250,5512,0,0,0,0.000000E+000,-1,-1,0,dead,0,0,1,5.000000E+001,1.264986E-009,2.131628E-014,4.258E-016,0,0,0
1234,A,288,0.54,5250,5250,5512,0,0,0,0.000000E+000,-1,-1,0,dead,0,0,1,5.000000E+001,1.264986E-009,2.131628E-014,4.258E-016,0,0,0
1234,A,289,0.54,5250,5250,5512,0,0,0,0.000000E+000,-1,-1,0,dead,0,0,1,5.000000E+001,1.264986E-009,2.131628E-014,4.258E-016,0,0,0
1234,A,290,0.54,5250,5250,5512,0,0,0,0.000000E+000,-1,-1,0,dead,0,0,1,5.000000E+001,1.264986E-009,2.131628E-014,4.258E-016,0,0,0
1234,A,291,0.54,5250,5250,5512,0,0,0,0.000000E+000,-1,-1,0,dead,0,0,1,5.000000E+001,1.264986E-009,2.131628E-014,4.258E-016,0,0,0
1234,A,292,0.54,5250,5250,5512,0,0,0,0.000000E+000,-1,-1,0,dead,0,0,1,5.000000E+001,1.264986E-009,2.131628E-014,4.258E-016,0,0,0
1234,A,293,0.55,5250,5250,5512,0,0,0,0.000000E+000,-1,-1,0,dead,0,0,1,5.000000E+001,1.264986E-009,2.131628E-014,4.258E-016,0,0,0
1234,A,294,0.55,5250,5250,5512,0,0,0,0.000000E+000,-1,-1,0,dead,0,0,1,5.000000E+001,1.264986E-009,2.131628E-014,4.258E-016,0,0,0
1234,A,295,0.55,5250,5250,5512,0,0,0,0.000000E+000,-1,-1,0,dead,0,0,1,5.000000E+001,1.264986E-009,2.131628E-014,4.258E-016,0,0,0
1234,A,296,0.55,5250,5250,5512,0,0,0,0.000000E+000,-1,-1,0,dead,0,0,1,5.000000E+001,1.264986E-009,2.131628E-014,4.258E-016,0,0,0
1234,A,297,0.55,5250,5250,5512,0,0,0,0.000000E+000,-1,-1,0,dead,0,0,1,5.000000E+001,1.264986E-009,2.131628E-014,4.258E-016,0,0,0
1234,A,298,0.56,5250,5250,5512,0,0,0,0.000000E+000,-1,-1,0,dead,0,0,1,5.000000E+001,1.264986E-009,2.131628E-014,4.258E-016,0,0,0
1234,A,299,0.56,5250,5250,5512,0,0,0,0.000000E+000,-1,-1,0,dead,0,0,1,5.000000E+001,1.264986E-009,2.131628E-014,4.258E-016,0,0,0
1234,A,300,0.56,5250,5250,5512,0,0,0,0.000000E+000,-1,-1,0,dead,0,0,1,5.000000E+001,1.264986E-009,2.131628E-014,4.258E-016,0,0,0
1234,A,301,0.56,5250,5250,5512,0,0,0,0.000000E+000,-1,-1,0,dead,0,0,1,5.000000E+001,1.264986E-009,2.131628E-014,4.258E-016,0,0,0
1234,A,302,0.56,5250,5250,5512,0,0,0,0.000000E+000,-1,-1,0,dead,0,0,1,5.000000E+001,1.264986E-009,2.131628E-014,4.258E-016,0,0,0
1234,A,303,0.56,5250,5250,5512,0,0,0,0.000000E+000,-1,-1,0,dead,0,0,1,5.000000E+001,1.264986E-009,2.131628E-014,4.258E-016,0,0,0
1234,A,304,0.57,5250,5250,5512,0,0,0,0.000000E+000,-1,-1,0,dead,0,0,1,5.000000E+001,1.264986E-009,2.131628E-014,4.258E-016,0,0,0
1234,A,305,0.57,5250,5250,5512,0,0,0,0.000000E+000,-1,-1,0,dead,0,0,1,5.000000E+001,1.264986E-009,2.131628E-014,4.258E-016,0,0,0
1234,A,306,0.57,5250,5250,5512,0,0,0,0.000000E+000,-1,-1,0,dead,0,0,1,5.000000E+001,1.264986E-009,2.131628E-014,4.258E-016,0,0,0
1234,A,307,0.57,5250,5250,5512,0,0,0,0.000000E+000,-1,-1,0,dead,0,0,1,5.000000E+001,1.264986E-009,2.131628E-014,4.258E-016,0,0,0
1234,A,308,0.57,5250,5250,5512,0,0,0,0.000000E+000,-1,-1,0,dead,0,0,1,5.000000E+001,1.264986E-009,2.131628E-014,4.258E-016,0,0,0
1234,A,309,0.58,5250,5250,5512,0,0,0,0.000000E+000,-1,-1,0,dead,0,0,1,5.000000E+001,1.264986E-009,2.131628E-014,4.258E-016,0,0,0
1234,A,310,0.58,5250,5250,5512,0,0,0,0.000000E+000,-1,-1,0,dead,0,0,1,5.000000E+001,1.264986E-009,2.131628E-014,4.258E-016,0,0,0
1234,A,311,0.58,5250,5250,5512,0,0,0,0.000000E+000,-1,-1,0,dead,0,0,1,5.000000E+001,1.264986E-009,2.131628E-014,4.258E-016,0,0,0
1234,A,312,0.58,5250,5250,5512,0,0,0,0.000000E+000,-1,-1,0,dead,0,0,1,5.000000E+001,1.264986E-009,2.131628E-014,4.258E-016,0,0,0
1234,A,313,0.58,5250,5250,5512,0,0,0,0.000000E+000,-1,-1,0,dead,0,0,1,5.000000E+001,1.264986E-009,2.131628E-014,4.258E-016,0,0,0
1234,A,314,0.59,5250,5250,5512,0,0,0,0.000000E+000,-1,-1,0,dead,0,0,1,5.000000E+001,1.264986E-009,2.131628E-014,4.258E-016,0,0,0
1234,A,315,0.59,5250,5250,5512,0,0,0,0.000000E+000,-1,-1,0,dead,0,0,1,5.000000E+001,1.264986E-009,2.131628E-014,4.258E-016,0,0,0
1234,A,316,0.59,5250,5250,5512,0,0,0,0.000000E+000,-1,-1,0,dead,0,0,1,5.000000E+001,1.264986E-009,2.131628E-014,4.258E-016,0,0,0
1234,A,317,0.59,5250,5250,5512,0,0,0,0.000000E+000,-1,-1,0,dead,0,0,1,5.000000E+001,1.264986E-009,2.131628E-014,4.258E-016,0,0,0
1234,A,318,0.59,5250,5250,5512,0,0,0,0.000000E+000,-1,-1,0,dead,0,0,1,5.000000E+001,1.264986E-009,2.131628E-014,4.258E-016,0,0,0
1234,A,319,0.59,5250,5250,5512,0,0,0,0.000000E+000,-1,-1,0,dead,0,0,1,5.000000E+001,1.264986E-009,2.131628E-014,4.258E-016,0,0,0
1234,A,320,0.60,5250,5250,5512,0,0,0,0.000000E+000,-1,-1,0,dead,0,0,1,5.000000E+001,1.264986E-009,2.131628E-014,4.258E-016,0,0,0
1234,A,321,0.60,5250,5250,5512,0,0,0,0.000000E+000,-1,-1,0,dead,0,0,1,5.000000E+001,1.264986E-009,2.131628E-014,4.258E-016,0,0,0
1234,A,322,0.60,5250,5250,5512,0,0,0,0.000000E+000,-1,-1,0,dead,0,0,1,5.000000E+001,1.512927E-009,2.842171E-014,5.677E-016,0,0,0
1234,A,323,0.60,5250,5250,5512,0,0,0,0.000000E+000,-1,-1,0,dead,0,0,1,5.000000E+001,1.512927E-009,2.842171E-014,5.677E-016,0,0,0
1234,A,324,0.60,5250,5250,5512,0,0,0,0.000000E+000,-1,-1,0,dead,0,0,1,5.000000E+001,1.512927E-009,2.842171E-014,5.677E-016,0,0,0
1234,A,325,0.61,5250,5250,5512,0,0,0,0.000000E+000,-1,-1,0,dead,0,0,1,5.000000E+001,1.512927E-009,2.842171E-014,5.677E-016,0,0,0
1234,A,326,0.61,5250,5250,5512,0,0,0,0.000000E+000,-1,-1,0,dead,0,0,1,5.000000E+001,1.512927E-009,2.842171E-014,5.677E-016,0,0,0
1234,A,327,0.61,5250,5250,5512,0,0,0,0.000000E+000,-1,-1,0,dead,0,0,1,5.000000E+001,1.512927E-009,2.842171E-014,5.677E-016,0,0,0
1234,A,328,0.61,5250,5250,5512,0,0,0,0.000000E+000,-1,-1,0,dead,0,0,1,5.000000E+001,1.512927E-009,2.842171E-014,5.677E-016,0,0,0
1234,A,329,0.61,5250,5250,5512,0,0,0,0.000000E+000,-1,-1,0,dead,0,0,1,5.000000E+001,1.512927E-009,2.842171E-014,5.677E-016,0,0,0
1234,A,330,0.62,5250,5250,5512,0,0,0,0.000000E+000,-1,-1,0,dead,0,0,1,5.000000E+001,1.512927E-009,2.842171E-014,5.677E-016,0,0,0
1234,A,331,0.62,5250,5250,5512,0,0,0,0.000000E+000,-1,-1,0,dead,0,0,1,5.000000E+001,1.512927E-009,2.842171E-014,5.677E-016,0,0,0
1234,A,332,0.62,5250,5250,5512,0,0,0,0.000000E+000,-1,-1,0,dead,0,0,1,5.000000E+001,1.512927E-009,2.842171E-014,5.677E-016,0,0,0
1234,A,333,0.62,5250,5250,5512,0,0,0,0.000000E+000,-1,-1,0,dead,0,0,1,5.000000E+001,1.512927E-009,2.842171E-014,5.677E-016,0,0,0
1234,A,334,0.62,5250,5250,5512,0,0,0,0.000000E+000,-1,-1,0,dead,0,0,1,5.000000E+001,1.512927E-009,2.842171E-014,5.677E-016,0,0,0
1234,A,335,0.62,5250,5250,5512,0,0,0,0.000000E+000,-1,-1,0,dead,0,0,1,5.000000E+001,1.512927E-009,2.842171E-014,5.677E-016,0,0,0
1234,A,336,0.63,5250,5250,5512,0,0,0,0.000000E+000,-1,-1,0,dead,0,0,1,5.000000E+001,1.512927E-009,2.842171E-014,5.677E-016,0,0,0
1234,A,337,0.63,5250,5250,5512,0,0,0,0.000000E+000,-1,-1,0,dead,0,0,1,5.000000E+001,1.512927E-009,2.842171E-014,5.677E-016,0,0,0
1234,A,338,0.63,5250,5250,5512,0,0,0,0.000000E+000,-1,-1,0,dead,0,0,1,5.000000E+001,1.512927E-009,2.842171E-014,5.677E-016,0,0,0
1234,A,339,0.63,5250,5250,5512,0,0,0,0.000000E+000,-1,-1,0,dead,0,0,1,5.000000E+001,1.512927E-009,2.842171E-014,5.677E-016,0,0,0
1234,A,340,0.63,5250,5250,5512,0,0,0,0.000000E+000,-1,-1,0,dead,0,0,1,5.000000E+001,1.512927E-009,2.842171E-014,5.677E-016,0,0,0
1234,A,341,0.64,5250,5250,5512,0,0,0,0.000000E+000,-1,-1,0,dead,0,0,1,5.000000E+001,1.512927E-009,2.842171E-014,5.677E-016,0,0,0
1234,A,342,0.64,5250,5250,5512,0,0,0,0.000000E+000,-1,-1,0,dead,0,0,1,5.000000E+001,1.512927E-009,2.842171E-014,5.677E-016,0,0,0
1234,A,343,0.64,5250,5250,5512,0,0,0,0.000000E+000,-1,-1,0,dead,0,0,1,5.000000E+001,1.512927E-009,2.842171E-014,5.677E-016,0,0,0
1234,A,344,0.64,5250,5250,5512,0,0,0,0.000000E+000,-1,-1,0,dead,0,0,1,5.000000E+001,1.512927E-009,2.842171E-014,5.677E-016,0,0,0
1234,A,345,0.64,5250,5250,5512,0,0,0,0.000000E+000,-1,-1,0,dead,0,0,1,5.000000E+001,1.512927E-009,2.842171E-014,5.677E-016,0,0,0
1234,A,346,0.64,5250,5250,5512,0,0,0,0.000000E+000,-1,-1,0,dead,0,0,1,5.000000E+001,1.512927E-009,2.842171E-014,5.677E-016,0,0,0
1234,A,347,0.65,5250,5250,5512,0,0,0,0.000000E+000,-1,-1,0,dead,0,0,1,5.000000E+001,1.512927E-009,2.842171E-014,5.677E-016,0,0,0
1234,A,348,0.65,5250,5250,5512,0,0,0,0.000000E+000,-1,-1,0,dead,0,0,1,5.000000E+001,1.512927E-009,2.842171E-014,5.677E-016,0,0,0
1234,A,349,0.65,5250,5250,5512,0,0,0,0.000000E+000,-1,-1,0,dead,0,0,1,5.000000E+001,1.512927E-009,2.842171E-014,5.677E-016,0,0,0
1234,A,350,0.65,5250,5250,5512,0,0,0,0.000000E+000,-1,-1,0,dead,0,0,1,5.000000E+001,1.512927E-009,2.842171E-014,5.677E-016,0,0,0
1234,A,351,0.65,5250,5250,5512,0,0,0,0.000000E+000,-1,-1,0,dead,0,0,1,5.000000E+001,1.512927E-009,2.842171E-014,5.677E-016,0,0,0
1234,A,352,0.66,5250,5250,5512,0,0,0,0.000000E+000,-1,-1,0,dead,0,0,1,5.000000E+001,1.512927E-009,2.842171E-014,5.677E-016,0,0,0
1234,A,353,0.66,5250,5250,5512,0,0,0,0.000000E+000,-1,-1,0,dead,0,0,1,5.000000E+001,1.512927E-009,2.842171E-014,5.677E-016,0,0,0
1234,A,354,0.66,5250,5250,5512,0,0,0,0.000000E+000,-1,-1,0,dead,0,0,1,5.000000E+001,1.512927E-009,2.842171E-014,5.677E-016,0,0,0
1234,A,355,0.66,5250,5250,5512,0,0,0,0.000000E+000,-1,-1,0,dead,0,0,1,5.000000E+001,1.512927E-009,2.842171E-014,5.677E-016,0,0,0
1234,A,356,0.66,5250,5250,5512,0,0,0,0.000000E+000,-1,-1,0,dead,0,0,1,5.000000E+001,1.512927E-009,2.842171E-014,5.677E-016,0,0,0
1234,A,357,0.67,5250,5250,5512,0,0,0,0.000000E+000,-1,-1,0,dead,0,0,1,5.000000E+001,1.512927E-009,2.842171E-014,5.677E-016,0,0,0
1234,A,358,0.67,5250,5250,5512,0,0,0,0.000000E+000,-1,-1,0,dead,0,0,1,5.000000E+001,1.512927E-009,2.842171E-014,5.677E-016,0,0,0
1234,A,359,0.67,5250,5250,5512,0,0,0,0.000000E+000,-1,-1,0,dead,0,0,1,5.000000E+001,1.512927E-009,2.842171E-014,5.677E-016,0,0,0
1234,A,360,0.67,5250,5250,5512,0,0,0,0.000000E+000,-1,-1,0,dead,0,0,1,5.000000E+001,1.512927E-009,2.842171E-014,5.677E-016,0,0,0
1234,A,361,0.67,5250,5250,5512,0,0,0,0.000000E+000,-1,-1,0,dead,0,0,1,5.000000E+001,1.512927E-009,2.842171E-014,5.677E-016,0,0,0
1234,A,362,0.67,5250,5250,5512,0,0,0,0.000000E+000,-1,-1,0,dead,0,0,1,5.000000E+001,1.512927E-009,2.842171E-014,5.677E-016,0,0,0
1234,A,363,0.68,5250,5250,5512,0,0,0,0.000000E+000,-1,-1,0,dead,0,0,1,5.000000E+001,1.512927E-009,2.842171E-014,5.677E-016,0,0,0
1234,A,364,0.68,5250,5250,5512,0,0,0,0.000000E+000,-1,-1,0,dead,0,0,1,5.000000E+001,1.512927E-009,2.842171E-014,5.677E-016,0,0,0
1234,A,365,0.68,5250,5250,5512,0,0,0,0.000000E+000,-1,-1,0,dead,0,0,1,5.000000E+001,1.512927E-009,2.842171E-014,5.677E-016,0,0,0
1234,A,366,0.68,5250,5250,5512,0,0,0,0.000000E+000,-1,-1,0,dead,0,0,1,5.000000E+001,1.512927E-009,2.842171E-014,5.677E-016,0,0,0
1234,A,367,0.68,5250,5250,5512,0,0,0,0.000000E+000,-1,-1,0,dead,0,0,1,5.000000E+001,1.512927E-009,2.842171E-014,5.677E-016,0,0,0
1234,A,368,0.69,5250,5250,5512,0,0,0,0.000000E+000,-1,-1,0,dead,0,0,1,5.000000E+001,1.512927E-009,2.842171E-014,5.677E-016,0,0,0
1234,A,369,0.69,5250,5250,5512,0,0,0,0.000000E+000,-1,-1,0,dead,0,0,1,5.000000E+001,1.512927E-009,2.842171E-014,5.677E-016,0,0,0
1234,A,370,0.69,5250,5250,5512,0,0,0,0.000000E+000,-1,-1,0,dead,0,0,1,5.000000E+001,1.512927E-009,2.842171E-014,5.677E-016,0,0,0
1234,A,371,0.69,5250,5250,5512,0,0,0,0.000000E+000,-1,-1,0,dead,0,0,1,5.000000E+001,1.512927E-009,2.842171E-014,5.677E-016,0,0,0
1234,A,372,0.69,5250,5250,5512,0,0,0,0.000000E+000,-1,-1,0,dead,0,0,1,5.000000E+001,1.512927E-009,2.842171E-014,5.677E-016,0,0,0
1234,A,373,0.70,5250,5250,5512,0,0,0,0.000000E+000,-1,-1,0,dead,0,0,1,5.000000E+001,1.512927E-009,2.842171E-014,5.677E-016,0,0,0
1234,A,374,0.70,5250,5250,5512,0,0,0,0.000000E+000,-1,-1,0,dead,0,0,1,5.000000E+001,1.512927E-009,2.842171E-014,5.677E-016,0,0,0
1234,A,375,0.70,5250,5250,5512,0,0,0,0.000000E+000,-1,-1,0,dead,0,0,1,5.000000E+001,1.512927E-009,2.842171E-014,5.677E-016,0,0,0
1234,A,376,0.70,5250,5250,5512,0,0,0,0.000000E+000,-1,-1,0,dead,0,0,1,5.000000E+001,1.760769E-009,3.552714E-014,7.096E-016,0,0,0
1234,A,377,0.70,5250,5250,5512,0,0,0,0.000000E+000,-1,-1,0,dead,0,0,1,5.000000E+001,1.760769E-009,3.552714E-014,7.096E-016,0,0,0
1234,A,378,0.70,5250,5250,5512,0,0,0,0.000000E+000,-1,-1,0,dead,0,0,1,5.000000E+001,1.760769E-009,3.552714E-014,7.096E-016,0,0,0
1234,A,379,0.71,5250,5250,5512,0,0,0,0.000000E+000,-1,-1,0,dead,0,0,1,5.000000E+001,1.760769E-009,3.552714E-014,7.096E-016,0,0,0
1234,A,380,0.71,5250,5250,5512,0,0,0,0.000000E+000,-1,-1,0,dead,0,0,1,5.000000E+001,1.760769E-009,3.552714E-014,7.096E-016,0,0,0
1234,A,381,0.71,5250,5250,5512,0,0,0,0.000000E+000,-1,-1,0,dead,0,0,1,5.000000E+001,1.760769E-009,3.552714E-014,7.096E-016,0,0,0
1234,A,382,0.71,5250,5250,5512,0,0,0,0.000000E+000,-1,-1,0,dead,0,0,1,5.000000E+001,1.760769E-009,3.552714E-014,7.096E-016,0,0,0
1234,A,383,0.71,5250,5250,5512,0,0,0,0.000000E+000,-1,-1,0,dead,0,0,1,5.000000E+001,1.760769E-009,3.552714E-014,7.096E-016,0,0,0
1234,A,384,0.72,5250,5250,5512,0,0,0,0.000000E+000,-1,-1,0,dead,0,0,1,5.000000E+001,1.760769E-009,3.552714E-014,7.096E-016,0,0,0
1234,A,385,0.72,5250,5250,5512,0,0,0,0.000000E+000,-1,-1,0,dead,0,0,1,5.000000E+001,1.760769E-009,3.552714E-014,7.096E-016,0,0,0
1234,A,386,0.72,5250,5250,5512,0,0,0,0.000000E+000,-1,-1,0,dead,0,0,1,5.000000E+001,1.760769E-009,3.552714E-014,7.096E-016,0,0,0
1234,A,387,0.72,5250,5250,5512,0,0,0,0.000000E+000,-1,-1,0,dead,0,0,1,5.000000E+001,1.760769E-009,3.552714E-014,7.096E-016,0,0,0
1234,A,388,0.72,5250,5250,5512,0,0,0,0.000000E+000,-1,-1,0,dead,0,0,1,5.000000E+001,1.760769E-009,3.552714E-014,7.096E-016,0,0,0
1234,A,389,0.73,5250,5250,5512,0,0,0,0.000000E+000,-1,-1,0,dead,0,0,1,5.000000E+001,1.760769E-009,3.552714E-014,7.096E-016,0,0,0
1234,A,390,0.73,5250,5250,5512,0,0,0,0.000000E+000,-1,-1,0,dead,0,0,1,5.000000E+001,1.760769E-009,3.552714E-014,7.096E-016,0,0,0
1234,A,391,0.73,5250,5250,5512,0,0,0,0.000000E+000,-1,-1,0,dead,0,0,1,5.000000E+001,1.760769E-009,3.552714E-014,7.096E-016,0,0,0
1234,A,392,0.73,5250,5250,5512,0,0,0,0.000000E+000,-1,-1,0,dead,0,0,1,5.000000E+001,1.760769E-009,3.552714E-014,7.096E-016,0,0,0
1234,A,393,0.73,5250,5250,5512,0,0,0,0.000000E+000,-1,-1,0,dead,0,0,1,5.000000E+001,1.760769E-009,3.552714E-014,7.096E-016,0,0,0
1234,A,394,0.73,5250,5250,5512,0,0,0,0.000000E+000,-1,-1,0,dead,0,0,1,5.000000E+001,1.760769E-009,3.552714E-014,7.096E-016,0,0,0
1234,A,395,0.74,5250,5250,5512,0,0,0,0.000000E+000,-1,-1,0,dead,0,0,1,5.000000E+001,1.760769E-009,3.552714E-014,7.096E-016,0,0,0
1234,A,396,0.74,5250,5250,5512,0,0,0,0.000000E+000,-1,-1,0,dead,0,0,1,5.000000E+001,1.760769E-009,3.552714E-014,7.096E-016,0,0,0
1234,A,446,0.83,5250,5250,5512,0,0,0,0.000000E+000,-1,-1,0,dead,0,0,1,5.000000E+001,2.003902E-009,1.207923E-013,2.413E-015,0,0,0
1234,A,496,0.92,5250,5250,5512,0,0,0,0.000000E+000,-1,-1,0,dead,0,0,1,5.000000E+001,2.237762E-009,3.552714E-014,7.096E-016,0,0,0
1234,A,546,1.02,5250,5250,5512,0,0,0,0.000000E+000,-1,-1,0,dead,0,0,1,5.000000E+001,2.472961E-009,7.105427E-015,1.419E-016,0,0,0
1234,A,596,1.11,5250,5250,5512,0,0,0,0.000000E+000,-1,-1,0,dead,0,0,1,5.000000E+001,2.704614E-009,3.552714E-014,7.096E-016,0,0,0
1234,A,646,1.20,5250,5250,5512,0,0,0,0.000000E+000,-1,-1,0,dead,0,0,1,5.000000E+001,2.929202E-009,2.131628E-014,4.258E-016,0,0,0
1234,A,696,1.30,5250,5250,5512,0,0,0,0.000000E+000,-1,-1,0,dead,0,0,1,5.000000E+001,2.929202E-009,2.131628E-014,4.258E-016,0,0,0
1234,A,746,1.39,5250,5250,5512,0,0,0,0.000000E+000,-1,-1,0,dead,0,0,1,5.000000E+001,3.155292E-009,9.947598E-014,1.987E-015,0,0,0
1234,A,796,1.48,5250,5250,5512,0,0,0,0.000000E+000,-1,-1,0,dead,0,0,1,5.000000E+001,3.378742E-009,1.705303E-013,3.406E-015,0,0,0
1234,A,846,1.58,5250,5250,5512,0,0,0,0.000000E+000,-1,-1,0,dead,0,0,1,5.000000E+001,3.595700E-009,3.552714E-014,7.096E-016,0,0,0
1234,A,896,1.67,5250,5250,5512,0,0,0,0.000000E+000,-1,-1,0,dead,0,0,1,5.000000E+001,3.814712E-009,0.000000E+000,0.000E+000,0,0,0
1234,A,946,1.76,5250,5250,5512,0,0,0,0.000000E+000,-1,-1,0,dead,0,0,1,5.000000E+001,4.027605E-009,9.237056E-014,1.845E-015,0,0,0
1234,A,996,1.86,5250,5250,5512,0,0,0,0.000000E+000,-1,-1,0,dead,0,0,1,5.000000E+001,4.243386E-009,1.065814E-013,2.129E-015,0,0,0
1234,A,1046,1.95,5250,5250,5512,0,0,0,0.000000E+000,-1,-1,0,dead,0,0,1,5.000000E+001,4.458090E-009,7.105427E-014,1.419E-015,0,0,0
1234,A,1096,2.04,5250,5250,5512,0,0,0,0.000000E+000,-1,-1,0,dead,0,0,1,5.000000E+001,4.667680E-009,4.973799E-014,9.934E-016,0,0,0
1234,A,1146,2.14,5250,5250,5512,0,0,0,0.000000E+000,-1,-1,0,dead,0,0,1,5.000000E+001,4.880219E-009,6.394885E-014,1.277E-015,0,0,0
1234,A,1196,2.23,5250,5250,5512,0,0,0,0.000000E+000,-1,-1,0,dead,0,0,1,5.000000E+001,5.091827E-009,3.552714E-014,7.096E-016,0,0,0
1234,A,1246,2.32,5250,5250,5512,0,0,0,0.000000E+000,-1,-1,0,dead,0,0,1,5.000000E+001,5.298989E-009,1.065814E-013,2.129E-015,0,0,0
1234,A,1296,2.42,5250,5250,5512,0,0,0,0.000000E+000,-1,-1,0,dead,0,0,1,5.000000E+001,5.509620E-009,5.684342E-014,1.135E-015,0,0,0
1234,A,1346,2.51,5250,5250,5512,0,0,0,0.000000E+000,-1,-1,0,dead,0,0,1,5.000000E+001,5.719901E-009,2.842171E-014,5.677E-016,0,0,0
1234,A,1396,2.60,5250,5250,5512,0,0,0,0.000000E+000,-1,-1,0,dead,0,0,1,5.000000E+001,5.925737E-009,8.526513E-014,1.703E-015,0,0,0
1234,A,1446,2.70,5250,5250,5512,0,0,0,0.000000E+000,-1,-1,0,dead,0,0,1,5.000000E+001,5.925737E-009,8.526513E-014,1.703E-015,0,0,0
1234,A,1496,2.79,5250,5250,5512,0,0,0,0.000000E+000,-1,-1,0,dead,0,0,1,5.000000E+001,6.134179E-009,7.105427E-015,1.419E-016,0,0,0
1234,A,1546,2.88,5250,5250,5512,0,0,0,0.000000E+000,-1,-1,0,dead,0,0,1,5.000000E+001,6.341692E-009,9.237056E-014,1.845E-015,0,0,0
1234,A,1596,2.98,5250,5250,5512,0,0,0,0.000000E+000,-1,-1,0,dead,0,0,1,5.000000E+001,6.544660E-009,1.563194E-013,3.122E-015,0,0,0
1234,A,1646,3.07,5250,5250,5512,0,0,0,0.000000E+000,-1,-1,0,dead,0,0,1,5.000000E+001,6.750358E-009,2.131628E-014,4.258E-016,0,0,0
1234,A,1696,3.16,5250,5250,5512,0,0,0,0.000000E+000,-1,-1,0,dead,0,0,1,5.000000E+001,6.954365E-009,5.684342E-014,1.135E-015,0,0,0
1234,A,1746,3.25,5250,5250,5512,0,0,0,0.000000E+000,-1,-1,0,dead,0,0,1,5.000000E+001,7.153573E-009,8.526513E-014,1.703E-015,0,0,0
1234,A,1796,3.35,5250,5250,5512,0,0,0,0.000000E+000,-1,-1,0,dead,0,0,1,5.000000E+001,7.354734E-009,9.237056E-014,1.845E-015,0,0,0
1234,A,1846,3.44,5250,5250,5512,0,0,0,0.000000E+000,-1,-1,0,dead,0,0,1,5.000000E+001,7.551053E-009,1.421085E-013,2.838E-015,0,0,0
1234,A,1896,3.53,5250,5250,5512,0,0,0,0.000000E+000,-1,-1,0,dead,0,0,1,5.000000E+001,7.750250E-009,9.237056E-014,1.845E-015,0,0,0
1234,A,1946,3.63,5250,5250,5512,0,0,0,0.000000E+000,-1,-1,0,dead,0,0,1,5.000000E+001,7.948468E-009,7.105427E-014,1.419E-015,0,0,0
1234,A,1996,3.72,5250,5250,5512,0,0,0,0.000000E+000,-1,-1,0,dead,0,0,1,5.000000E+001,8.142027E-009,4.263256E-014,8.515E-016,0,0,0
1234,A,2046,3.81,5250,5250,5512,0,0,0,0.000000E+000,-1,-1,0,dead,0,0,1,5.000000E+001,8.338189E-009,6.394885E-014,1.277E-015,0,0,0
1234,A,2096,3.91,5250,5250,5512,0,0,0,0.000000E+000,-1,-1,0,dead,0,0,1,5.000000E+001,8.533641E-009,7.105427E-015,1.419E-016,0,0,0
1234,A,2096,3.91,5250,5250,5512,0,0,0,0.000000E+000,-1,-1,0,dead,0,0,1,5.000000E+001,8.533641E-009,7.105427E-015,1.419E-016,0,0,0
