seed,variant,steps,first_full_step,max_live,final_live,final_merges,final_disruptions,final_reservoirs,final_reservoir_mass,frag_spawned_total,ns_absorbed_total,ns_final_alive,ns_final_phase,ns_final_mass,ledger_resid_abs,ledger_resid_rel,roche_off_verified,wall_seconds,events_buffer_ever_full
1234,A,2000,-1,5250,5250,0,0,0,0.000000E+000,0,0,0,dead,0,7.105427E-015,1.419E-016,-1,9.9,0
1234,B,2000,108,5512,5506,471,1520,1040,6.195292E-002,1838,0,1,BlackHole,1.200050E+002,4.689582E-013,3.906E-015,-1,16.1,1
1234,C,2000,-1,5251,4812,439,0,0,0.000000E+000,0,0,1,BlackHole,1.200050E+002,3.410605E-013,2.840E-015,1,14.4,0
1002,A,2000,-1,5250,5250,0,0,0,0.000000E+000,0,0,0,dead,0,7.815970E-014,1.561E-015,-1,9.7,0
1002,B,2000,108,5512,5319,595,1535,1065,1.428490E-002,1794,0,1,BlackHole,1.200050E+002,9.379164E-013,7.811E-015,-1,18.4,1
1002,C,2000,-1,5251,4838,413,0,0,0.000000E+000,0,0,1,BlackHole,1.200050E+002,8.100187E-013,6.746E-015,1,12.3,0
1011,A,2000,-1,5250,5250,0,0,0,0.000000E+000,0,0,0,dead,0,4.973799E-014,9.934E-016,-1,9.6,0
1011,B,2000,107,5512,5506,382,1573,1101,2.917022E-006,1812,0,1,BlackHole,1.200050E+002,5.258016E-013,4.379E-015,-1,20.6,1
1011,C,2000,-1,5251,5077,174,0,0,0.000000E+000,0,0,1,BlackHole,1.200050E+002,4.263256E-013,3.551E-015,1,14.8,0
