step,live_direct,N_direct,merges_direct,breaks_disc_direct,breaks_ring_direct,breaks_stream_direct,new_disc_direct,new_ring_direct,new_stream_direct,disc_count_direct,disc_mass_all_E_direct,disc_mass_on_compact_E_direct,disc_mass_on_sun_E_direct,disc_accreted_E_direct,compact_slot,compact_phase,compact_mass_E_direct,compact_merges_events_direct,compact_merges_closure,compact_merges_ambiguous_steps,compact_victim_mass_E_closure,reservoir_mass_E_direct,escaped_mass_E_direct,to_disc_from_belt_rock_E_direct,to_disc_from_kuiper_ice_E_direct,to_disc_from_saturn_ring_ice_E_direct,to_disc_from_moon_E_direct,to_disc_from_planet_E_direct,to_disc_from_sun_E_direct,to_disc_from_compact_E_direct,to_disc_from_other_E_direct,to_disc_from_unknown_E_direct,to_disc_on_compact_E_direct,to_disc_straight_fall_E_closure,near_rmax_est,near_rmax_body,near_total_est,near_unbound_est,near_outside_own_roche_hot_est,near_outside_own_roche_cold_est,near_inside_own_roche_hot_est,near_inside_own_roche_cold_est,ms_per_advance
1,5501,5512,0,0,5,11,0,5,11,0,0,0,0,0,5250,NeutronStar,466700,0,0,0,0,317.80023070068626,1.694212865846298E-06,0,0,0,0,0,0,0,0,0,0,0,34.9459,6:planet,457,127,266,64,0,0,43.32
2,5501,5512,0,0,5,11,0,0,0,0,0,0,0,0,5250,NeutronStar,466700,0,0,0,0,317.80023070068626,1.694212865846298E-06,0,0,0,0,0,0,0,0,0,0,0,34.9459,6:planet,394,64,330,0,0,0,44.46
3,5500,5512,0,0,6,23,0,1,12,0,0,0,0,0,5250,NeutronStar,466700,0,0,0,0,317.80025824350014,1.6945417089956624E-06,0,0,0,0,0,0,0,0,0,0,0,34.9459,6:planet,395,64,331,0,0,0,37.85
4,5510,5512,0,0,8,37,0,2,14,0,0,0,0,0,5250,NeutronStar,466700,0,0,0,0,317.80034086954254,1.6945923595919409E-06,0,0,0,0,0,0,0,0,0,0,0,34.9459,6:planet,406,76,330,0,0,0,34.56
5,5509,5512,2,0,9,39,0,1,2,0,0,0,0,0,5250,NeutronStar,466700,0,0,0,0,317.80038856255175,1.6945923595919409E-06,0,0,0,0,0,0,0,0,0,0,0,34.9459,6:planet,343,12,331,0,0,0,32.76
6,5511,5512,2,0,11,43,0,2,4,0,0,0,0,0,5250,NeutronStar,466700,0,0,0,0,317.80053036429587,1.6945923595919409E-06,0,0,0,0,0,0,0,0,0,0,0,34.9459,6:planet,345,12,333,0,0,0,31.22
7,5509,5512,2,0,17,49,0,6,6,0,0,0,0,0,5250,NeutronStar,466700,0,0,0,0,317.8007685930466,1.6946658677616724E-06,0,0,0,0,0,0,0,0,0,0,0,34.9459,6:planet,343,12,331,0,0,0,30.13
8,5511,5512,2,0,19,53,0,2,4,0,0,0,0,0,5250,NeutronStar,466700,0,0,0,0,317.8009149052857,1.6946683505646227E-06,0,0,0,0,0,0,0,0,0,0,0,34.9459,6:planet,349,12,333,4,0,0,29.28
9,5511,5512,2,0,19,57,0,0,4,0,0,0,0,0,5250,NeutronStar,466700,0,0,0,0,317.8009149067177,1.6946683505646227E-06,0,0,0,0,0,0,0,0,0,0,0,34.9459,6:planet,351,12,339,0,0,0,28.57
10,5507,5512,2,0,21,63,0,2,6,0,0,0,0,0,5250,NeutronStar,466700,0,0,0,0,317.80091658192157,1.6947716923257213E-06,0,0,0,0,0,0,0,0,0,0,0,34.9459,6:planet,340,0,276,64,0,0,28.04
11,5511,5512,2,0,23,69,0,2,6,0,0,0,0,0,5250,NeutronStar,466700,0,0,0,0,317.8009265932639,1.694904973885465E-06,0,0,0,0,0,0,0,0,0,0,0,34.9459,6:planet,344,0,272,72,0,0,27.10
12,5512,5512,2,0,26,77,0,3,8,0,0,0,0,0,5250,NeutronStar,466700,0,0,0,0,317.8009300496542,4.203666647440323E-05,0,0,0,0,0,0,0,0,0,0,0,34.9459,6:planet,347,0,281,66,0,0,26.26
13,5512,5512,2,0,28,79,0,2,2,0,0,0,0,0,5250,NeutronStar,466700,0,0,0,0,317.8009849531338,4.203670539000048E-05,0,0,0,0,0,0,0,0,0,0,0,34.9459,6:planet,350,0,286,64,0,0,25.19
14,5512,5512,2,0,32,79,0,4,0,0,0,0,0,0,5250,NeutronStar,466700,0,0,0,0,317.80113539240784,4.203670539000048E-05,0,0,0,0,0,0,0,0,0,0,0,34.9459,6:planet,351,0,349,2,0,0,24.26
15,5512,5512,2,0,38,81,0,6,2,0,0,0,0,0,5250,NeutronStar,466700,0,0,0,0,317.8011924205476,4.203670539000048E-05,0,0,0,0,0,0,0,0,0,0,0,34.9459,6:planet,350,0,344,6,0,0,23.47
16,5510,5512,2,0,40,87,0,2,6,0,0,0,0,0,5250,NeutronStar,466700,0,0,0,0,317.80124244160214,4.2036705737307944E-05,0,0,0,0,0,0,0,0,0,0,0,34.9459,6:planet,347,0,343,4,0,0,22.78
17,5512,5512,2,0,42,91,0,2,4,0,0,0,0,0,5250,NeutronStar,466700,0,0,0,0,317.8012563743208,4.203683104019283E-05,0,0,0,0,0,0,0,0,0,0,0,34.9459,6:planet,353,0,353,0,0,0,22.18
18,5512,5512,2,0,48,91,0,6,0,0,0,0,0,0,5250,NeutronStar,466700,0,0,0,0,317.8012870238064,4.203683104019283E-05,0,0,0,0,0,0,0,0,0,0,0,34.9459,6:planet,355,0,351,4,0,0,21.64
19,5511,5512,2,0,55,93,0,7,2,0,0,0,0,0,5250,NeutronStar,466700,0,0,0,0,317.8015303539634,4.203683104019283E-05,0,0,0,0,0,0,0,0,0,0,0,34.9459,6:planet,355,0,353,2,0,0,21.15
20,5511,5512,3,0,58,93,0,3,0,0,0,0,0,0,5250,NeutronStar,466700,0,0,0,0,317.8017305829311,4.203683104019283E-05,0,0,0,0,0,0,0,0,0,0,0,34.9459,6:planet,358,0,354,4,0,0,20.71
21,5512,5512,3,0,59,93,0,1,0,0,0,0,0,0,5250,NeutronStar,466700,0,0,0,0,317.80174830593774,4.203683104019283E-05,0,0,0,0,0,0,0,0,0,0,0,34.9459,6:planet,360,0,290,70,0,0,20.33
22,5512,5512,3,0,65,97,0,6,4,0,0,0,0,0,5250,NeutronStar,466700,0,0,0,0,317.8020868460312,4.203683108158479E-05,0,0,0,0,0,0,0,0,0,0,0,34.9459,6:planet,365,0,293,72,0,0,20.10
23,5511,5512,3,0,72,103,0,7,6,0,0,0,0,0,5250,NeutronStar,466700,0,0,0,0,317.8023908642712,4.203687536689337E-05,0,0,0,0,0,0,0,0,0,0,0,34.9459,6:planet,367,0,295,72,0,0,19.92
24,5511,5512,3,0,74,107,0,2,4,0,0,0,0,0,5250,NeutronStar,466700,0,0,0,0,317.8024466183526,4.203688067891227E-05,0,0,0,0,0,0,0,0,0,0,0,34.9459,6:planet,368,0,364,4,0,0,19.60
25,5511,5512,3,0,78,107,0,4,0,0,0,0,0,0,5250,NeutronStar,466700,0,0,0,0,317.8026677204618,4.203688067891227E-05,0,0,0,0,0,0,0,0,0,0,0,34.9459,6:planet,370,0,364,6,0,0,19.30
26,5511,5512,3,0,86,111,0,8,4,0,0,0,0,0,5250,NeutronStar,466700,0,0,0,0,317.80275908596957,4.203688333434347E-05,0,0,0,0,0,0,0,0,0,0,0,34.9459,6:planet,372,0,304,68,0,0,19.05
27,5510,5512,3,0,89,113,0,3,2,0,0,0,0,0,5250,NeutronStar,466700,0,0,0,0,317.80280462951384,4.2036940813586916E-05,0,0,0,0,0,0,0,0,0,0,0,34.9459,6:planet,373,0,369,4,0,0,18.79
28,5511,5512,3,0,94,115,0,5,2,0,0,0,0,0,5250,NeutronStar,466700,0,0,0,0,317.80285317502074,4.203694656501219E-05,0,0,0,0,0,0,0,0,0,0,0,34.9459,6:planet,377,0,369,8,0,0,18.57
29,5512,5512,3,0,101,117,0,7,2,0,0,0,0,0,5250,NeutronStar,466700,0,0,0,0,317.80315908545595,4.203696388499453E-05,0,0,0,0,0,0,0,0,0,0,0,34.9459,6:planet,379,0,371,8,0,0,18.35
30,5512,5512,3,0,104,120,0,3,3,0,0,0,0,0,5250,NeutronStar,466700,0,0,0,0,317.8031763172181,4.203696388499453E-05,0,0,0,0,0,0,0,0,0,0,0,34.9459,6:planet,383,0,371,12,0,0,18.15
31,5512,5512,3,0,111,129,0,7,9,0,0,0,0,0,5250,NeutronStar,466700,0,0,0,0,317.8033963545246,4.2037043044588656E-05,0,0,0,0,0,0,0,0,0,0,0,34.9459,6:planet,385,0,367,18,0,0,17.97
32,5510,5512,3,0,115,131,0,4,2,0,0,0,0,0,5250,NeutronStar,466700,0,0,0,0,317.8034975638944,4.203704575038588E-05,0,0,0,0,0,0,0,0,0,0,0,34.9459,6:planet,390,0,314,76,0,0,17.79
33,5510,5512,4,0,119,134,0,4,3,0,0,0,0,0,5250,NeutronStar,466700,0,0,0,0,317.8037141675868,4.203704582152475E-05,0,0,0,0,0,0,0,0,0,0,0,34.9459,6:planet,394,0,314,80,0,0,17.63
34,5512,5512,7,0,127,139,0,8,5,0,0,0,0,0,5250,NeutronStar,466700,0,0,0,0,317.803997538663,4.203706555582502E-05,0,0,0,0,0,0,0,0,0,0,0,34.9459,6:planet,398,0,306,92,0,0,17.49
35,5512,5512,7,0,131,139,0,4,0,0,0,0,0,0,5250,NeutronStar,466700,0,0,0,0,317.80410510329506,4.203706555582502E-05,0,0,0,0,0,0,0,0,0,0,0,34.9459,6:planet,398,0,382,16,0,0,17.34
36,5511,5512,7,0,138,139,0,7,0,0,0,0,0,0,5250,NeutronStar,466700,0,0,0,0,317.80424719303005,4.203706555582502E-05,0,0,0,0,0,0,0,0,0,0,0,34.9459,6:planet,399,0,375,24,0,0,17.21
37,5511,5512,7,0,140,139,0,2,0,0,0,0,0,0,5250,NeutronStar,466700,0,0,0,0,317.80425097044014,4.203706555582502E-05,0,0,0,0,0,0,0,0,0,0,0,34.9459,6:planet,400,0,388,12,0,0,17.07
38,5511,5512,9,0,144,139,0,4,0,0,0,0,0,0,5250,NeutronStar,466700,0,0,0,0,317.8043158631144,4.203706555582502E-05,0,0,0,0,0,0,0,0,0,0,0,34.9459,6:planet,404,0,372,32,0,0,16.94
39,5512,5512,9,0,151,143,0,7,4,0,0,0,0,0,5250,NeutronStar,466700,0,0,0,0,317.8045148818092,4.203707383067272E-05,0,0,0,0,0,0,0,0,0,0,0,34.9459,6:planet,407,0,321,86,0,0,17.11
40,5512,5512,9,0,156,146,0,5,3,0,0,0,0,0,5250,NeutronStar,466700,0,0,0,0,317.80479450084266,4.203707383533694E-05,0,0,0,0,0,0,0,0,0,0,0,34.9459,6:planet,409,0,387,22,0,0,16.95
41,5510,5512,11,0,160,146,0,4,0,0,0,0,0,0,5250,NeutronStar,466700,0,0,0,0,317.80491699635775,4.203707383533694E-05,0,0,0,0,0,0,0,0,0,0,0,34.9459,6:planet,409,0,385,24,0,0,16.79
42,5512,5512,13,0,164,148,0,4,2,0,0,0,0,0,5250,NeutronStar,466700,0,0,0,0,317.8051282356585,4.203707383533694E-05,0,0,0,0,0,0,0,0,0,0,0,34.9459,6:planet,415,0,369,46,0,0,16.84
43,5512,5512,13,0,167,149,0,3,1,0,0,0,0,0,5250,NeutronStar,466700,0,0,0,0,317.80516452855227,4.203707383533694E-05,0,0,0,0,0,0,0,0,0,0,0,34.9459,6:planet,421,0,315,106,0,0,16.68
44,5511,5512,13,0,171,156,0,4,7,0,0,0,0,0,5250,NeutronStar,466700,0,0,0,0,317.8052769059997,4.203707385523546E-05,0,0,0,0,0,0,0,0,0,0,0,34.9459,6:planet,420,0,322,98,0,0,16.56
45,5511,5512,13,0,175,160,0,4,4,0,0,0,0,0,5250,NeutronStar,466700,0,0,0,0,317.8055501761141,4.203707385907409E-05,0,0,0,0,0,0,0,0,0,0,0,34.9459,6:planet,420,0,312,108,0,0,16.42
46,5508,5512,17,0,179,167,0,4,7,0,0,0,0,0,5250,NeutronStar,466700,0,0,0,0,317.80560520250935,4.2037074332906025E-05,0,0,0,0,0,0,0,0,0,0,0,34.9459,6:planet,424,0,396,28,0,0,16.30
47,5508,5512,19,0,184,174,0,5,7,0,0,0,0,0,5250,NeutronStar,466700,0,0,0,0,317.8058595842968,4.2037074744163154E-05,0,0,0,0,0,0,0,0,0,0,0,34.9459,6:planet,429,0,399,30,0,0,16.18
48,5512,5512,19,0,189,185,0,5,11,0,0,0,0,0,5250,NeutronStar,466700,0,0,0,0,317.80605642949536,4.203711688901841E-05,0,0,0,0,0,0,0,0,0,0,0,34.9459,6:planet,438,0,404,32,2,0,16.07
49,5512,5512,20,0,194,187,0,5,2,0,0,0,0,0,5250,NeutronStar,466700,0,0,0,0,317.8063753096663,4.2037116889228254E-05,0,0,0,0,0,0,0,0,0,0,0,34.9459,6:planet,442,0,408,34,0,0,16.05
50,5512,5512,20,0,202,195,0,8,8,0,0,0,0,0,5250,NeutronStar,466700,0,0,0,0,317.8067959382603,4.203711736728369E-05,0,0,0,0,0,0,0,0,0,0,0,34.9459,6:planet,443,0,402,40,1,0,16.26
51,5512,5512,22,0,209,196,0,7,1,0,0,0,0,0,5250,NeutronStar,466700,0,0,0,0,317.8069771987749,4.203711736728369E-05,0,0,0,0,0,0,0,0,0,0,0,34.9459,6:planet,444,0,396,48,0,0,16.15
52,5509,5512,24,0,212,200,0,3,4,0,0,0,0,0,5250,NeutronStar,466700,0,0,0,0,317.80701398653673,4.203711737803188E-05,0,0,0,0,0,0,0,0,0,0,0,34.9459,6:planet,446,0,334,112,0,0,16.04
53,5511,5512,28,0,215,203,0,3,3,0,0,0,0,0,5250,NeutronStar,466700,0,0,0,0,317.8070873974937,4.2037118459231205E-05,0,0,0,0,0,0,0,0,0,0,0,34.9459,6:planet,451,0,401,50,0,0,15.94
54,5509,5512,28,0,219,211,0,4,8,0,0,0,0,0,5250,NeutronStar,466700,0,0,0,0,317.80725169385346,4.2037121184096284E-05,0,0,0,0,0,0,0,0,0,0,0,34.9459,6:planet,451,0,341,110,0,0,15.84
55,5511,5512,28,0,222,212,0,3,1,0,0,0,0,0,5250,NeutronStar,466700,0,0,0,0,317.80726776602154,4.2037121184096284E-05,0,0,0,0,0,0,0,0,0,0,0,34.9459,6:planet,453,0,337,116,0,0,15.74
56,5511,5512,28,0,224,214,0,2,2,0,0,0,0,0,5250,NeutronStar,466700,0,0,0,0,317.80729601094293,4.203712523756235E-05,0,0,0,0,0,0,0,0,0,0,0,34.9459,6:planet,454,0,348,106,0,0,15.64
57,5511,5512,30,0,228,216,0,4,2,0,0,0,0,0,5250,NeutronStar,466700,0,0,0,0,317.8074736334647,4.2037125238124705E-05,0,0,0,0,0,0,0,0,0,0,0,34.9459,6:planet,454,0,330,124,0,0,15.59
58,5511,5512,34,0,229,219,0,1,3,0,0,0,0,0,5250,NeutronStar,466700,0,0,0,0,317.80753699743786,4.203712681981043E-05,0,0,0,0,0,0,0,0,0,0,0,34.9459,6:planet,458,0,400,58,0,0,15.66
59,5512,5512,34,0,236,225,0,7,6,0,0,0,0,0,5250,NeutronStar,466700,0,0,0,0,317.80759337812344,4.203712685361246E-05,0,0,0,0,0,0,0,0,0,0,0,34.9459,6:planet,466,0,414,52,0,0,15.58
60,5509,5512,36,0,239,227,0,3,2,0,0,0,0,0,5250,NeutronStar,466700,0,0,0,0,317.80763495177587,4.203737590805894E-05,0,0,0,0,0,0,0,0,0,0,0,34.9459,6:planet,469,0,417,52,0,0,15.50
61,5507,5512,40,0,241,231,0,2,4,0,0,0,0,0,5250,NeutronStar,466700,0,0,0,0,317.807729398276,4.203737594795276E-05,0,0,0,0,0,0,0,0,0,0,0,34.9459,6:planet,470,0,408,62,0,0,15.42
62,5511,5512,40,0,243,231,0,2,0,0,0,0,0,0,5250,NeutronStar,466700,0,0,0,0,317.80783748673196,4.203737594795276E-05,0,0,0,0,0,0,0,0,0,0,0,34.9459,6:planet,476,0,424,52,0,0,15.34
63,5510,5512,41,0,246,232,0,3,1,0,0,0,0,0,5250,NeutronStar,466700,0,0,0,0,317.8079711185285,4.203737594808593E-05,0,0,0,0,0,0,0,0,0,0,0,34.9459,6:planet,477,0,420,57,0,0,15.26
64,5510,5512,41,0,248,236,0,2,4,0,0,0,0,0,5250,NeutronStar,466700,0,0,0,0,317.80797351435376,4.2037401720420666E-05,0,0,0,0,0,0,0,0,0,0,0,34.9459,6:planet,478,0,414,64,0,0,15.20
65,5511,5512,43,0,253,238,0,5,2,0,0,0,0,0,5250,NeutronStar,466700,0,0,0,0,317.80808678827225,7.273635941769109E-05,0,0,0,0,0,0,0,0,0,0,0,34.9459,6:planet,482,0,302,180,0,0,15.16
66,5512,5512,43,0,256,240,0,3,2,0,0,0,0,0,5250,NeutronStar,466700,0,0,0,0,317.80814037823615,7.273635941769109E-05,0,0,0,0,0,0,0,0,0,0,0,34.9459,6:planet,485,0,369,116,0,0,15.10
67,5512,5512,44,0,262,243,0,6,3,0,0,0,0,0,5250,NeutronStar,466700,0,0,0,0,317.80836400139833,7.273636001236216E-05,0,0,0,0,0,0,0,0,0,0,0,34.9459,6:planet,487,0,367,120,0,0,15.04
68,5510,5512,44,0,267,254,0,5,11,0,0,0,0,0,5250,NeutronStar,466700,0,0,0,0,317.80856675932944,7.273664021316878E-05,0,0,0,0,0,0,0,0,0,0,0,34.9459,6:planet,490,3,365,120,2,0,15.14
69,5511,5512,46,0,272,260,0,5,6,0,0,0,0,0,5250,NeutronStar,466700,0,0,0,0,317.8087550696974,7.273672304792358E-05,0,0,0,0,0,0,0,0,0,0,0,34.9459,6:planet,491,0,422,69,0,0,15.21
70,5511,5512,50,0,276,268,0,4,8,0,0,0,0,0,5250,NeutronStar,466700,0,0,0,0,317.80882582380553,7.273672304913496E-05,0,0,0,0,0,0,0,0,0,0,0,34.9459,6:planet,493,1,418,74,0,0,15.38
71,5511,5512,50,0,277,283,0,1,15,0,0,0,0,0,5250,NeutronStar,466700,0,0,0,0,317.80883363463687,7.273673468288746E-05,0,0,0,0,0,0,0,0,0,0,0,34.9459,6:planet,494,0,418,72,4,0,15.32
72,5511,5512,52,0,285,291,0,8,8,0,0,0,0,0,5250,NeutronStar,466700,0,0,0,0,317.8091163455239,7.273679960048216E-05,0,0,0,0,0,0,0,0,0,0,0,34.9459,6:planet,496,0,425,68,3,0,15.27
73,5511,5512,52,0,290,292,0,5,1,0,0,0,0,0,5250,NeutronStar,466700,0,0,0,0,317.80929426982283,7.273679960048216E-05,0,0,0,0,0,0,0,0,0,0,0,34.9459,6:planet,498,0,430,68,0,0,15.22
74,5511,5512,52,0,296,296,0,6,4,0,0,0,0,0,5250,NeutronStar,466700,0,0,0,0,317.80958492421814,7.273679960048216E-05,0,0,0,0,0,0,0,0,0,0,0,34.9459,6:planet,505,0,451,54,0,0,15.17
75,5512,5512,52,0,297,296,0,1,0,0,0,0,0,0,5250,NeutronStar,466700,0,0,0,0,317.8097003789211,7.273679960048216E-05,0,0,0,0,0,0,0,0,0,0,0,34.9459,6:planet,510,0,452,58,0,0,15.11
76,5511,5512,54,0,298,298,0,1,2,0,0,0,0,0,5250,NeutronStar,466700,0,0,0,0,317.8097565140115,7.273679960048216E-05,0,0,0,0,0,0,0,0,0,0,0,34.9459,6:planet,514,0,390,124,0,0,15.06
77,5508,5512,58,0,303,302,0,5,4,0,0,0,0,0,5250,NeutronStar,466700,0,0,0,0,317.81001061685845,7.273680615097334E-05,0,0,0,0,0,0,0,0,0,0,0,34.9459,6:planet,516,0,398,118,0,0,15.02
78,5511,5512,58,0,304,306,0,1,4,0,0,0,0,0,5250,NeutronStar,466700,0,0,0,0,317.8100329032796,7.273680615097334E-05,0,0,0,0,0,0,0,0,0,0,0,34.9459,6:planet,525,0,331,194,0,0,14.98
79,5511,5512,58,0,308,310,0,4,4,0,0,0,0,0,5250,NeutronStar,466700,0,0,0,0,317.8100518587475,7.273681680177023E-05,0,0,0,0,0,0,0,0,0,0,0,34.9459,6:planet,527,0,393,134,0,0,14.93
80,5511,5512,58,0,310,312,0,2,2,0,0,0,0,0,5250,NeutronStar,466700,0,0,0,0,317.81015338574235,7.273681680177023E-05,0,0,0,0,0,0,0,0,0,0,0,34.9459,6:planet,529,0,453,76,0,0,14.89
81,5512,5512,60,0,313,312,0,3,0,0,0,0,0,0,5250,NeutronStar,466700,0,0,0,0,317.8102351563048,7.273681680177023E-05,0,0,0,0,0,0,0,0,0,0,0,34.9459,6:planet,530,0,448,82,0,0,14.85
82,5512,5512,60,0,315,312,0,2,0,0,0,0,0,0,5250,NeutronStar,466700,0,0,0,0,317.81023688352343,7.273681680177023E-05,0,0,0,0,0,0,0,0,0,0,0,34.9459,6:planet,532,0,458,74,0,0,14.81
83,5511,5512,62,0,320,322,0,5,10,0,0,0,0,0,5250,NeutronStar,466700,0,0,0,0,317.81043287290316,7.273682468364868E-05,0,0,0,0,0,0,0,0,0,0,0,34.9459,6:planet,535,0,469,66,0,0,14.78
84,5512,5512,62,0,323,324,0,3,2,0,0,0,0,0,5250,NeutronStar,466700,0,0,0,0,317.8105191317712,7.273682468364868E-05,0,0,0,0,0,0,0,0,0,0,0,34.9459,6:planet,540,0,470,70,0,0,14.75
85,5511,5512,63,0,326,327,0,3,3,0,0,0,0,0,5250,NeutronStar,466700,0,0,0,0,317.81070403462235,7.273699670080772E-05,0,0,0,0,0,0,0,0,0,0,0,34.9459,6:planet,541,0,483,58,0,0,14.71
86,5512,5512,63,0,328,332,0,2,5,0,0,0,0,0,5250,NeutronStar,466700,0,0,0,0,317.8107501928402,7.273703124531792E-05,0,0,0,0,0,0,0,0,0,0,0,34.9459,6:planet,547,0,493,54,0,0,14.68
87,5511,5512,63,0,329,332,0,1,0,0,0,0,0,0,5250,NeutronStar,466700,0,0,0,0,317.810830273042,7.273703124531792E-05,0,0,0,0,0,0,0,0,0,0,0,34.9459,6:planet,547,0,431,116,0,0,14.65
88,5508,5512,63,0,332,342,0,3,10,0,0,0,0,0,5250,NeutronStar,466700,0,0,0,0,317.81087921427275,7.273703157074742E-05,0,0,0,0,0,0,0,0,0,0,0,34.9459,6:planet,548,0,422,126,0,0,14.70
89,5504,5512,63,0,336,354,0,4,12,0,0,0,0,0,5250,NeutronStar,466700,0,0,0,0,317.81107440609964,7.273718482414338E-05,0,0,0,0,0,0,0,0,0,0,0,34.9459,6:planet,547,2,415,130,0,0,14.80
90,5506,5512,63,0,338,368,0,2,14,0,0,0,0,0,5250,NeutronStar,466700,0,0,0,0,317.8112403548659,7.273718489157199E-05,0,0,0,0,0,0,0,0,0,0,0,34.9459,6:planet,548,0,411,136,1,0,14.86
91,5511,5512,63,0,341,370,0,3,2,0,0,0,0,0,5250,NeutronStar,466700,0,0,0,0,317.8113428226839,7.273718489157199E-05,0,0,0,0,0,0,0,0,0,0,0,34.9459,6:planet,550,0,418,132,0,0,14.95
92,5512,5512,63,0,342,372,0,1,2,0,0,0,0,0,5250,NeutronStar,466700,0,0,0,0,317.8113800329042,7.273718489157199E-05,0,0,0,0,0,0,0,0,0,0,0,34.9459,6:planet,556,0,490,66,0,0,15.11
93,5507,5512,65,0,346,377,0,4,5,0,0,0,0,0,5250,NeutronStar,466700,0,0,0,0,317.811607509664,7.273720817516906E-05,0,0,0,0,0,0,0,0,0,0,0,34.9459,6:planet,554,0,486,68,0,0,15.21
94,5509,5512,71,0,349,380,0,3,3,0,0,0,0,0,5250,NeutronStar,466700,0,0,0,0,317.81179063344064,7.27372289538939E-05,0,0,0,0,0,0,0,0,0,0,0,34.9459,6:planet,559,0,493,66,0,0,15.25
95,5511,5512,75,0,352,385,0,3,5,0,0,0,0,0,5250,NeutronStar,466700,0,0,0,0,317.8118607426691,7.273724622614899E-05,0,0,0,0,0,0,0,0,0,0,0,34.9459,6:planet,563,0,487,76,0,0,15.24
96,5507,5512,79,0,359,394,0,7,9,0,0,0,0,0,5250,NeutronStar,466700,0,0,0,0,317.81205076336704,7.273726351554533E-05,0,0,0,0,0,0,0,0,0,0,0,34.9459,6:planet,559,2,487,70,0,0,15.21
97,5507,5512,79,0,359,394,0,0,0,0,0,0,0,0,5250,NeutronStar,466700,0,0,0,0,317.81205076336704,7.273726351554533E-05,0,0,0,0,0,0,0,0,0,0,0,34.9459,6:planet,559,0,503,56,0,0,15.18
98,5505,5512,79,0,362,407,0,3,13,0,0,0,0,0,5250,NeutronStar,466700,0,0,0,0,317.81209069072344,7.273779830695413E-05,0,0,0,0,0,0,0,0,0,0,0,34.9459,6:planet,558,1,433,122,2,0,15.15
99,5511,5512,79,0,366,419,0,4,12,0,0,0,0,0,5250,NeutronStar,466700,0,0,0,0,317.81224375079023,7.273781001848598E-05,0,0,0,0,0,0,0,0,0,0,0,34.9459,6:planet,565,1,444,120,0,0,15.13
100,5510,5512,81,0,371,425,0,5,6,0,0,0,0,0,5250,NeutronStar,466700,0,0,0,0,317.81241697945916,7.273781001848598E-05,0,0,0,0,0,0,0,0,0,0,0,34.9459,6:planet,565,1,426,138,0,0,15.31
101,5512,5512,81,0,373,431,0,2,6,0,0,0,0,0,5250,NeutronStar,466700,0,0,0,0,317.81255376786294,7.273781636949828E-05,0,0,0,0,0,0,0,0,0,0,0,34.9459,6:planet,569,2,429,138,0,0,15.28
102,5512,5512,81,0,377,443,0,4,12,0,0,0,0,0,5250,NeutronStar,466700,0,0,0,0,317.81275160000877,7.273786190411904E-05,0,0,0,0,0,0,0,0,0,0,0,34.9459,6:planet,575,0,497,72,6,0,15.25
103,5506,5512,87,0,381,455,0,4,12,0,0,0,0,0,5250,NeutronStar,466700.00000159483,0,0,1,1.5948368551714036E-06,317.8128370698087,7.273786190411904E-05,0,0,0,0,0,0,0,0,0,0,0,34.9459,6:planet,571,0,518,52,1,0,15.23
104,5512,5512,87,0,383,469,0,2,14,0,0,0,0,0,5250,NeutronStar,466700.00000159483,0,0,1,1.5948368551714036E-06,317.8129029350496,7.273786317986045E-05,0,0,0,0,0,0,0,0,0,0,0,34.9459,6:planet,579,0,443,136,0,0,15.22
105,5511,5512,87,0,385,470,0,2,1,0,0,0,0,0,5250,NeutronStar,466700.00000159483,0,0,1,1.5948368551714036E-06,317.81295099006377,7.273786317986045E-05,0,0,0,0,0,0,0,0,0,0,0,34.9459,6:planet,579,0,517,62,0,0,15.18
106,5508,5512,88,0,391,480,0,6,10,0,0,0,0,0,5250,NeutronStar,466700.00000159483,0,0,1,1.5948368551714036E-06,317.813187124049,7.273848914197285E-05,0,0,0,0,0,0,0,0,0,0,0,34.9459,6:planet,577,0,521,56,0,0,15.19
107,5511,5512,88,0,393,483,0,2,3,0,0,0,0,0,5250,NeutronStar,466700.00000159483,0,0,1,1.5948368551714036E-06,317.8131950028958,7.273898881984849E-05,0,0,0,0,0,0,0,0,0,0,0,34.9459,6:planet,582,0,514,68,0,0,15.15
108,5511,5512,88,0,397,485,0,4,2,0,0,0,0,0,5250,NeutronStar,466700.00000159483,0,0,1,1.5948368551714036E-06,317.8133687892626,7.273898886963839E-05,0,0,0,0,0,0,0,0,0,0,0,34.9459,6:planet,584,0,524,60,0,0,15.12
109,5509,5512,89,0,401,490,0,4,5,0,0,0,0,0,5250,NeutronStar,466700.00000159483,0,0,1,1.5948368551714036E-06,317.8134403621874,7.27390297454258E-05,0,0,0,0,0,0,0,0,0,0,0,34.9459,6:planet,585,0,447,138,0,0,15.08
110,5509,5512,90,0,405,495,0,4,5,0,0,0,0,0,5250,NeutronStar,466700.00000159483,0,0,1,1.5948368551714036E-06,317.8135814436617,7.273920234730278E-05,0,0,0,0,0,0,0,0,0,0,0,34.9459,6:planet,588,0,445,143,0,0,15.05
111,5510,5512,90,0,408,501,0,3,6,0,0,0,0,0,5250,NeutronStar,466700.00000159483,0,0,1,1.5948368551714036E-06,317.8136466997036,7.273921161091984E-05,0,0,0,0,0,0,0,0,0,0,0,34.9459,6:planet,594,0,444,150,0,0,15.02
112,5512,5512,90,0,411,506,0,3,5,0,0,0,0,0,5250,NeutronStar,466700.00000159483,0,0,1,1.5948368551714036E-06,317.81370495726406,7.273930871567764E-05,0,0,0,0,0,0,0,0,0,0,0,34.9459,6:planet,599,1,448,150,0,0,14.99
113,5511,5512,90,0,419,509,0,8,3,0,0,0,0,0,5250,NeutronStar,466700.00000159483,0,0,1,1.5948368551714036E-06,317.81376523790794,7.273932971387507E-05,0,0,0,0,0,0,0,0,0,0,0,34.9459,6:planet,599,0,527,72,0,0,14.96
114,5511,5512,90,0,421,517,0,2,8,0,0,0,0,0,5250,NeutronStar,466700.00000159483,0,0,1,1.5948368551714036E-06,317.81384610189616,7.273936471628161E-05,0,0,0,0,0,0,0,0,0,0,0,34.9459,6:planet,602,0,525,77,0,0,14.93
115,5509,5512,92,0,423,519,0,2,2,0,0,0,0,0,5250,NeutronStar,466700.00000159483,0,0,1,1.5948368551714036E-06,317.81385702297416,7.273939061204059E-05,0,0,0,0,0,0,0,0,0,0,0,34.9459,6:planet,601,0,533,68,0,0,14.89
116,5511,5512,92,0,427,519,0,4,0,0,0,0,0,0,5250,NeutronStar,466700.00000159483,0,0,1,1.5948368551714036E-06,317.8141709215923,7.273939061204059E-05,0,0,0,0,0,0,0,0,0,0,0,34.9459,6:planet,609,0,538,71,0,0,14.86
117,5512,5512,93,0,431,523,0,4,4,0,0,0,0,0,5250,NeutronStar,466700.00000159483,0,0,1,1.5948368551714036E-06,317.81421202732014,7.273940792342709E-05,0,0,0,0,0,0,0,0,0,0,0,34.9459,6:planet,613,0,483,130,0,0,14.83
118,5509,5512,93,0,433,530,0,2,7,0,0,0,0,0,5250,NeutronStar,466700.00000159483,0,0,1,1.5948368551714036E-06,317.81425293163505,7.273940969382254E-05,0,0,0,0,0,0,0,0,0,0,0,34.9459,6:planet,611,0,541,70,0,0,14.80
119,5509,5512,93,0,433,530,0,0,0,0,0,0,0,0,5250,NeutronStar,466700.00000159483,0,0,1,1.5948368551714036E-06,317.81425293163505,9.82958047487189E-05,0,0,0,0,0,0,0,0,0,0,0,34.9459,6:planet,615,0,523,92,0,0,14.77
120,5509,5512,93,0,433,530,0,0,0,0,0,0,0,0,5250,NeutronStar,466700.00000159483,0,0,1,1.5948368551714036E-06,317.81425293163505,9.82958047487189E-05,0,0,0,0,0,0,0,0,0,0,0,34.9459,6:planet,618,0,486,132,0,0,14.76
121,5512,5512,93,0,435,531,0,2,1,0,0,0,0,0,5250,NeutronStar,466700.00000159483,0,0,1,1.5948368551714036E-06,317.8143542585916,9.82958047487189E-05,0,0,0,0,0,0,0,0,0,0,0,34.9459,6:planet,623,0,468,155,0,0,14.73
122,5511,5512,93,0,437,532,0,2,1,0,0,0,0,0,5250,NeutronStar,466700.00000159483,0,0,1,1.5948368551714036E-06,317.81440370852425,9.82958047487189E-05,0,0,0,0,0,0,0,0,0,0,0,34.9459,6:planet,626,0,480,146,0,0,14.70
123,5510,5512,93,0,438,534,0,1,2,0,0,0,0,0,5250,NeutronStar,466700.00000159483,0,0,1,1.5948368551714036E-06,317.81440444331963,9.829580475628367E-05,0,0,0,0,0,0,0,0,0,0,0,34.9459,6:planet,628,0,503,125,0,0,14.67
124,5509,5512,93,0,443,536,0,5,2,0,0,0,0,0,5250,NeutronStar,466700.00000159483,0,0,1,1.5948368551714036E-06,317.8145993246543,9.829580614807681E-05,0,0,0,0,0,0,0,0,0,0,0,34.9459,6:planet,629,0,569,60,0,0,14.65
125,5511,5512,93,0,447,536,0,4,0,0,0,0,0,0,5250,NeutronStar,466700.00000159483,0,0,1,1.5948368551714036E-06,317.8148232203573,9.829580614807681E-05,0,0,0,0,0,0,0,0,0,0,0,34.9459,6:planet,635,1,562,72,0,0,14.62
126,5512,5512,93,0,448,536,0,1,0,0,0,0,0,0,5250,NeutronStar,466700.00000159483,0,0,1,1.5948368551714036E-06,317.81494691378276,9.829580614807681E-05,0,0,0,0,0,0,0,0,0,0,0,34.9459,6:planet,639,1,552,86,0,0,14.59
127,5510,5512,93,0,448,538,0,0,2,0,0,0,0,0,5250,NeutronStar,466700.00000159483,0,0,1,1.5948368551714036E-06,317.81494691378276,9.829584057188393E-05,0,0,0,0,0,0,0,0,0,0,0,34.9459,6:planet,637,1,538,98,0,0,14.56
128,5512,5512,93,0,450,544,0,2,6,0,0,0,0,0,5250,NeutronStar,466700.00000159483,0,0,1,1.5948368551714036E-06,317.81508025837263,9.829584057188393E-05,0,0,0,0,0,0,0,0,0,0,0,34.9459,6:planet,642,4,510,128,0,0,14.53
129,5511,5512,93,0,451,550,0,1,6,0,0,0,0,0,5250,NeutronStar,466700.00000159483,0,0,1,1.5948368551714036E-06,317.81508887780956,9.829584057188393E-05,0,0,0,0,0,0,0,0,0,0,0,34.9459,6:planet,649,9,522,118,0,0,14.50
130,5512,5512,93,0,453,555,0,2,5,0,0,0,0,0,5250,NeutronStar,466700.00000159483,0,0,1,1.5948368551714036E-06,317.81513450113715,9.829599199696478E-05,0,0,0,0,0,0,0,0,0,0,0,34.9459,6:planet,652,11,485,156,0,0,14.47
131,5511,5512,93,0,454,555,0,1,0,0,0,0,0,0,5250,NeutronStar,466700.00000159483,0,0,1,1.5948368551714036E-06,317.8151639944664,9.829599199696478E-05,0,0,0,0,0,0,0,0,0,0,0,34.9459,6:planet,657,16,513,128,0,0,14.44
132,5512,5512,94,0,459,560,0,5,5,0,0,0,0,0,5250,NeutronStar,466700.00000159483,0,0,1,1.5948368551714036E-06,317.8155652891015,9.829599199703194E-05,0,0,0,0,0,0,0,0,0,0,0,34.9459,6:planet,661,18,503,140,0,0,14.41
133,5511,5512,94,0,461,565,0,2,5,0,0,0,0,0,5250,NeutronStar,466700.00000159483,0,0,1,1.5948368551714036E-06,317.81556900199797,9.829631778772725E-05,0,0,0,0,0,0,0,0,0,0,0,34.9459,6:planet,661,21,485,155,0,0,14.39
134,5510,5512,94,0,462,567,0,1,2,0,0,0,0,0,5250,NeutronStar,466700.00000159483,0,0,1,1.5948368551714036E-06,317.81560933015163,9.829633428186153E-05,0,0,0,0,0,0,0,0,0,0,0,34.9459,6:planet,663,22,503,138,0,0,14.36
135,5512,5512,94,0,466,567,0,4,0,0,0,0,0,0,5250,NeutronStar,466700.00000159483,0,0,1,1.5948368551714036E-06,317.81576504798227,9.829633428186153E-05,0,0,0,0,0,0,0,0,0,0,0,34.9459,6:planet,668,25,551,92,0,0,14.33
136,5511,5512,94,0,467,571,0,1,4,0,0,0,0,0,5250,NeutronStar,466700.00000159483,0,0,1,1.5948368551714036E-06,317.81594194493437,9.829633428186153E-05,0,0,0,0,0,0,0,0,0,0,0,34.9459,6:planet,669,24,577,68,0,0,14.31
137,5511,5512,94,0,467,573,0,0,2,0,0,0,0,0,5250,NeutronStar,466700.00000159483,0,0,1,1.5948368551714036E-06,317.81596249119394,9.829633428186153E-05,0,0,0,0,0,0,0,0,0,0,0,34.9459,6:planet,671,25,556,90,0,0,14.28
138,5512,5512,96,0,468,579,0,1,6,0,0,0,0,0,5250,NeutronStar,466700.00000159483,0,0,1,1.5948368551714036E-06,317.8159867295878,9.829635149376509E-05,0,0,0,0,0,0,0,0,0,0,0,34.9459,6:planet,672,25,559,88,0,0,14.25
139,5511,5512,96,0,471,581,0,3,2,0,0,0,0,0,5250,NeutronStar,466700.00000159483,0,0,1,1.5948368551714036E-06,317.8162131506358,9.829635149376509E-05,0,0,0,0,0,0,0,0,0,0,0,34.9459,6:planet,673,29,540,104,0,0,14.23
140,5512,5512,96,0,472,581,0,1,0,0,0,0,0,0,5250,NeutronStar,466700.00000159483,0,0,1,1.5948368551714036E-06,317.8162811539461,9.829635149376509E-05,0,0,0,0,0,0,0,0,0,0,0,34.9459,6:planet,676,31,527,118,0,0,14.20
141,5511,5512,96,0,473,581,0,1,0,0,0,0,0,0,5250,NeutronStar,466700.00000159483,0,0,1,1.5948368551714036E-06,317.8163608087148,9.829635149376509E-05,0,0,0,0,0,0,0,0,0,0,0,34.9459,6:planet,678,34,528,116,0,0,14.17
142,5512,5512,96,0,478,585,0,5,4,0,0,0,0,0,5250,NeutronStar,466700.00000159483,0,0,1,1.5948368551714036E-06,317.81644985193304,9.829635657917357E-05,0,0,0,0,0,0,0,0,0,0,0,34.9459,6:planet,686,41,479,166,0,0,14.15
143,5510,5512,100,0,480,589,0,2,4,0,0,0,0,0,5250,NeutronStar,466700.00000159483,0,0,1,1.5948368551714036E-06,317.81659403201365,9.829635682944193E-05,0,0,0,0,0,0,0,0,0,0,0,34.9459,6:planet,687,48,417,222,0,0,14.19
144,5507,5512,104,0,483,595,0,3,6,0,0,0,0,0,5250,NeutronStar,466700.00000159483,0,0,1,1.5948368551714036E-06,317.81672589333914,9.829638233267195E-05,0,0,0,0,0,0,0,0,0,0,0,34.9459,6:planet,687,51,482,154,0,0,14.22
145,5511,5512,105,0,486,607,0,3,12,0,0,0,0,0,5250,NeutronStar,466700.00000159483,0,0,1,1.5948368551714036E-06,317.81689679565403,9.829638567177945E-05,0,0,0,0,0,0,0,0,0,0,0,34.9459,6:planet,695,53,484,158,0,0,14.29
146,5511,5512,105,0,488,607,0,2,0,0,0,0,0,0,5250,NeutronStar,466700.00000159483,0,0,1,1.5948368551714036E-06,317.8170816762125,9.829638567177945E-05,0,0,0,0,0,0,0,0,0,0,0,34.9459,6:planet,697,55,558,84,0,0,14.30
147,5512,5512,107,0,489,609,0,1,2,0,0,0,0,0,5250,NeutronStar,466700.00000159483,0,0,1,1.5948368551714036E-06,317.81710307004965,9.829638567177945E-05,0,0,0,0,0,0,0,0,0,0,0,34.9459,6:planet,700,56,556,88,0,0,14.28
148,5512,5512,107,0,489,609,0,0,0,0,0,0,0,0,5250,NeutronStar,466700.00000159483,0,0,1,1.5948368551714036E-06,317.81710307004965,9.829638567177945E-05,0,0,0,0,0,0,0,0,0,0,0,34.9459,6:planet,703,60,553,90,0,0,14.25
149,5509,5512,107,0,490,611,0,1,2,0,0,0,0,0,5250,NeutronStar,466700.00000159483,0,0,1,1.5948368551714036E-06,317.81722243283406,9.829671146247477E-05,0,0,0,0,0,0,0,0,0,0,0,34.9459,6:planet,705,62,529,114,0,0,14.22
150,5511,5512,107,0,493,612,0,3,1,0,0,0,0,0,5250,NeutronStar,466700.00000159483,0,0,1,1.5948368551714036E-06,317.8173496189436,9.829671146247477E-05,0,0,0,0,0,0,0,0,0,0,0,34.9459,6:planet,708,65,557,86,0,0,14.33
151,5510,5512,109,0,496,616,0,3,4,0,0,0,0,0,5250,NeutronStar,466700.00000159483,0,0,1,1.5948368551714036E-06,317.81745800311927,0.00023224912426408648,0,0,0,0,0,0,0,0,0,0,0,34.9459,6:planet,709,67,524,118,0,0,14.32
152,5511,5512,109,0,502,617,0,6,1,0,0,0,0,0,5250,NeutronStar,466700.00000159483,0,0,1,1.5948368551714036E-06,317.81758199560437,0.00035332710769515684,0,0,0,0,0,0,0,0,0,0,0,34.9459,6:planet,713,65,532,116,0,0,14.29
153,5512,5512,109,0,503,619,0,1,2,0,0,0,0,0,5250,NeutronStar,466700.00000159483,0,0,1,1.5948368551714036E-06,317.81758265231616,0.00035332710769515684,0,0,0,0,0,0,0,0,0,0,0,34.9459,6:planet,717,66,475,176,0,0,14.26
154,5506,5512,109,0,504,630,0,1,11,0,0,0,0,0,5250,NeutronStar,466700.00000159483,0,0,1,1.5948368551714036E-06,317.8175938714938,0.0005251306056202657,0,0,0,0,0,0,0,0,0,0,0,34.9459,6:planet,715,68,491,156,0,0,14.24
155,5511,5512,109,0,504,633,0,0,3,0,0,0,0,0,5250,NeutronStar,466700.00000159483,0,0,1,1.5948368551714036E-06,317.8175939389006,0.0005577881061525005,0,0,0,0,0,0,0,0,0,0,0,34.9459,6:planet,726,79,488,159,0,0,14.21
156,5511,5512,109,0,506,641,0,2,8,0,0,0,0,0,5250,NeutronStar,466700.00000159483,0,0,1,1.5948368551714036E-06,317.81781140807146,0.000684611119575602,0,0,0,0,0,0,0,0,0,0,0,34.9459,6:planet,725,74,467,184,0,0,14.19
157,5511,5512,109,0,507,646,0,1,5,0,0,0,0,0,5250,NeutronStar,466700.00000159483,0,0,1,1.5948368551714036E-06,317.8178411857589,0.000684611119575602,0,0,0,0,0,0,0,0,0,0,0,34.9459,6:planet,729,89,522,118,0,0,14.17
158,5509,5512,109,0,507,648,0,0,2,0,0,0,0,0,5250,NeutronStar,466700.00000159483,0,0,1,1.5948368551714036E-06,317.8178411857589,0.0006852052364340954,0,0,0,0,0,0,0,0,0,0,0,34.9459,6:planet,732,91,524,117,0,0,14.14
159,5512,5512,109,0,509,653,0,2,5,0,0,0,0,0,5250,NeutronStar,466700.00000159483,0,0,1,1.5948368551714036E-06,317.81796766266154,0.0006921143854230946,0,0,0,0,0,0,0,0,0,0,0,34.9459,6:planet,738,96,536,106,0,0,14.12
160,5511,5512,109,0,510,655,0,1,2,0,0,0,0,0,5250,NeutronStar,466700.00000159483,0,0,1,1.5948368551714036E-06,317.81798661490706,0.0006921143854230946,0,0,0,0,0,0,0,0,0,0,0,34.9459,6:planet,738,97,540,101,0,0,14.10
161,5511,5512,109,0,510,657,0,0,2,0,0,0,0,0,5250,NeutronStar,466700.00000159483,0,0,1,1.5948368551714036E-06,317.81798661490706,0.0006963325908441405,0,0,0,0,0,0,0,0,0,0,0,34.9459,6:planet,744,102,551,91,0,0,14.07
162,5511,5512,109,0,510,657,0,0,0,0,0,0,0,0,5250,NeutronStar,466700.00000159483,0,0,1,1.5948368551714036E-06,317.81798661490706,0.0006963325908441405,0,0,0,0,0,0,0,0,0,0,0,34.9459,6:planet,743,112,525,106,0,0,14.04
163,5512,5512,109,0,511,659,0,1,2,0,0,0,0,0,5250,NeutronStar,466700.00000159483,0,0,1,1.5948368551714036E-06,317.8179904036042,0.0006963327537394881,0,0,0,0,0,0,0,0,0,0,0,34.9459,6:planet,747,113,542,92,0,0,14.02
164,5510,5512,109,0,511,661,0,0,2,0,0,0,0,0,5250,NeutronStar,466700.00000159483,0,0,1,1.5948368551714036E-06,317.8179904036042,0.0008169520441129967,0,0,0,0,0,0,0,0,0,0,0,34.9459,6:planet,747,114,481,152,0,0,13.99
165,5510,5512,109,0,512,662,0,1,1,0,0,0,0,0,5250,NeutronStar,466700.00000159483,0,0,1,1.5948368551714036E-06,317.81803535043196,0.0008213349143952805,0,0,0,0,0,0,0,0,0,0,0,34.9459,6:planet,747,113,478,156,0,0,13.96
166,5506,5512,114,0,513,662,0,1,0,0,0,0,0,0,5250,NeutronStar,466700.00000159483,0,0,1,1.5948368551714036E-06,317.8180363604668,0.0008213349143952805,0,0,0,0,0,0,0,0,0,0,0,34.9459,6:planet,750,119,470,161,0,0,13.94
167,5501,5512,116,0,513,665,0,0,3,0,0,0,0,0,5250,NeutronStar,466700.00000159483,0,0,1,1.5948368551714036E-06,317.8180363604668,0.0008446151694036986,0,0,0,0,0,0,0,0,0,0,0,34.9459,6:planet,749,116,468,165,0,0,13.91
168,5501,5512,116,0,513,665,0,0,0,0,0,0,0,0,5250,NeutronStar,466700.00000159483,0,0,1,1.5948368551714036E-06,317.8180363604668,0.0008446151694036986,0,0,0,0,0,0,0,0,0,0,0,34.9459,6:planet,748,114,535,99,0,0,13.89
169,5501,5512,116,0,513,665,0,0,0,0,0,0,0,0,5250,NeutronStar,466700.00000159483,0,0,1,1.5948368551714036E-06,317.8180363604668,0.0008446151694036986,0,0,0,0,0,0,0,0,0,0,0,34.9459,6:planet,751,118,507,126,0,0,13.86
170,5501,5512,116,0,513,665,0,0,0,0,0,0,0,0,5250,NeutronStar,466700.00000159483,0,0,1,1.5948368551714036E-06,317.8180363604668,0.0008446151694036986,0,0,0,0,0,0,0,0,0,0,0,34.9459,6:planet,754,120,525,109,0,0,13.83
171,5492,5512,123,0,513,667,0,0,2,0,0,0,0,0,5250,NeutronStar,466700.00000159483,0,0,1,1.5948368551714036E-06,317.8180363604668,0.0008666765338089519,0,0,0,0,0,0,0,0,0,0,0,34.9459,6:planet,752,119,543,90,0,0,13.81
172,5509,5512,123,0,514,669,0,1,2,0,0,0,0,0,5250,NeutronStar,466700.00000159483,0,0,1,1.5948368551714036E-06,317.8181596222604,0.000953493309130083,0,0,0,0,0,0,0,0,0,0,0,34.9459,6:planet,772,118,513,141,0,0,13.78
173,5506,5512,123,0,514,672,0,0,3,0,0,0,0,0,5250,NeutronStar,466700.00000159483,0,0,1,1.5948368551714036E-06,317.8181596222604,0.0010158526274177552,0,0,0,0,0,0,0,0,0,0,0,34.9459,6:planet,771,117,527,127,0,0,13.76
174,5506,5512,123,0,514,672,0,0,0,0,0,0,0,0,5250,NeutronStar,466700.00000159483,0,0,1,1.5948368551714036E-06,317.8181596222604,0.0010158526274177552,0,0,0,0,0,0,0,0,0,0,0,34.9459,6:planet,765,110,551,104,0,0,13.73
175,5506,5512,127,0,515,673,0,1,1,0,0,0,0,0,5250,NeutronStar,466700.00000159483,0,0,1,1.5948368551714036E-06,317.81818550243753,0.0010158526482513463,0,0,0,0,0,0,0,0,0,0,0,34.9459,6:planet,771,111,496,164,0,0,13.71
176,5511,5512,127,0,516,673,0,1,0,0,0,0,0,0,5250,NeutronStar,466700.00000159483,0,0,1,1.5948368551714036E-06,317.8181955295625,0.0010158526482513463,0,0,0,0,0,0,0,0,0,0,0,34.9459,6:planet,779,116,493,170,0,0,13.68
177,5511,5512,127,0,516,673,0,0,0,0,0,0,0,0,5250,NeutronStar,466700.00000159483,0,0,1,1.5948368551714036E-06,317.8181955295625,0.0010158526482513463,0,0,0,0,0,0,0,0,0,0,0,34.9459,6:planet,782,118,496,168,0,0,13.66
178,5506,5512,140,0,517,676,0,1,3,0,0,0,0,0,5250,NeutronStar,466700.00000159483,0,0,1,1.5948368551714036E-06,317.8181955295625,1.0133686412371152,0,0,0,0,0,0,0,0,0,0,0,34.9459,6:planet,786,110,502,174,0,0,13.63
179,5512,5512,141,0,518,676,0,1,0,0,0,0,0,0,5250,NeutronStar,466700.00000159483,0,0,1,1.5948368551714036E-06,317.8181955295625,1.0133686412371152,0,0,0,0,0,0,0,0,0,0,0,34.9459,6:planet,793,110,557,126,0,0,13.61
180,5511,5512,142,0,518,678,0,0,2,0,0,0,0,0,5250,NeutronStar,466700.00000159483,0,0,1,1.5948368551714036E-06,317.8181955295625,1.0134954686294564,0,0,0,0,0,0,0,0,0,0,0,34.9459,6:planet,793,112,567,114,0,0,13.58
181,5511,5512,146,0,519,679,0,1,1,0,0,0,0,0,5250,NeutronStar,466700.00000159483,0,0,1,1.5948368551714036E-06,317.81821657941146,1.0135097219637492,0,0,0,0,0,0,0,0,0,0,0,34.9459,6:planet,792,108,546,138,0,0,13.55
182,5510,5512,146,0,519,680,0,0,1,0,0,0,0,0,5250,NeutronStar,466700.00000159483,0,0,1,1.5948368551714036E-06,317.81821657941146,1.0135903523606615,0,0,0,0,0,0,0,0,0,0,0,34.9459,6:planet,792,108,533,151,0,0,13.52
183,5506,5512,148,0,519,682,0,0,2,0,0,0,0,0,5250,NeutronStar,466700.00000159483,0,0,1,1.5948368551714036E-06,317.81821657941146,1.0137628508037,0,0,0,0,0,0,0,0,0,0,0,34.9459,6:planet,788,104,543,141,0,0,13.49
184,5512,5512,148,0,519,684,0,0,2,0,0,0,0,0,5250,NeutronStar,466700.00000159483,0,0,1,1.5948368551714036E-06,317.81821657941146,1.0138343312743625,0,0,0,0,0,0,0,0,0,0,0,34.9459,6:planet,798,108,512,178,0,0,13.46
185,5511,5512,149,0,519,684,0,0,0,0,0,0,0,0,5250,NeutronStar,466700.00000159483,0,0,1,1.5948368551714036E-06,317.81821657941146,1.0138343312743625,0,0,0,0,0,0,0,0,0,0,0,34.9459,6:planet,800,108,530,162,0,0,13.44
186,5508,5512,151,0,519,685,0,0,1,0,0,0,0,0,5250,NeutronStar,466700.00000159483,0,0,1,1.5948368551714036E-06,317.81821657941146,1.0691343312743624,0,0,0,0,0,0,0,0,0,0,0,34.9459,6:planet,800,106,497,197,0,0,13.41
187,5506,5512,152,0,519,686,0,0,1,0,0,0,0,0,5250,NeutronStar,466700.00000159483,0,0,1,1.5948368551714036E-06,317.81821657941146,1.069160038892808,0,0,0,0,0,0,0,0,0,0,0,34.9459,6:planet,800,104,494,202,0,0,13.38
188,5503,5512,154,0,519,687,0,0,1,0,0,0,0,0,5250,NeutronStar,466700.00000159483,0,0,1,1.5948368551714036E-06,317.81821657941146,1.0691600389136415,0,0,0,0,0,0,0,0,0,0,0,34.9459,6:planet,803,108,510,185,0,0,13.35
189,5512,5512,156,0,519,688,0,0,1,0,0,0,0,0,5250,NeutronStar,466700.00000159483,0,0,1,1.5948368551714036E-06,317.81821657941146,1.0691600389136415,0,0,0,0,0,0,0,0,0,0,0,34.9459,6:planet,815,105,528,182,0,0,13.32
190,5511,5512,157,0,519,688,0,0,0,0,0,0,0,0,5250,NeutronStar,466700.00000159483,0,0,1,1.5948368551714036E-06,317.81821657941146,1.0691600389136415,0,0,0,0,0,0,0,0,0,0,0,34.9459,6:planet,818,104,596,118,0,0,13.29
191,5509,5512,159,0,519,688,0,0,0,0,0,0,0,0,5250,NeutronStar,466700.00000159483,0,0,1,1.5948368551714036E-06,317.81821657941146,1.0691600389136415,0,0,0,0,0,0,0,0,0,0,0,34.9459,6:planet,821,106,616,99,0,0,13.26
192,5508,5512,160,0,519,688,0,0,0,0,0,0,0,0,5250,NeutronStar,466700.00000159483,0,0,1,1.5948368551714036E-06,317.81821657941146,1.0691600389136415,0,0,0,0,0,0,0,0,0,0,0,34.9459,6:planet,821,106,615,100,0,0,13.23
193,5504,5512,164,0,519,688,0,0,0,0,0,0,0,0,5250,NeutronStar,466700.00000159483,0,0,1,1.5948368551714036E-06,317.81821657941146,1.0691600389136415,0,0,0,0,0,0,0,0,0,0,0,34.9459,6:planet,820,106,610,104,0,0,13.20
194,5503,5512,165,0,519,688,0,0,0,0,0,0,0,0,5250,NeutronStar,466700.00000159483,0,0,1,1.5948368551714036E-06,317.81821657941146,1.0691600389136415,0,0,0,0,0,0,0,0,0,0,0,34.9459,6:planet,825,109,607,109,0,0,13.17
195,5511,5512,166,0,519,689,0,0,1,0,0,0,0,0,5250,NeutronStar,466700.00000159483,0,0,1,1.5948368551714036E-06,317.81821657941146,1.0691600389136415,0,0,0,0,0,0,0,0,0,0,0,34.9459,6:planet,840,111,597,132,0,0,13.14
196,5511,5512,166,0,519,689,0,0,0,0,0,0,0,0,5250,NeutronStar,466700.00000159483,0,0,1,1.5948368551714036E-06,317.81821657941146,1.0691600389136415,0,0,0,0,0,0,0,0,0,0,0,34.9459,6:planet,839,107,648,84,0,0,13.11
197,5510,5512,166,0,519,690,0,0,1,0,0,0,0,0,5250,NeutronStar,466700.00000159483,0,0,1,1.5948368551714036E-06,317.81821657941146,1.069160039076537,0,0,0,0,0,0,0,0,0,0,0,34.9459,6:planet,841,107,624,110,0,0,13.08
198,5503,5512,173,0,519,690,0,0,0,0,0,0,0,0,5250,NeutronStar,466700.00000159483,0,0,1,1.5948368551714036E-06,317.81821657941146,1.069160039076537,0,0,0,0,0,0,0,0,0,0,0,34.9459,6:planet,834,105,622,107,0,0,13.05
199,5486,5512,190,0,519,690,0,0,0,0,0,0,0,0,5250,NeutronStar,466700.00000159483,0,0,1,1.5948368551714036E-06,317.81821657941146,1.069160039076537,0,0,0,0,0,0,0,0,0,0,0,34.9459,6:planet,822,105,637,80,0,0,13.02
200,5385,5512,291,0,519,690,0,0,0,0,0,0,0,0,5250,NeutronStar,466700.00000159483,0,0,1,1.5948368551714036E-06,317.81821657941146,1.069160039076537,0,0,0,0,0,0,0,0,0,0,0,34.9459,6:planet,723,115,592,16,0,0,13.07
201,5512,5512,446,0,525,700,0,6,10,0,0,0,0,0,5250,BlackHole,800033.3344567805,1,155,1,333333.33445678046,317.8182209539043,1.0691602832010878,0,0,0,0,0,0,0,0,0,0,0,41.8234,6:planet,889,211,585,66,27,0,13.05
202,5506,5512,452,0,536,705,0,11,5,0,0,0,0,0,5250,BlackHole,800033.3344567805,1,155,1,333333.33445678046,317.8182674940482,1.0691602832010878,0,0,0,0,0,0,0,0,0,0,0,41.8234,6:planet,882,246,542,66,28,0,13.03
203,5512,5512,452,0,537,720,0,1,15,0,0,0,0,0,5250,BlackHole,800033.3344567805,1,155,1,333333.33445678046,317.81827919338605,1.0691607373220526,0,0,0,0,0,0,0,0,0,0,0,41.8234,6:planet,827,246,474,66,41,0,13.00
204,5512,5512,452,0,548,725,0,11,5,0,0,0,0,0,5250,BlackHole,800033.3344567805,1,155,1,333333.33445678046,317.8183658005815,1.0691607373220526,0,0,0,0,0,0,0,0,0,0,0,41.8234,6:planet,823,257,524,2,40,0,12.96
205,5512,5512,452,0,557,732,0,9,7,0,0,0,0,0,5250,BlackHole,800033.3344567805,1,155,1,333333.33445678046,317.8183888602346,1.0691608911717019,0,0,0,0,0,0,0,0,0,0,0,41.8234,6:planet,828,258,538,2,30,0,12.93
206,5512,5512,452,0,566,739,0,9,7,0,0,0,0,0,5250,BlackHole,800033.3344567805,1,155,1,333333.33445678046,317.8183964481608,1.069161088925766,0,0,0,0,0,0,0,0,0,0,0,41.8234,6:planet,822,253,551,2,16,0,12.90
207,5512,5512,452,0,575,746,0,9,7,0,0,0,0,0,5250,BlackHole,800033.3344567805,1,155,1,333333.33445678046,317.81842090752536,1.069161088925766,0,0,0,0,0,0,0,0,0,0,0,41.8234,6:planet,818,243,571,4,0,0,12.87
208,5511,5512,452,0,577,755,0,2,9,0,0,0,0,0,5250,BlackHole,800033.3344567805,1,155,1,333333.33445678046,317.818527524949,1.0691610890572296,0,0,0,0,0,0,0,0,0,0,0,41.8234,6:planet,808,231,573,4,0,0,12.85
209,5511,5512,452,0,579,761,0,2,6,0,0,0,0,0,5250,BlackHole,800033.3344567805,1,155,1,333333.33445678046,317.8185275301322,1.0691610890572296,0,0,0,0,0,0,0,0,0,0,0,41.8234,6:planet,811,229,576,6,0,0,12.82
210,5512,5512,452,0,590,763,0,11,2,0,0,0,0,0,5250,BlackHole,800033.3344567805,1,155,1,333333.33445678046,317.81855480545994,1.0691610890810128,0,0,0,0,0,0,0,0,0,0,0,41.8234,6:planet,806,222,576,8,0,0,12.80
211,5512,5512,452,0,596,767,0,6,4,0,0,0,0,0,5250,BlackHole,800033.3344567805,1,155,1,333333.33445678046,317.81855624776773,1.0691610890810128,0,0,0,0,0,0,0,0,0,0,0,41.8234,6:planet,808,220,576,12,0,0,12.77
212,5512,5512,452,0,597,770,0,1,3,0,0,0,0,0,5250,BlackHole,800033.3344567805,1,155,1,333333.33445678046,317.8185562852282,1.0691610890810128,0,0,0,0,0,0,0,0,0,0,0,41.8234,6:planet,803,213,584,6,0,0,12.75
213,5511,5512,452,0,598,770,0,1,0,0,0,0,0,0,5250,BlackHole,800033.3344567805,1,155,1,333333.33445678046,317.8186423441474,1.0691610890810128,0,0,0,0,0,0,0,0,0,0,0,41.8234,6:planet,799,209,518,72,0,0,12.72
214,5512,5512,452,0,599,770,0,1,0,0,0,0,0,0,5250,BlackHole,800033.3344567805,1,155,1,333333.33445678046,317.81864240599356,1.0691610890810128,0,0,0,0,0,0,0,0,0,0,0,41.8234,6:planet,799,203,522,74,0,0,12.69
215,5511,5512,452,0,599,773,0,0,3,0,0,0,0,0,5250,BlackHole,800033.3344567805,1,155,1,333333.33445678046,317.81869755556426,1.0691610890810128,0,0,0,0,0,0,0,0,0,0,0,41.8234,6:planet,798,196,530,72,0,0,12.67
216,5511,5512,452,0,599,773,0,0,0,0,0,0,0,0,5250,BlackHole,800033.3344567805,1,155,1,333333.33445678046,317.81869755556426,1.0691610890810128,0,0,0,0,0,0,0,0,0,0,0,41.8234,6:planet,792,187,533,72,0,0,12.64
217,5511,5512,452,0,599,773,0,0,0,0,0,0,0,0,5250,BlackHole,800033.3344567805,1,155,1,333333.33445678046,317.81869755556426,1.0691610890810128,0,0,0,0,0,0,0,0,0,0,0,41.8234,6:planet,788,181,533,74,0,0,12.62
218,5511,5512,452,0,599,773,0,0,0,0,0,0,0,0,5250,BlackHole,800033.3344567805,1,155,1,333333.33445678046,317.81869755556426,1.0691610890810128,0,0,0,0,0,0,0,0,0,0,0,41.8234,6:planet,791,178,543,70,0,0,12.60
219,5512,5512,452,0,600,775,0,1,2,0,0,0,0,0,5250,BlackHole,800033.3344567805,1,155,1,333333.33445678046,317.81872860955576,1.0691610890810128,0,0,0,0,0,0,0,0,0,0,0,41.8234,6:planet,791,170,609,12,0,0,12.58
220,5511,5512,452,0,600,780,0,0,5,0,0,0,0,0,5250,BlackHole,800033.3344567805,1,155,1,333333.33445678046,317.81876613652264,1.0691610890810128,0,0,0,0,0,0,0,0,0,0,0,41.8234,6:planet,777,156,617,4,0,0,12.56
221,5511,5512,452,0,600,782,0,0,2,0,0,0,0,0,5250,BlackHole,800033.3344567805,1,155,1,333333.33445678046,317.81877927608764,1.0691610890810128,0,0,0,0,0,0,0,0,0,0,0,41.8234,6:planet,777,84,689,4,0,0,12.53
222,5512,5512,452,0,600,783,0,0,1,0,0,0,0,0,5250,BlackHole,800033.3344567805,1,155,1,333333.33445678046,317.8187795800896,1.0691610890810128,0,0,0,0,0,0,0,0,0,0,0,41.8234,6:planet,758,62,672,24,0,0,12.51
223,5512,5512,452,0,600,783,0,0,0,0,0,0,0,0,5250,BlackHole,800033.3344567805,1,155,1,333333.33445678046,317.8187795800896,1.0691610890810128,0,0,0,0,0,0,0,0,0,0,0,41.8234,6:planet,751,51,694,6,0,0,12.48
224,5512,5512,452,0,600,785,0,0,2,0,0,0,0,0,5250,BlackHole,800033.3344567805,1,155,1,333333.33445678046,317.818786445217,1.0691610890810128,0,0,0,0,0,0,0,0,0,0,0,41.8234,6:planet,748,47,693,8,0,0,12.46
225,5512,5512,452,0,600,789,0,0,4,0,0,0,0,0,5250,BlackHole,800033.3344567805,1,155,1,333333.33445678046,317.8188407282894,1.0691610890810128,0,0,0,0,0,0,0,0,0,0,0,41.8234,6:planet,741,38,695,8,0,0,12.44
226,5512,5512,452,0,600,791,0,0,2,0,0,0,0,0,5250,BlackHole,800033.3344567805,1,155,1,333333.33445678046,317.81884826234494,1.0691610890810128,0,0,0,0,0,0,0,0,0,0,0,41.8234,6:planet,738,33,693,12,0,0,12.42
227,5511,5512,452,0,601,791,0,1,0,0,0,0,0,0,5250,BlackHole,800033.3344567805,1,155,1,333333.33445678046,317.8188483431811,1.0691610890810128,0,0,0,0,0,0,0,0,0,0,0,41.8234,6:planet,733,26,695,12,0,0,12.39
228,5512,5512,452,0,601,794,0,0,3,0,0,0,0,0,5250,BlackHole,800033.3344567805,1,155,1,333333.33445678046,317.8188592089683,1.0691610890810128,0,0,0,0,0,0,0,0,0,0,0,41.8234,6:planet,734,21,625,88,0,0,12.37
229,5511,5512,452,0,601,797,0,0,3,0,0,0,0,0,5250,BlackHole,800033.3344567805,1,155,1,333333.33445678046,317.8189843507205,1.0691610890810128,0,0,0,0,0,0,0,0,0,0,0,41.8234,6:planet,729,18,637,74,0,0,12.35
230,5509,5512,452,0,601,801,0,0,4,0,0,0,0,0,5250,BlackHole,800033.3344567805,1,155,1,333333.33445678046,317.8189843507721,1.0691610891011765,0,0,0,0,0,0,0,0,0,0,0,41.8234,6:planet,663,17,576,70,0,0,12.33
231,5509,5512,452,0,601,801,0,0,0,0,0,0,0,0,5250,BlackHole,800033.3344567805,1,155,1,333333.33445678046,317.8189843507721,1.0691610891011765,0,0,0,0,0,0,0,0,0,0,0,41.8234,6:planet,656,15,571,70,0,0,12.30
232,5511,5512,452,0,603,801,0,2,0,0,0,0,0,0,5250,BlackHole,800033.3344567805,1,155,1,333333.33445678046,317.81898441507644,1.0691610891011765,0,0,0,0,0,0,0,0,0,0,0,41.8234,6:planet,653,13,564,76,0,0,12.28
233,5510,5512,453,0,603,801,0,0,0,0,0,0,0,0,5250,BlackHole,800033.3344567805,1,155,1,333333.33445678046,317.81898441507644,1.0691610891011765,0,0,0,0,0,0,0,0,0,0,0,41.8234,6:planet,646,13,553,80,0,0,12.26
234,5510,5512,453,0,603,801,0,0,0,0,0,0,0,0,5250,BlackHole,800033.3344567805,1,155,1,333333.33445678046,317.81898441507644,1.0691610891011765,0,0,0,0,0,0,0,0,0,0,0,41.8234,6:planet,643,10,617,16,0,0,12.24
235,5512,5512,453,0,603,803,0,0,2,0,0,0,0,0,5250,BlackHole,800033.3344567805,1,155,1,333333.33445678046,317.81898698771715,1.0691610891011765,0,0,0,0,0,0,0,0,0,0,0,41.8234,6:planet,644,7,625,12,0,0,12.22
236,5512,5512,453,0,603,803,0,0,0,0,0,0,0,0,5250,BlackHole,800033.3344567805,1,155,1,333333.33445678046,317.81898698771715,1.0691610891011765,0,0,0,0,0,0,0,0,0,0,0,41.8234,6:planet,642,6,626,10,0,0,12.19
237,5512,5512,453,0,603,807,0,0,4,0,0,0,0,0,5250,BlackHole,800033.3344567805,1,155,1,333333.33445678046,317.8191436103031,1.0691610891011765,0,0,0,0,0,0,0,0,0,0,0,41.8234,6:planet,642,4,626,12,0,0,12.17
238,5512,5512,453,0,603,807,0,0,0,0,0,0,0,0,5250,BlackHole,800033.3344567805,1,155,1,333333.33445678046,317.8191436103031,1.0691610891011765,0,0,0,0,0,0,0,0,0,0,0,41.8234,6:planet,641,2,591,48,0,0,12.15
239,5511,5512,453,0,603,808,0,0,1,0,0,0,0,0,5250,BlackHole,800033.3344567805,1,155,1,333333.33445678046,317.8191439390838,1.0691610891011765,0,0,0,0,0,0,0,0,0,0,0,41.8234,6:planet,639,1,620,18,0,0,12.13
240,5511,5512,453,0,605,808,0,2,0,0,0,0,0,0,5250,BlackHole,800033.3344567805,1,155,1,333333.33445678046,317.81914394035755,1.0691610891011765,0,0,0,0,0,0,0,0,0,0,0,41.8234,6:planet,636,1,615,20,0,0,12.11
241,5510,5512,453,0,606,812,0,1,4,0,0,0,0,0,5250,BlackHole,800033.3344567805,1,155,1,333333.33445678046,317.81916507413945,1.0691610891497931,0,0,0,0,0,0,0,0,0,0,0,41.8234,6:planet,635,0,609,26,0,0,12.09
242,5511,5512,453,0,606,813,0,0,1,0,0,0,0,0,5250,BlackHole,800033.3344567805,1,155,1,333333.33445678046,317.81916507413945,1.0691610891497931,0,0,0,0,0,0,0,0,0,0,0,41.8234,6:planet,639,0,567,72,0,0,12.07
243,5511,5512,453,0,606,813,0,0,0,0,0,0,0,0,5250,BlackHole,800033.3344567805,1,155,1,333333.33445678046,317.81916507413945,1.0691610891497931,0,0,0,0,0,0,0,0,0,0,0,41.8234,6:planet,647,0,573,74,0,0,12.05
244,5511,5512,453,0,606,813,0,0,0,0,0,0,0,0,5250,BlackHole,800033.3344567805,1,155,1,333333.33445678046,317.81916507413945,1.0691610891497931,0,0,0,0,0,0,0,0,0,0,0,41.8234,6:planet,646,0,572,74,0,0,12.03
245,5511,5512,453,0,606,813,0,0,0,0,0,0,0,0,5250,BlackHole,800033.3344567805,1,155,1,333333.33445678046,317.81916507413945,1.0691610891497931,0,0,0,0,0,0,0,0,0,0,0,41.8234,6:planet,643,0,563,80,0,0,12.01
246,5510,5512,454,0,606,813,0,0,0,0,0,0,0,0,5250,BlackHole,800033.3344567805,1,155,1,333333.33445678046,317.81916507413945,1.0691610891497931,0,0,0,0,0,0,0,0,0,0,0,41.8234,6:planet,644,0,566,78,0,0,11.99
247,5511,5512,454,0,606,816,0,0,3,0,0,0,0,0,5250,BlackHole,800033.3344567805,1,155,1,333333.33445678046,317.81916534234205,1.0691610891497931,0,0,0,0,0,0,0,0,0,0,0,41.8234,6:planet,641,0,547,94,0,0,11.97
248,5512,5512,454,0,606,819,0,0,3,0,0,0,0,0,5250,BlackHole,800033.3344567805,1,155,1,333333.33445678046,317.81916566415157,1.0691610891497931,0,0,0,0,0,0,0,0,0,0,0,41.8234,6:planet,640,0,562,78,0,0,11.95
249,5511,5512,454,0,606,820,0,0,1,0,0,0,0,0,5250,BlackHole,800033.3344567805,1,155,1,333333.33445678046,317.81927075047486,1.0691610891497931,0,0,0,0,0,0,0,0,0,0,0,41.8234,6:planet,641,0,631,10,0,0,11.93
250,5511,5512,454,0,606,820,0,0,0,0,0,0,0,0,5250,BlackHole,800033.3344567805,1,155,1,333333.33445678046,317.81927075047486,1.0691610891497931,0,0,0,0,0,0,0,0,0,0,0,41.8234,6:planet,638,0,626,12,0,0,11.96
251,5512,5512,454,0,607,820,0,1,0,0,0,0,0,0,5250,BlackHole,800033.3344567805,1,155,1,333333.33445678046,317.81929869317156,1.0691610891497931,0,0,0,0,0,0,0,0,0,0,0,41.8234,6:planet,642,0,628,14,0,0,11.94
252,5511,5512,454,0,607,821,0,0,1,0,0,0,0,0,5250,BlackHole,800033.3344567805,1,155,1,333333.33445678046,317.81933838604385,1.0691610891497931,0,0,0,0,0,0,0,0,0,0,0,41.8234,6:planet,640,0,612,28,0,0,11.93
253,5512,5512,454,0,607,822,0,0,1,0,0,0,0,0,5250,BlackHole,800033.3344567805,1,155,1,333333.33445678046,317.8193391039005,1.0691610891497931,0,0,0,0,0,0,0,0,0,0,0,41.8234,6:planet,645,0,631,14,0,0,11.91
254,5512,5512,454,0,607,824,0,0,2,0,0,0,0,0,5250,BlackHole,800033.3344567805,1,155,1,333333.33445678046,317.8193735850785,1.0691610891497931,0,0,0,0,0,0,0,0,0,0,0,41.8234,6:planet,646,0,628,18,0,0,11.89
255,5510,5512,454,0,607,828,0,0,4,0,0,0,0,0,5250,BlackHole,800033.3344567805,1,155,1,333333.33445678046,317.81939509453696,1.069161089167822,0,0,0,0,0,0,0,0,0,0,0,41.8234,6:planet,644,0,630,14,0,0,11.87
256,5510,5512,454,0,607,828,0,0,0,0,0,0,0,0,5250,BlackHole,800033.3344567805,1,155,1,333333.33445678046,317.81939509453696,1.069161089167822,0,0,0,0,0,0,0,0,0,0,0,41.8234,6:planet,644,0,634,10,0,0,11.85
257,5509,5512,454,0,607,829,0,0,1,0,0,0,0,0,5250,BlackHole,800033.3344567805,1,155,1,333333.33445678046,317.81939509453696,1.0691610891858512,0,0,0,0,0,0,0,0,0,0,0,41.8234,6:planet,646,0,570,76,0,0,11.83
258,5509,5512,454,0,607,829,0,0,0,0,0,0,0,0,5250,BlackHole,800033.3344567805,1,155,1,333333.33445678046,317.81939509453696,1.0691610891858512,0,0,0,0,0,0,0,0,0,0,0,41.8234,6:planet,649,0,573,76,0,0,11.81
259,5509,5512,454,0,607,829,0,0,0,0,0,0,0,0,5250,BlackHole,800033.3344567805,1,155,1,333333.33445678046,317.81939509453696,1.0691610891858512,0,0,0,0,0,0,0,0,0,0,0,41.8234,6:planet,651,0,571,80,0,0,11.79
260,5509,5512,454,0,607,829,0,0,0,0,0,0,0,0,5250,BlackHole,800033.3344567805,1,155,1,333333.33445678046,317.81939509453696,1.0691610891858512,0,0,0,0,0,0,0,0,0,0,0,41.8234,6:planet,652,0,562,90,0,0,11.78
261,5508,5512,454,0,607,830,0,0,1,0,0,0,0,0,5250,BlackHole,800033.3344567805,1,155,1,333333.33445678046,317.81939509453696,1.06916108920388,0,0,0,0,0,0,0,0,0,0,0,41.8234,6:planet,652,0,570,82,0,0,11.76
262,5508,5512,454,0,607,830,0,0,0,0,0,0,0,0,5250,BlackHole,800033.3344567805,1,155,1,333333.33445678046,317.81939509453696,1.06916108920388,0,0,0,0,0,0,0,0,0,0,0,41.8234,6:planet,649,0,571,78,0,0,11.74
263,5507,5512,454,0,607,831,0,0,1,0,0,0,0,0,5250,BlackHole,800033.3344567805,1,155,1,333333.33445678046,317.81939509453696,1.0691610892219092,0,0,0,0,0,0,0,0,0,0,0,41.8234,6:planet,651,0,571,80,0,0,11.72
264,5512,5512,454,0,607,832,0,0,1,0,0,0,0,0,5250,BlackHole,800033.3344567805,1,155,1,333333.33445678046,317.81939509453696,1.0691610892219092,0,0,0,0,0,0,0,0,0,0,0,41.8234,6:planet,654,0,640,14,0,0,11.71
265,5512,5512,454,0,607,832,0,0,0,0,0,0,0,0,5250,BlackHole,800033.3344567805,1,155,1,333333.33445678046,317.81939509453696,1.0691610892219092,0,0,0,0,0,0,0,0,0,0,0,41.8234,6:planet,651,0,633,18,0,0,11.69
266,5511,5512,454,0,607,833,0,0,1,0,0,0,0,0,5250,BlackHole,800033.3344567805,1,155,1,333333.33445678046,317.81939509453696,1.0691610909425064,0,0,0,0,0,0,0,0,0,0,0,41.8234,6:planet,651,0,623,28,0,0,11.67
267,5512,5512,454,0,607,836,0,0,3,0,0,0,0,0,5250,BlackHole,800033.3344567805,1,155,1,333333.33445678046,317.81943795511563,1.0691610909425064,0,0,0,0,0,0,0,0,0,0,0,41.8234,6:planet,652,0,638,14,0,0,11.65
268,5512,5512,454,0,607,836,0,0,0,0,0,0,0,0,5250,BlackHole,800033.3344567805,1,155,1,333333.33445678046,317.81943795511563,1.0691610909425064,0,0,0,0,0,0,0,0,0,0,0,41.8234,6:planet,652,0,636,16,0,0,11.64
269,5511,5512,454,0,607,837,0,0,1,0,0,0,0,0,5250,BlackHole,800033.3344567805,1,155,1,333333.33445678046,317.8194379568363,1.0691610909425064,0,0,0,0,0,0,0,0,0,0,0,41.8234,6:planet,649,0,631,18,0,0,11.62
270,5511,5512,454,0,608,838,0,1,1,0,0,0,0,0,5250,BlackHole,800033.3344567805,1,155,1,333333.33445678046,317.8194383586719,1.0691610909425064,0,0,0,0,0,0,0,0,0,0,0,41.8234,6:planet,647,0,633,14,0,0,11.60
271,5508,5512,454,0,612,845,0,4,7,0,0,0,0,0,5250,BlackHole,800033.3344567805,1,155,1,333333.33445678046,317.8194395225838,1.0691610910292768,0,0,0,0,0,0,0,0,0,0,0,41.8234,6:planet,642,0,632,10,0,0,11.59
272,5508,5512,454,0,612,845,0,0,0,0,0,0,0,0,5250,BlackHole,800033.3344567805,1,155,1,333333.33445678046,317.8194395225838,1.0691610910292768,0,0,0,0,0,0,0,0,0,0,0,41.8234,6:planet,639,0,563,76,0,0,11.57
273,5512,5512,454,0,612,847,0,0,2,0,0,0,0,0,5250,BlackHole,800033.3344567805,1,155,1,333333.33445678046,317.819440963934,1.0691610910292768,0,0,0,0,0,0,0,0,0,0,0,41.8234,6:planet,644,0,554,90,0,0,11.56
274,5512,5512,454,0,612,847,0,0,0,0,0,0,0,0,5250,BlackHole,800033.3344567805,1,155,1,333333.33445678046,317.819440963934,1.0691610910292768,0,0,0,0,0,0,0,0,0,0,0,41.8234,6:planet,646,0,568,78,0,0,11.54
275,5512,5512,454,0,612,849,0,0,2,0,0,0,0,0,5250,BlackHole,800033.3344567805,1,155,1,333333.33445678046,317.819459769544,1.0691610910292768,0,0,0,0,0,0,0,0,0,0,0,41.8234,6:planet,643,0,563,80,0,0,11.52
276,5512,5512,454,0,612,849,0,0,0,0,0,0,0,0,5250,BlackHole,800033.3344567805,1,155,1,333333.33445678046,317.819459769544,1.0691610910292768,0,0,0,0,0,0,0,0,0,0,0,41.8234,6:planet,641,0,553,88,0,0,11.51
277,5512,5512,454,0,614,851,0,2,2,0,0,0,0,0,5250,BlackHole,800033.3344567805,1,155,1,333333.33445678046,317.81945977137906,1.0691610910292768,0,0,0,0,0,0,0,0,0,0,0,41.8234,6:planet,641,0,561,80,0,0,11.49
278,5512,5512,454,0,614,857,0,0,6,0,0,0,0,0,5250,BlackHole,800033.3344567805,1,155,1,333333.33445678046,317.819488394044,1.0691610910292768,0,0,0,0,0,0,0,0,0,0,0,41.8234,6:planet,637,0,559,78,0,0,11.48
279,5512,5512,454,0,614,857,0,0,0,0,0,0,0,0,5250,BlackHole,800033.3344567805,1,155,1,333333.33445678046,317.819488394044,1.0691610910292768,0,0,0,0,0,0,0,0,0,0,0,41.8234,6:planet,637,0,607,30,0,0,11.46
280,5512,5512,454,0,614,857,0,0,0,0,0,0,0,0,5250,BlackHole,800033.3344567805,1,155,1,333333.33445678046,317.819488394044,1.0691610910292768,0,0,0,0,0,0,0,0,0,0,0,41.8234,6:planet,635,0,619,16,0,0,11.45
281,5512,5512,454,0,614,857,0,0,0,0,0,0,0,0,5250,BlackHole,800033.3344567805,1,155,1,333333.33445678046,317.819488394044,1.0691610910292768,0,0,0,0,0,0,0,0,0,0,0,41.8234,6:planet,636,0,592,44,0,0,11.43
282,5512,5512,454,0,614,863,0,0,6,0,0,0,0,0,5250,BlackHole,800033.3344567805,1,155,1,333333.33445678046,317.8195024332729,1.0691610910292768,0,0,0,0,0,0,0,0,0,0,0,41.8234,6:planet,642,0,624,18,0,0,11.42
283,5512,5512,454,0,614,863,0,0,0,0,0,0,0,0,5250,BlackHole,800033.3344567805,1,155,1,333333.33445678046,317.8195024332729,1.0691610910292768,0,0,0,0,0,0,0,0,0,0,0,41.8234,6:planet,643,0,627,16,0,0,11.40
284,5512,5512,454,0,614,863,0,0,0,0,0,0,0,0,5250,BlackHole,800033.3344567805,1,155,1,333333.33445678046,317.8195024332729,1.0691610910292768,0,0,0,0,0,0,0,0,0,0,0,41.8234,6:planet,644,0,632,12,0,0,11.39
285,5512,5512,454,0,614,863,0,0,0,0,0,0,0,0,5250,BlackHole,800033.3344567805,1,155,1,333333.33445678046,317.8195024332729,1.0691610910292768,0,0,0,0,0,0,0,0,0,0,0,41.8234,6:planet,642,0,618,24,0,0,11.37
286,5512,5512,454,0,614,863,0,0,0,0,0,0,0,0,5250,BlackHole,800033.3344567805,1,155,1,333333.33445678046,317.8195024332729,1.0691610910292768,0,0,0,0,0,0,0,0,0,0,0,41.8234,6:planet,639,0,627,12,0,0,11.36
287,5512,5512,454,0,614,863,0,0,0,0,0,0,0,0,5250,BlackHole,800033.3344567805,1,155,1,333333.33445678046,317.8195024332729,1.0691610910292768,0,0,0,0,0,0,0,0,0,0,0,41.8234,6:planet,637,0,553,84,0,0,11.34
288,5512,5512,454,0,614,863,0,0,0,0,0,0,0,0,5250,BlackHole,800033.3344567805,1,155,1,333333.33445678046,317.8195024332729,1.0691610910292768,0,0,0,0,0,0,0,0,0,0,0,41.8234,6:planet,640,0,562,78,0,0,11.33
289,5512,5512,454,0,614,863,0,0,0,0,0,0,0,0,5250,BlackHole,800033.3344567805,1,155,1,333333.33445678046,317.8195024332729,1.0691610910292768,0,0,0,0,0,0,0,0,0,0,0,41.8234,6:planet,638,0,558,80,0,0,11.31
290,5512,5512,454,0,614,863,0,0,0,0,0,0,0,0,5250,BlackHole,800033.3344567805,1,155,1,333333.33445678046,317.8195024332729,1.0691610910292768,0,0,0,0,0,0,0,0,0,0,0,41.8234,6:planet,641,0,557,84,0,0,11.30
291,5512,5512,454,0,614,863,0,0,0,0,0,0,0,0,5250,BlackHole,800033.3344567805,1,155,1,333333.33445678046,317.8195024332729,1.0691610910292768,0,0,0,0,0,0,0,0,0,0,0,41.8234,6:planet,640,0,564,76,0,0,11.29
292,5512,5512,454,0,614,863,0,0,0,0,0,0,0,0,5250,BlackHole,800033.3344567805,1,155,1,333333.33445678046,317.8195024332729,1.0691610910292768,0,0,0,0,0,0,0,0,0,0,0,41.8234,6:planet,640,0,548,92,0,0,11.27
293,5512,5512,454,0,614,863,0,0,0,0,0,0,0,0,5250,BlackHole,800033.3344567805,1,155,1,333333.33445678046,317.8195024332729,1.0691610910292768,0,0,0,0,0,0,0,0,0,0,0,41.8234,6:planet,639,0,557,82,0,0,11.26
294,5512,5512,454,0,614,869,0,0,6,0,0,0,0,0,5250,BlackHole,800033.3344567805,1,155,1,333333.33445678046,317.8195024349818,1.0691610910292768,0,0,0,0,0,0,0,0,0,0,0,41.8234,6:planet,637,0,621,16,0,0,11.25
295,5512,5512,454,0,614,869,0,0,0,0,0,0,0,0,5250,BlackHole,800033.3344567805,1,155,1,333333.33445678046,317.8195024349818,1.0691610910292768,0,0,0,0,0,0,0,0,0,0,0,41.8234,6:planet,637,0,625,12,0,0,11.23
296,5512,5512,454,0,614,869,0,0,0,0,0,0,0,0,5250,BlackHole,800033.3344567805,1,155,1,333333.33445678046,317.8195024349818,1.0691610910292768,0,0,0,0,0,0,0,0,0,0,0,41.8234,6:planet,637,0,623,14,0,0,11.22
297,5512,5512,454,0,614,869,0,0,0,0,0,0,0,0,5250,BlackHole,800033.3344567805,1,155,1,333333.33445678046,317.8195024349818,1.0691610910292768,0,0,0,0,0,0,0,0,0,0,0,41.8234,6:planet,635,0,619,16,0,0,11.20
298,5512,5512,454,0,614,869,0,0,0,0,0,0,0,0,5250,BlackHole,800033.3344567805,1,155,1,333333.33445678046,317.8195024349818,1.0691610910292768,0,0,0,0,0,0,0,0,0,0,0,41.8234,6:planet,632,0,602,30,0,0,11.19
299,5512,5512,454,0,614,869,0,0,0,0,0,0,0,0,5250,BlackHole,800033.3344567805,1,155,1,333333.33445678046,317.8195024349818,1.0691610910292768,0,0,0,0,0,0,0,0,0,0,0,41.8234,6:planet,632,0,606,26,0,0,11.18
300,5512,5512,454,0,614,869,0,0,0,0,0,0,0,0,5250,BlackHole,800033.3344567805,1,155,1,333333.33445678046,317.8195024349818,1.0691610910292768,0,0,0,0,0,0,0,0,0,0,0,41.8234,6:planet,634,0,612,22,0,0,11.21
350,5511,5512,454,0,614,878,0,0,0,0,0,0,0,0,5250,BlackHole,800033.3344567805,1,155,1,333333.33445678046,317.8195035504003,1.0691610910292768,0,0,0,0,0,0,0,0,0,0,0,41.8234,6:planet,552,0,474,78,0,0,10.38
400,5512,5512,454,0,614,881,0,0,0,0,0,0,0,0,5250,BlackHole,800033.3344567805,1,155,1,333333.33445678046,317.81950356811785,1.0691610910292768,0,0,0,0,0,0,0,0,0,0,0,41.8234,6:planet,487,0,465,22,0,0,9.77
450,5511,5512,456,0,614,882,0,0,0,0,0,0,0,0,5250,BlackHole,800033.3344567805,1,155,1,333333.33445678046,317.81950361660705,1.0691610910292768,0,0,0,0,0,0,0,0,0,0,0,41.8234,6:planet,497,0,485,12,0,0,9.27
500,5511,5512,457,0,614,887,0,0,0,0,0,0,0,0,5250,BlackHole,800033.3344567805,1,155,1,333333.33445678046,317.819505942011,1.0691610910292768,0,0,0,0,0,0,0,0,0,0,0,41.8234,6:planet,466,0,384,82,0,0,8.88
550,5511,5512,457,0,614,887,0,0,0,0,0,0,0,0,5250,BlackHole,800033.3344567805,1,155,1,333333.33445678046,317.819505942011,1.0691610910292768,0,0,0,0,0,0,0,0,0,0,0,41.8234,6:planet,457,0,439,18,0,0,8.56
600,5510,5512,458,0,614,887,0,0,0,0,0,0,0,0,5250,BlackHole,800033.3344567805,1,155,1,333333.33445678046,317.819505942011,1.0691610910292768,0,0,0,0,0,0,0,0,0,0,0,41.8234,6:planet,471,0,457,14,0,0,8.29
650,5512,5512,459,0,614,888,0,0,0,0,0,0,0,0,5250,BlackHole,800033.3344567805,1,155,1,333333.33445678046,317.819505942011,1.0691610910292768,0,0,0,0,0,0,0,0,0,0,0,41.8234,6:planet,480,0,394,86,0,0,8.06
700,5511,5512,459,0,614,889,0,0,0,0,0,0,0,0,5250,BlackHole,800033.3344567805,1,155,1,333333.33445678046,317.8195060341114,1.0691610910292768,0,0,0,0,0,0,0,0,0,0,0,41.8234,6:planet,463,0,449,14,0,0,7.87
750,5511,5512,460,0,614,894,0,0,0,0,0,0,0,0,5250,BlackHole,800033.3344567805,1,155,1,333333.33445678046,317.8195060910916,1.0691610910292768,0,0,0,0,0,0,0,0,0,0,0,41.8234,6:planet,455,0,439,16,0,0,7.71
800,5512,5512,460,0,614,897,0,0,0,0,0,0,0,0,5250,BlackHole,800033.3344567805,1,155,1,333333.33445678046,413.01927288593305,1.0691610910292768,0,0,0,0,0,0,0,0,0,0,0,36.5699,4569:kuiper_ice,556,0,466,90,0,0,7.56
850,5512,5512,460,0,614,897,0,0,0,0,0,0,0,0,5250,BlackHole,800033.3344567805,1,155,1,333333.33445678046,413.01927288593305,1.0691610910292768,0,0,0,0,0,0,0,0,0,0,0,36.5699,4569:kuiper_ice,455,0,433,22,0,0,7.41
900,5512,5512,460,0,614,897,0,0,0,0,0,0,0,0,5250,BlackHole,800033.3344567805,1,155,1,333333.33445678046,413.01927288593305,1.0691610910292768,0,0,0,0,0,0,0,0,0,0,0,36.5699,4569:kuiper_ice,467,0,457,10,0,0,7.27
950,5512,5512,460,0,614,897,0,0,0,0,0,0,0,0,5250,BlackHole,800033.3344567805,1,155,1,333333.33445678046,413.01927288593305,1.0691610910292768,0,0,0,0,0,0,0,0,0,0,0,36.5699,4569:kuiper_ice,448,0,366,82,0,0,7.14
1000,5512,5512,460,0,614,897,0,0,0,0,0,0,0,0,5250,BlackHole,800033.3344567805,1,155,1,333333.33445678046,413.01927288593305,1.0691610910292768,0,0,0,0,0,0,0,0,0,0,0,36.5699,4569:kuiper_ice,480,0,464,16,0,0,7.03
1050,5511,5512,461,0,614,897,0,0,0,0,0,0,0,0,5250,BlackHole,800033.3344567805,1,155,1,333333.33445678046,413.01927288593305,1.0691610910292768,0,0,0,0,0,0,0,0,0,0,0,36.5699,4569:kuiper_ice,461,0,447,14,0,0,6.93
1100,5512,5512,461,0,615,899,0,0,0,0,0,0,0,0,5250,BlackHole,800033.3344567805,1,155,1,333333.33445678046,413.0192729318783,1.0691610910292768,0,0,0,0,0,0,0,0,0,0,0,36.5699,4569:kuiper_ice,472,0,390,82,0,0,6.85
1150,5512,5512,461,0,615,899,0,0,0,0,0,0,0,0,5250,BlackHole,800033.3344567805,1,155,1,333333.33445678046,413.0192729318783,1.0691610910292768,0,0,0,0,0,0,0,0,0,0,0,36.5699,4569:kuiper_ice,476,0,460,16,0,0,6.76
1200,5512,5512,461,0,615,899,0,0,0,0,0,0,0,0,5250,BlackHole,800033.3344567805,1,155,1,333333.33445678046,413.0192729318783,1.0691610910292768,0,0,0,0,0,0,0,0,0,0,0,36.5699,4569:kuiper_ice,493,0,467,26,0,0,6.68
1250,5511,5512,461,0,615,900,0,0,0,0,0,0,0,0,5250,BlackHole,800033.3344567805,1,155,1,333333.33445678046,413.0192735624855,1.0691610910292768,0,0,0,0,0,0,0,0,0,0,0,36.5699,4569:kuiper_ice,467,0,391,76,0,0,6.61
1300,5510,5512,462,0,615,900,0,0,0,0,0,0,0,0,5250,BlackHole,800033.3344567805,1,155,1,333333.33445678046,413.0192735624855,1.0691610910292768,0,0,0,0,0,0,0,0,0,0,0,36.5699,4569:kuiper_ice,466,0,452,14,0,0,6.54
1350,5505,5512,467,0,615,900,0,0,0,0,0,0,0,0,5250,BlackHole,800033.3344567805,1,155,1,333333.33445678046,413.0192735624855,1.0691610910292768,0,0,0,0,0,0,0,0,0,0,0,36.5699,4569:kuiper_ice,455,0,439,16,0,0,6.48
1400,5504,5512,468,0,615,900,0,0,0,0,0,0,0,0,5250,BlackHole,800033.3344567805,1,155,1,333333.33445678046,413.0192735624855,1.0691610910292768,0,0,0,0,0,0,0,0,0,0,0,36.5699,4569:kuiper_ice,441,0,355,86,0,0,6.42
1450,5504,5512,468,0,615,900,0,0,0,0,0,0,0,0,5250,BlackHole,800033.3344567805,1,155,1,333333.33445678046,413.0192735624855,1.0691610910292768,0,0,0,0,0,0,0,0,0,0,0,36.5699,4569:kuiper_ice,450,0,436,14,0,0,6.37
1500,5504,5512,468,0,615,900,0,0,0,0,0,0,0,0,5250,BlackHole,800033.3344567805,1,155,1,333333.33445678046,413.0192735624855,1.0691610910292768,0,0,0,0,0,0,0,0,0,0,0,36.5699,4569:kuiper_ice,495,0,479,16,0,0,6.33
1550,5504,5512,468,0,615,900,0,0,0,0,0,0,0,0,5250,BlackHole,800033.3344567805,1,155,1,333333.33445678046,413.0192735624855,1.0691610910292768,0,0,0,0,0,0,0,0,0,0,0,36.5699,4569:kuiper_ice,467,0,345,122,0,0,6.28
1600,5504,5512,468,0,615,900,0,0,0,0,0,0,0,0,5250,BlackHole,800033.3344567805,1,155,1,333333.33445678046,413.0192735624855,1.0691610910292768,0,0,0,0,0,0,0,0,0,0,0,36.5699,4569:kuiper_ice,465,0,449,16,0,0,6.24
1650,5512,5512,468,0,615,902,0,0,2,0,0,0,0,0,5250,BlackHole,800033.3344567805,1,155,1,333333.33445678046,413.01927356253276,1.0691610910292768,0,0,0,0,0,0,0,0,0,0,0,36.5699,4569:kuiper_ice,465,10,375,80,0,0,6.19
1700,5510,5512,470,0,615,902,0,0,0,0,0,0,0,0,5250,BlackHole,800033.3344567805,1,155,1,333333.33445678046,413.01927356253276,1.0691610910292768,0,0,0,0,0,0,0,0,0,0,0,36.5699,4569:kuiper_ice,461,0,379,82,0,0,6.15
1750,5510,5512,470,0,615,902,0,0,0,0,0,0,0,0,5250,BlackHole,800033.3344567805,1,155,1,333333.33445678046,413.01927356253276,1.0691610910292768,0,0,0,0,0,0,0,0,0,0,0,36.5699,4569:kuiper_ice,478,0,432,46,0,0,6.12
1800,5510,5512,470,0,615,902,0,0,0,0,0,0,0,0,5250,BlackHole,800033.3344567805,1,155,1,333333.33445678046,413.01927356253276,1.0691610910292768,0,0,0,0,0,0,0,0,0,0,0,36.5699,4569:kuiper_ice,456,0,376,80,0,0,6.08
1850,5509,5512,470,0,615,903,0,0,0,0,0,0,0,0,5250,BlackHole,800033.3344567805,1,155,1,333333.33445678046,413.01938826027504,1.0691610910292768,0,0,0,0,0,0,0,0,0,0,0,36.5699,4569:kuiper_ice,433,0,353,80,0,0,6.05
1900,5508,5512,471,0,615,903,0,0,0,0,0,0,0,0,5250,BlackHole,800033.3344567805,1,155,1,333333.33445678046,413.01938826027504,1.0691610910292768,0,0,0,0,0,0,0,0,0,0,0,36.5699,4569:kuiper_ice,467,0,453,14,0,0,6.02
1950,5507,5512,471,0,615,904,0,0,0,0,0,0,0,0,5250,BlackHole,800033.3344567805,1,155,1,333333.33445678046,413.0194289310128,1.0691610910292768,0,0,0,0,0,0,0,0,0,0,0,36.5699,4569:kuiper_ice,460,0,370,90,0,0,5.99
2000,5506,5512,471,0,615,905,0,0,0,0,0,0,0,0,5250,BlackHole,800033.3344567805,1,155,1,333333.33445678046,413.01946720381596,1.0691610910292768,0,0,0,0,0,0,0,0,0,0,0,36.5699,4569:kuiper_ice,468,0,386,82,0,0,5.96
